[{"sha": "b11b95b1dfadf3d718f772e70a8093c31356311e", "node_id": "MDY6Q29tbWl0MTQyMTA0MDg0OmIxMWI5NWIxZGZhZGYzZDcxOGY3NzJlNzBhODA5M2MzMTM1NjMxMWU=", "commit": {"author": {"name": "aayla-secura", "email": "aayla.secura.1138@gmail.com", "date": "2019-03-03T21:32:40Z"}, "committer": {"name": "aayla-secura", "email": "aayla.secura.1138@gmail.com", "date": "2019-03-03T21:34:40Z"}, "message": "Minor README update", "tree": {"sha": "3e31d643b7642d8436a6b00cf1aa457bbfe2c08a", "url": "https://api.github.com/repos/aayla-secura/xxxpwn_smart/git/trees/3e31d643b7642d8436a6b00cf1aa457bbfe2c08a"}, "url": "https://api.github.com/repos/aayla-secura/xxxpwn_smart/git/commits/b11b95b1dfadf3d718f772e70a8093c31356311e", "comment_count": 0, "verification": {"verified": false, "reason": "unsigned", "signature": null, "payload": null}}, "url": "https://api.github.com/repos/aayla-secura/xxxpwn_smart/commits/b11b95b1dfadf3d718f772e70a8093c31356311e", "html_url": "https://github.com/aayla-secura/xxxpwn_smart/commit/b11b95b1dfadf3d718f772e70a8093c31356311e", "comments_url": "https://api.github.com/repos/aayla-secura/xxxpwn_smart/commits/b11b95b1dfadf3d718f772e70a8093c31356311e/comments", "author": {"login": "aayla-secura", "id": 9867046, "node_id": "MDQ6VXNlcjk4NjcwNDY=", "avatar_url": "https://avatars.githubusercontent.com/u/9867046?v=4", "gravatar_id": "", "url": "https://api.github.com/users/aayla-secura", "html_url": "https://github.com/aayla-secura", "followers_url": "https://api.github.com/users/aayla-secura/followers", "following_url": "https://api.github.com/users/aayla-secura/following{/other_user}", "gists_url": "https://api.github.com/users/aayla-secura/gists{/gist_id}", "starred_url": "https://api.github.com/users/aayla-secura/starred{/owner}{/repo}", "subscriptions_url": "https://api.github.com/users/aayla-secura/subscriptions", "organizations_url": "https://api.github.com/users/aayla-secura/orgs", "repos_url": "https://api.github.com/users/aayla-secura/repos", "events_url": "https://api.github.com/users/aayla-secura/events{/privacy}", "received_events_url": "https://api.github.com/users/aayla-secura/received_events", "type": "User", "site_admin": false}, "committer": {"login": "aayla-secura", "id": 9867046, "node_id": "MDQ6VXNlcjk4NjcwNDY=", "avatar_url": "https://avatars.githubusercontent.com/u/9867046?v=4", "gravatar_id": "", "url": "https://api.github.com/users/aayla-secura", "html_url": "https://github.com/aayla-secura", "followers_url": "https://api.github.com/users/aayla-secura/followers", "following_url": "https://api.github.com/users/aayla-secura/following{/other_user}", "gists_url": "https://api.github.com/users/aayla-secura/gists{/gist_id}", "starred_url": "https://api.github.com/users/aayla-secura/starred{/owner}{/repo}", "subscriptions_url": "https://api.github.com/users/aayla-secura/subscriptions", "organizations_url": "https://api.github.com/users/aayla-secura/orgs", "repos_url": "https://api.github.com/users/aayla-secura/repos", "events_url": "https://api.github.com/users/aayla-secura/events{/privacy}", "received_events_url": "https://api.github.com/users/aayla-secura/received_events", "type": "User", "site_admin": false}, "parents": [{"sha": "b03781010bb9d764ac45f3b68758d648d1c88b4c", "url": "https://api.github.com/repos/aayla-secura/xxxpwn_smart/commits/b03781010bb9d764ac45f3b68758d648d1c88b4c", "html_url": "https://github.com/aayla-secura/xxxpwn_smart/commit/b03781010bb9d764ac45f3b68758d648d1c88b4c"}]}, {"sha": "b03781010bb9d764ac45f3b68758d648d1c88b4c", "node_id": "MDY6Q29tbWl0MTQyMTA0MDg0OmIwMzc4MTAxMGJiOWQ3NjRhYzQ1ZjNiNjg3NThkNjQ4ZDFjODhiNGM=", "commit": {"author": {"name": "Alex Nikolova", "email": "anikolova@MacBook-Pro-2.local", "date": "2018-07-25T21:24:35Z"}, "committer": {"name": "Alex Nikolova", "email": "anikolova@MacBook-Pro-2.local", "date": "2018-07-25T21:24:35Z"}, "message": "Updated README", "tree": {"sha": "dbfe8577837e7a3e16cbb5485781f8b717760887", "url": "https://api.github.com/repos/aayla-secura/xxxpwn_smart/git/trees/dbfe8577837e7a3e16cbb5485781f8b717760887"}, "url": "https://api.github.com/repos/aayla-secura/xxxpwn_smart/git/commits/b03781010bb9d764ac45f3b68758d648d1c88b4c", "comment_count": 0, "verification": {"verified": false, "reason": "unsigned", "signature": null, "payload": null}}, "url": "https://api.github.com/repos/aayla-secura/xxxpwn_smart/commits/b03781010bb9d764ac45f3b68758d648d1c88b4c", "html_url": "https://github.com/aayla-secura/xxxpwn_smart/commit/b03781010bb9d764ac45f3b68758d648d1c88b4c", "comments_url": "https://api.github.com/repos/aayla-secura/xxxpwn_smart/commits/b03781010bb9d764ac45f3b68758d648d1c88b4c/comments", "author": null, "committer": null, "parents": [{"sha": "c690ff8513a3246f57eedfc0bb0fa2c58edf0789", "url": "https://api.github.com/repos/aayla-secura/xxxpwn_smart/commits/c690ff8513a3246f57eedfc0bb0fa2c58edf0789", "html_url": "https://github.com/aayla-secura/xxxpwn_smart/commit/c690ff8513a3246f57eedfc0bb0fa2c58edf0789"}]}, {"sha": "c690ff8513a3246f57eedfc0bb0fa2c58edf0789", "node_id": "MDY6Q29tbWl0MTQyMTA0MDg0OmM2OTBmZjg1MTNhMzI0NmY1N2VlZGZjMGJiMGZhMmM1OGVkZjA3ODk=", "commit": {"author": {"name": "Alex Nikolova", "email": "anikolova@MacBook-Pro-2.local", "date": "2018-07-25T04:25:40Z"}, "committer": {"name": "Alex Nikolova", "email": "anikolova@MacBook-Pro-2.local", "date": "2018-07-25T21:10:23Z"}, "message": "Added --numeric_nodes and --numeric_characters options", "tree": {"sha": "14c98d3ae91bb8511854379863c4760db20ac27f", "url": "https://api.github.com/repos/aayla-secura/xxxpwn_smart/git/trees/14c98d3ae91bb8511854379863c4760db20ac27f"}, "url": "https://api.github.com/repos/aayla-secura/xxxpwn_smart/git/commits/c690ff8513a3246f57eedfc0bb0fa2c58edf0789", "comment_count": 0, "verification": {"verified": false, "reason": "unsigned", "signature": null, "payload": null}}, "url": "https://api.github.com/repos/aayla-secura/xxxpwn_smart/commits/c690ff8513a3246f57eedfc0bb0fa2c58edf0789", "html_url": "https://github.com/aayla-secura/xxxpwn_smart/commit/c690ff8513a3246f57eedfc0bb0fa2c58edf0789", "comments_url": "https://api.github.com/repos/aayla-secura/xxxpwn_smart/commits/c690ff8513a3246f57eedfc0bb0fa2c58edf0789/comments", "author": null, "committer": null, "parents": [{"sha": "4855c6ac0f34a21118120792a6e5df1e27c4b24a", "url": "https://api.github.com/repos/aayla-secura/xxxpwn_smart/commits/4855c6ac0f34a21118120792a6e5df1e27c4b24a", "html_url": "https://github.com/aayla-secura/xxxpwn_smart/commit/4855c6ac0f34a21118120792a6e5df1e27c4b24a"}]}, {"sha": "4855c6ac0f34a21118120792a6e5df1e27c4b24a", "node_id": "MDY6Q29tbWl0MTQyMTA0MDg0OjQ4NTVjNmFjMGYzNGEyMTExODEyMDc5MmE2ZTVkZjFlMjdjNGIyNGE=", "commit": {"author": {"name": "Alex Nikolova", "email": "anikolova@MacBook-Pro-2.local", "date": "2018-07-25T03:16:46Z"}, "committer": {"name": "Alex Nikolova", "email": "anikolova@MacBook-Pro-2.local", "date": "2018-07-25T21:10:23Z"}, "message": "Added --common_characters option\n\nRest of the characters (i.e. those not in predicted set) are split into\ncommon and uncommon likelihood bands.", "tree": {"sha": "bdd29b9b0b52c2974d4c3da64284893352f4c881", "url": "https://api.github.com/repos/aayla-secura/xxxpwn_smart/git/trees/bdd29b9b0b52c2974d4c3da64284893352f4c881"}, "url": "https://api.github.com/repos/aayla-secura/xxxpwn_smart/git/commits/4855c6ac0f34a21118120792a6e5df1e27c4b24a", "comment_count": 0, "verification": {"verified": false, "reason": "unsigned", "signature": null, "payload": null}}, "url": "https://api.github.com/repos/aayla-secura/xxxpwn_smart/commits/4855c6ac0f34a21118120792a6e5df1e27c4b24a", "html_url": "https://github.com/aayla-secura/xxxpwn_smart/commit/4855c6ac0f34a21118120792a6e5df1e27c4b24a", "comments_url": "https://api.github.com/repos/aayla-secura/xxxpwn_smart/commits/4855c6ac0f34a21118120792a6e5df1e27c4b24a/comments", "author": null, "committer": null, "parents": [{"sha": "c6a5301ba1b0adf286dc0e08eb4c17f092c15769", "url": "https://api.github.com/repos/aayla-secura/xxxpwn_smart/commits/c6a5301ba1b0adf286dc0e08eb4c17f092c15769", "html_url": "https://github.com/aayla-secura/xxxpwn_smart/commit/c6a5301ba1b0adf286dc0e08eb4c17f092c15769"}]}, {"sha": "c6a5301ba1b0adf286dc0e08eb4c17f092c15769", "node_id": "MDY6Q29tbWl0MTQyMTA0MDg0OmM2YTUzMDFiYTFiMGFkZjI4NmRjMGUwOGViNGMxN2YwOTJjMTU3Njk=", "commit": {"author": {"name": "Alex Nikolova", "email": "anikolova@MacBook-Pro-2.local", "date": "2018-07-24T22:23:02Z"}, "committer": {"name": "Alex Nikolova", "email": "anikolova@MacBook-Pro-2.local", "date": "2018-07-25T21:10:17Z"}, "message": "Minor cleanup", "tree": {"sha": "4507c9d001f3131479151c2795ff123e27e1b398", "url": "https://api.github.com/repos/aayla-secura/xxxpwn_smart/git/trees/4507c9d001f3131479151c2795ff123e27e1b398"}, "url": "https://api.github.com/repos/aayla-secura/xxxpwn_smart/git/commits/c6a5301ba1b0adf286dc0e08eb4c17f092c15769", "comment_count": 0, "verification": {"verified": false, "reason": "unsigned", "signature": null, "payload": null}}, "url": "https://api.github.com/repos/aayla-secura/xxxpwn_smart/commits/c6a5301ba1b0adf286dc0e08eb4c17f092c15769", "html_url": "https://github.com/aayla-secura/xxxpwn_smart/commit/c6a5301ba1b0adf286dc0e08eb4c17f092c15769", "comments_url": "https://api.github.com/repos/aayla-secura/xxxpwn_smart/commits/c6a5301ba1b0adf286dc0e08eb4c17f092c15769/comments", "author": null, "committer": null, "parents": [{"sha": "3f592bc907e94d138e48bb58148b0cdf04c7e370", "url": "https://api.github.com/repos/aayla-secura/xxxpwn_smart/commits/3f592bc907e94d138e48bb58148b0cdf04c7e370", "html_url": "https://github.com/aayla-secura/xxxpwn_smart/commit/3f592bc907e94d138e48bb58148b0cdf04c7e370"}]}, {"sha": "3f592bc907e94d138e48bb58148b0cdf04c7e370", "node_id": "MDY6Q29tbWl0MTQyMTA0MDg0OjNmNTkyYmM5MDdlOTRkMTM4ZTQ4YmI1ODE0OGIwY2RmMDRjN2UzNzA=", "commit": {"author": {"name": "aayla-secura", "email": "aayla.secura.1138@gmail.com", "date": "2018-07-24T04:26:59Z"}, "committer": {"name": "Alex Nikolova", "email": "anikolova@MacBook-Pro-2.local", "date": "2018-07-24T04:44:00Z"}, "message": "Initial commit", "tree": {"sha": "8912a9d089d8b0e67a31d4d896b91c57d15dea16", "url": "https://api.github.com/repos/aayla-secura/xxxpwn_smart/git/trees/8912a9d089d8b0e67a31d4d896b91c57d15dea16"}, "url": "https://api.github.com/repos/aayla-secura/xxxpwn_smart/git/commits/3f592bc907e94d138e48bb58148b0cdf04c7e370", "comment_count": 0, "verification": {"verified": false, "reason": "unsigned", "signature": null, "payload": null}}, "url": "https://api.github.com/repos/aayla-secura/xxxpwn_smart/commits/3f592bc907e94d138e48bb58148b0cdf04c7e370", "html_url": "https://github.com/aayla-secura/xxxpwn_smart/commit/3f592bc907e94d138e48bb58148b0cdf04c7e370", "comments_url": "https://api.github.com/repos/aayla-secura/xxxpwn_smart/commits/3f592bc907e94d138e48bb58148b0cdf04c7e370/comments", "author": {"login": "aayla-secura", "id": 9867046, "node_id": "MDQ6VXNlcjk4NjcwNDY=", "avatar_url": "https://avatars.githubusercontent.com/u/9867046?v=4", "gravatar_id": "", "url": "https://api.github.com/users/aayla-secura", "html_url": "https://github.com/aayla-secura", "followers_url": "https://api.github.com/users/aayla-secura/followers", "following_url": "https://api.github.com/users/aayla-secura/following{/other_user}", "gists_url": "https://api.github.com/users/aayla-secura/gists{/gist_id}", "starred_url": "https://api.github.com/users/aayla-secura/starred{/owner}{/repo}", "subscriptions_url": "https://api.github.com/users/aayla-secura/subscriptions", "organizations_url": "https://api.github.com/users/aayla-secura/orgs", "repos_url": "https://api.github.com/users/aayla-secura/repos", "events_url": "https://api.github.com/users/aayla-secura/events{/privacy}", "received_events_url": "https://api.github.com/users/aayla-secura/received_events", "type": "User", "site_admin": false}, "committer": null, "parents": []}]