[{"sha": "7fd3a2cb1cf65a9af10b7ed2129701d4451493fe", "node_id": "MDY6Q29tbWl0NDYwMDg3MDI6N2ZkM2EyY2IxY2Y2NWE5YWYxMGI3ZWQyMTI5NzAxZDQ0NTE0OTNmZQ==", "commit": {"author": {"name": "Yu-Cheng Lin", "email": "androbugs.framework@gmail.com", "date": "2015-11-11T20:46:25Z"}, "committer": {"name": "Yu-Cheng Lin", "email": "androbugs.framework@gmail.com", "date": "2015-11-11T20:46:25Z"}, "message": "Initial commit", "tree": {"sha": "19eb1c1bf87fae9a000a526eea8ef6c781ea99a7", "url": "https://api.github.com/repos/AndroBugs/AndroBugs_Framework/git/trees/19eb1c1bf87fae9a000a526eea8ef6c781ea99a7"}, "url": "https://api.github.com/repos/AndroBugs/AndroBugs_Framework/git/commits/7fd3a2cb1cf65a9af10b7ed2129701d4451493fe", "comment_count": 0, "verification": {"verified": false, "reason": "unsigned", "signature": null, "payload": null}}, "url": "https://api.github.com/repos/AndroBugs/AndroBugs_Framework/commits/7fd3a2cb1cf65a9af10b7ed2129701d4451493fe", "html_url": "https://github.com/AndroBugs/AndroBugs_Framework/commit/7fd3a2cb1cf65a9af10b7ed2129701d4451493fe", "comments_url": "https://api.github.com/repos/AndroBugs/AndroBugs_Framework/commits/7fd3a2cb1cf65a9af10b7ed2129701d4451493fe/comments", "author": {"login": "AndroBugs", "id": 7159187, "node_id": "MDQ6VXNlcjcxNTkxODc=", "avatar_url": "https://avatars.githubusercontent.com/u/7159187?v=4", "gravatar_id": "", "url": "https://api.github.com/users/AndroBugs", "html_url": "https://github.com/AndroBugs", "followers_url": "https://api.github.com/users/AndroBugs/followers", "following_url": "https://api.github.com/users/AndroBugs/following{/other_user}", "gists_url": "https://api.github.com/users/AndroBugs/gists{/gist_id}", "starred_url": "https://api.github.com/users/AndroBugs/starred{/owner}{/repo}", "subscriptions_url": "https://api.github.com/users/AndroBugs/subscriptions", "organizations_url": "https://api.github.com/users/AndroBugs/orgs", "repos_url": "https://api.github.com/users/AndroBugs/repos", "events_url": "https://api.github.com/users/AndroBugs/events{/privacy}", "received_events_url": "https://api.github.com/users/AndroBugs/received_events", "type": "User", "site_admin": false}, "committer": {"login": "AndroBugs", "id": 7159187, "node_id": "MDQ6VXNlcjcxNTkxODc=", "avatar_url": "https://avatars.githubusercontent.com/u/7159187?v=4", "gravatar_id": "", "url": "https://api.github.com/users/AndroBugs", "html_url": "https://github.com/AndroBugs", "followers_url": "https://api.github.com/users/AndroBugs/followers", "following_url": "https://api.github.com/users/AndroBugs/following{/other_user}", "gists_url": "https://api.github.com/users/AndroBugs/gists{/gist_id}", "starred_url": "https://api.github.com/users/AndroBugs/starred{/owner}{/repo}", "subscriptions_url": "https://api.github.com/users/AndroBugs/subscriptions", "organizations_url": "https://api.github.com/users/AndroBugs/orgs", "repos_url": "https://api.github.com/users/AndroBugs/repos", "events_url": "https://api.github.com/users/AndroBugs/events{/privacy}", "received_events_url": "https://api.github.com/users/AndroBugs/received_events", "type": "User", "site_admin": false}, "parents": []}]