[{"sha": "0c5dea9ebd49386c24d030f3ea95c8cd29cd0623", "node_id": "C_kwDOEaktiNoAKDBjNWRlYTllYmQ0OTM4NmMyNGQwMzBmM2VhOTVjOGNkMjljZDA2MjM", "commit": {"author": {"name": "glatisant", "email": "26509147+g147@users.noreply.github.com", "date": "2022-09-23T21:19:38Z"}, "committer": {"name": "glatisant", "email": "26509147+g147@users.noreply.github.com", "date": "2022-09-23T21:19:38Z"}, "message": "Sat 24 Sep 02:49:38 IST 2022", "tree": {"sha": "318b7de4eda2454856939faae4513c9d273b0d16", "url": "https://api.github.com/repos/ARPSyndicate/favinizer/git/trees/318b7de4eda2454856939faae4513c9d273b0d16"}, "url": "https://api.github.com/repos/ARPSyndicate/favinizer/git/commits/0c5dea9ebd49386c24d030f3ea95c8cd29cd0623", "comment_count": 0, "verification": {"verified": false, "reason": "unsigned", "signature": null, "payload": null}}, "url": "https://api.github.com/repos/ARPSyndicate/favinizer/commits/0c5dea9ebd49386c24d030f3ea95c8cd29cd0623", "html_url": "https://github.com/ARPSyndicate/favinizer/commit/0c5dea9ebd49386c24d030f3ea95c8cd29cd0623", "comments_url": "https://api.github.com/repos/ARPSyndicate/favinizer/commits/0c5dea9ebd49386c24d030f3ea95c8cd29cd0623/comments", "author": {"login": "g147", "id": 26509147, "node_id": "MDQ6VXNlcjI2NTA5MTQ3", "avatar_url": "https://avatars.githubusercontent.com/u/26509147?v=4", "gravatar_id": "", "url": "https://api.github.com/users/g147", "html_url": "https://github.com/g147", "followers_url": "https://api.github.com/users/g147/followers", "following_url": "https://api.github.com/users/g147/following{/other_user}", "gists_url": "https://api.github.com/users/g147/gists{/gist_id}", "starred_url": "https://api.github.com/users/g147/starred{/owner}{/repo}", "subscriptions_url": "https://api.github.com/users/g147/subscriptions", "organizations_url": "https://api.github.com/users/g147/orgs", "repos_url": "https://api.github.com/users/g147/repos", "events_url": "https://api.github.com/users/g147/events{/privacy}", "received_events_url": "https://api.github.com/users/g147/received_events", "type": "User", "site_admin": false}, "committer": {"login": "g147", "id": 26509147, "node_id": "MDQ6VXNlcjI2NTA5MTQ3", "avatar_url": "https://avatars.githubusercontent.com/u/26509147?v=4", "gravatar_id": "", "url": "https://api.github.com/users/g147", "html_url": "https://github.com/g147", "followers_url": "https://api.github.com/users/g147/followers", "following_url": "https://api.github.com/users/g147/following{/other_user}", "gists_url": "https://api.github.com/users/g147/gists{/gist_id}", "starred_url": "https://api.github.com/users/g147/starred{/owner}{/repo}", "subscriptions_url": "https://api.github.com/users/g147/subscriptions", "organizations_url": "https://api.github.com/users/g147/orgs", "repos_url": "https://api.github.com/users/g147/repos", "events_url": "https://api.github.com/users/g147/events{/privacy}", "received_events_url": "https://api.github.com/users/g147/received_events", "type": "User", "site_admin": false}, "parents": [{"sha": "c294c27fd4cb35761e46b4e24bc6843d834990c6", "url": "https://api.github.com/repos/ARPSyndicate/favinizer/commits/c294c27fd4cb35761e46b4e24bc6843d834990c6", "html_url": "https://github.com/ARPSyndicate/favinizer/commit/c294c27fd4cb35761e46b4e24bc6843d834990c6"}]}, {"sha": "c294c27fd4cb35761e46b4e24bc6843d834990c6", "node_id": "C_kwDOEaktiNoAKGMyOTRjMjdmZDRjYjM1NzYxZTQ2YjRlMjRiYzY4NDNkODM0OTkwYzY", "commit": {"author": {"name": "glatisant", "email": "26509147+g147@users.noreply.github.com", "date": "2022-09-05T02:44:14Z"}, "committer": {"name": "glatisant", "email": "26509147+g147@users.noreply.github.com", "date": "2022-09-05T02:44:14Z"}, "message": "Mon  5 Sep 08:14:14 IST 2022", "tree": {"sha": "5c64a53a016ccfcd30a5ae8a955334e9788ca9b6", "url": "https://api.github.com/repos/ARPSyndicate/favinizer/git/trees/5c64a53a016ccfcd30a5ae8a955334e9788ca9b6"}, "url": "https://api.github.com/repos/ARPSyndicate/favinizer/git/commits/c294c27fd4cb35761e46b4e24bc6843d834990c6", "comment_count": 0, "verification": {"verified": false, "reason": "unsigned", "signature": null, "payload": null}}, "url": "https://api.github.com/repos/ARPSyndicate/favinizer/commits/c294c27fd4cb35761e46b4e24bc6843d834990c6", "html_url": "https://github.com/ARPSyndicate/favinizer/commit/c294c27fd4cb35761e46b4e24bc6843d834990c6", "comments_url": "https://api.github.com/repos/ARPSyndicate/favinizer/commits/c294c27fd4cb35761e46b4e24bc6843d834990c6/comments", "author": {"login": "g147", "id": 26509147, "node_id": "MDQ6VXNlcjI2NTA5MTQ3", "avatar_url": "https://avatars.githubusercontent.com/u/26509147?v=4", "gravatar_id": "", "url": "https://api.github.com/users/g147", "html_url": "https://github.com/g147", "followers_url": "https://api.github.com/users/g147/followers", "following_url": "https://api.github.com/users/g147/following{/other_user}", "gists_url": "https://api.github.com/users/g147/gists{/gist_id}", "starred_url": "https://api.github.com/users/g147/starred{/owner}{/repo}", "subscriptions_url": "https://api.github.com/users/g147/subscriptions", "organizations_url": "https://api.github.com/users/g147/orgs", "repos_url": "https://api.github.com/users/g147/repos", "events_url": "https://api.github.com/users/g147/events{/privacy}", "received_events_url": "https://api.github.com/users/g147/received_events", "type": "User", "site_admin": false}, "committer": {"login": "g147", "id": 26509147, "node_id": "MDQ6VXNlcjI2NTA5MTQ3", "avatar_url": "https://avatars.githubusercontent.com/u/26509147?v=4", "gravatar_id": "", "url": "https://api.github.com/users/g147", "html_url": "https://github.com/g147", "followers_url": "https://api.github.com/users/g147/followers", "following_url": "https://api.github.com/users/g147/following{/other_user}", "gists_url": "https://api.github.com/users/g147/gists{/gist_id}", "starred_url": "https://api.github.com/users/g147/starred{/owner}{/repo}", "subscriptions_url": "https://api.github.com/users/g147/subscriptions", "organizations_url": "https://api.github.com/users/g147/orgs", "repos_url": "https://api.github.com/users/g147/repos", "events_url": "https://api.github.com/users/g147/events{/privacy}", "received_events_url": "https://api.github.com/users/g147/received_events", "type": "User", "site_admin": false}, "parents": [{"sha": "2e1b93f445cc2d7dc4514a1a7728d8925382434a", "url": "https://api.github.com/repos/ARPSyndicate/favinizer/commits/2e1b93f445cc2d7dc4514a1a7728d8925382434a", "html_url": "https://github.com/ARPSyndicate/favinizer/commit/2e1b93f445cc2d7dc4514a1a7728d8925382434a"}]}, {"sha": "2e1b93f445cc2d7dc4514a1a7728d8925382434a", "node_id": "C_kwDOEaktiNoAKDJlMWI5M2Y0NDVjYzJkN2RjNDUxNGExYTc3MjhkODkyNTM4MjQzNGE", "commit": {"author": {"name": "glatisant", "email": "26509147+g147@users.noreply.github.com", "date": "2022-06-23T20:40:27Z"}, "committer": {"name": "glatisant", "email": "26509147+g147@users.noreply.github.com", "date": "2022-06-23T20:40:27Z"}, "message": "Fri 24 Jun 02:10:27 IST 2022", "tree": {"sha": "1f882d9d04a7d14829fe3f961afb4794da97b971", "url": "https://api.github.com/repos/ARPSyndicate/favinizer/git/trees/1f882d9d04a7d14829fe3f961afb4794da97b971"}, "url": "https://api.github.com/repos/ARPSyndicate/favinizer/git/commits/2e1b93f445cc2d7dc4514a1a7728d8925382434a", "comment_count": 0, "verification": {"verified": false, "reason": "unsigned", "signature": null, "payload": null}}, "url": "https://api.github.com/repos/ARPSyndicate/favinizer/commits/2e1b93f445cc2d7dc4514a1a7728d8925382434a", "html_url": "https://github.com/ARPSyndicate/favinizer/commit/2e1b93f445cc2d7dc4514a1a7728d8925382434a", "comments_url": "https://api.github.com/repos/ARPSyndicate/favinizer/commits/2e1b93f445cc2d7dc4514a1a7728d8925382434a/comments", "author": {"login": "g147", "id": 26509147, "node_id": "MDQ6VXNlcjI2NTA5MTQ3", "avatar_url": "https://avatars.githubusercontent.com/u/26509147?v=4", "gravatar_id": "", "url": "https://api.github.com/users/g147", "html_url": "https://github.com/g147", "followers_url": "https://api.github.com/users/g147/followers", "following_url": "https://api.github.com/users/g147/following{/other_user}", "gists_url": "https://api.github.com/users/g147/gists{/gist_id}", "starred_url": "https://api.github.com/users/g147/starred{/owner}{/repo}", "subscriptions_url": "https://api.github.com/users/g147/subscriptions", "organizations_url": "https://api.github.com/users/g147/orgs", "repos_url": "https://api.github.com/users/g147/repos", "events_url": "https://api.github.com/users/g147/events{/privacy}", "received_events_url": "https://api.github.com/users/g147/received_events", "type": "User", "site_admin": false}, "committer": {"login": "g147", "id": 26509147, "node_id": "MDQ6VXNlcjI2NTA5MTQ3", "avatar_url": "https://avatars.githubusercontent.com/u/26509147?v=4", "gravatar_id": "", "url": "https://api.github.com/users/g147", "html_url": "https://github.com/g147", "followers_url": "https://api.github.com/users/g147/followers", "following_url": "https://api.github.com/users/g147/following{/other_user}", "gists_url": "https://api.github.com/users/g147/gists{/gist_id}", "starred_url": "https://api.github.com/users/g147/starred{/owner}{/repo}", "subscriptions_url": "https://api.github.com/users/g147/subscriptions", "organizations_url": "https://api.github.com/users/g147/orgs", "repos_url": "https://api.github.com/users/g147/repos", "events_url": "https://api.github.com/users/g147/events{/privacy}", "received_events_url": "https://api.github.com/users/g147/received_events", "type": "User", "site_admin": false}, "parents": [{"sha": "36fe1218e6f61b7360a7a83362404b11a9ebd339", "url": "https://api.github.com/repos/ARPSyndicate/favinizer/commits/36fe1218e6f61b7360a7a83362404b11a9ebd339", "html_url": "https://github.com/ARPSyndicate/favinizer/commit/36fe1218e6f61b7360a7a83362404b11a9ebd339"}]}, {"sha": "36fe1218e6f61b7360a7a83362404b11a9ebd339", "node_id": "C_kwDOEaktiNoAKDM2ZmUxMjE4ZTZmNjFiNzM2MGE3YTgzMzYyNDA0YjExYTllYmQzMzk", "commit": {"author": {"name": "glatisant", "email": "26509147+g147@users.noreply.github.com", "date": "2022-05-29T02:07:02Z"}, "committer": {"name": "glatisant", "email": "26509147+g147@users.noreply.github.com", "date": "2022-05-29T02:07:02Z"}, "message": "favinizer[1.1]", "tree": {"sha": "da913a724dc352a7046225a3a35181858f4acb5d", "url": "https://api.github.com/repos/ARPSyndicate/favinizer/git/trees/da913a724dc352a7046225a3a35181858f4acb5d"}, "url": "https://api.github.com/repos/ARPSyndicate/favinizer/git/commits/36fe1218e6f61b7360a7a83362404b11a9ebd339", "comment_count": 0, "verification": {"verified": false, "reason": "unsigned", "signature": null, "payload": null}}, "url": "https://api.github.com/repos/ARPSyndicate/favinizer/commits/36fe1218e6f61b7360a7a83362404b11a9ebd339", "html_url": "https://github.com/ARPSyndicate/favinizer/commit/36fe1218e6f61b7360a7a83362404b11a9ebd339", "comments_url": "https://api.github.com/repos/ARPSyndicate/favinizer/commits/36fe1218e6f61b7360a7a83362404b11a9ebd339/comments", "author": {"login": "g147", "id": 26509147, "node_id": "MDQ6VXNlcjI2NTA5MTQ3", "avatar_url": "https://avatars.githubusercontent.com/u/26509147?v=4", "gravatar_id": "", "url": "https://api.github.com/users/g147", "html_url": "https://github.com/g147", "followers_url": "https://api.github.com/users/g147/followers", "following_url": "https://api.github.com/users/g147/following{/other_user}", "gists_url": "https://api.github.com/users/g147/gists{/gist_id}", "starred_url": "https://api.github.com/users/g147/starred{/owner}{/repo}", "subscriptions_url": "https://api.github.com/users/g147/subscriptions", "organizations_url": "https://api.github.com/users/g147/orgs", "repos_url": "https://api.github.com/users/g147/repos", "events_url": "https://api.github.com/users/g147/events{/privacy}", "received_events_url": "https://api.github.com/users/g147/received_events", "type": "User", "site_admin": false}, "committer": {"login": "g147", "id": 26509147, "node_id": "MDQ6VXNlcjI2NTA5MTQ3", "avatar_url": "https://avatars.githubusercontent.com/u/26509147?v=4", "gravatar_id": "", "url": "https://api.github.com/users/g147", "html_url": "https://github.com/g147", "followers_url": "https://api.github.com/users/g147/followers", "following_url": "https://api.github.com/users/g147/following{/other_user}", "gists_url": "https://api.github.com/users/g147/gists{/gist_id}", "starred_url": "https://api.github.com/users/g147/starred{/owner}{/repo}", "subscriptions_url": "https://api.github.com/users/g147/subscriptions", "organizations_url": "https://api.github.com/users/g147/orgs", "repos_url": "https://api.github.com/users/g147/repos", "events_url": "https://api.github.com/users/g147/events{/privacy}", "received_events_url": "https://api.github.com/users/g147/received_events", "type": "User", "site_admin": false}, "parents": []}]