[{"sha": "f14af2e4f757d86b2a2acfec75c0f1768f44cecb", "node_id": "MDY6Q29tbWl0MjQyODUyNzY0OmYxNGFmMmU0Zjc1N2Q4NmIyYTJhY2ZlYzc1YzBmMTc2OGY0NGNlY2I=", "commit": {"author": {"name": "seva", "email": "seva@binarytrails.net", "date": "2021-03-22T21:18:42Z"}, "committer": {"name": "GitHub", "email": "noreply@github.com", "date": "2021-03-22T21:18:42Z"}, "message": "Merge pull request #2 from dschwen/garbled_os_1\n\nFix garbled OS name output", "tree": {"sha": "6a504a85e676009c795d08bbc08a4a413be12019", "url": "https://api.github.com/repos/binarytrails/xprobe2/git/trees/6a504a85e676009c795d08bbc08a4a413be12019"}, "url": "https://api.github.com/repos/binarytrails/xprobe2/git/commits/f14af2e4f757d86b2a2acfec75c0f1768f44cecb", "comment_count": 0, "verification": {"verified": true, "reason": "valid", "signature": "-----BEGIN PGP SIGNATURE-----\n\nwsBcBAABCAAQBQJgWQmyCRBK7hj4Ov3rIwAAdHIIAAQSYvPZUyHWSVetl3fwLfrr\ny4dKa+8PJshFe24IYuDFgsngIDMy7pTahipX6blAuS/wcy9SuSLTUlfo2AFu8Il9\nmXyCOEQRNAdpuz1i7+vSVKS+9xwMsPY//rz+C8rjx+zwVBPOxeBpv2OmfxqBd0hx\nf3X5A7liN37g0ssp8dh5ppNb9o580xT1E2znfzY45q/VcGdG4t0HN2c/n22ukUNP\naW5nEdMGNfLkfFXPHUgB5FontOdGgldmac6MNb8JTdVvsWqXTh8H9xrNDnIV/dAp\nFvM7d3fuMxw9obG5SuH4PazUEAS4f+s3PVzp3xBqybaSUsPxto4hQ2DfVj9wGlc=\n=3mrT\n-----END PGP SIGNATURE-----\n", "payload": "tree 6a504a85e676009c795d08bbc08a4a413be12019\nparent ecfea7df387bdbe90b3ecb8c37ef9835a2603f2d\nparent 1a8c68bc904bb1e971ec456aaff0879933a80e23\nauthor seva <seva@binarytrails.net> 1616447922 -0400\ncommitter GitHub <noreply@github.com> 1616447922 -0400\n\nMerge pull request #2 from dschwen/garbled_os_1\n\nFix garbled OS name output"}}, "url": "https://api.github.com/repos/binarytrails/xprobe2/commits/f14af2e4f757d86b2a2acfec75c0f1768f44cecb", "html_url": "https://github.com/binarytrails/xprobe2/commit/f14af2e4f757d86b2a2acfec75c0f1768f44cecb", "comments_url": "https://api.github.com/repos/binarytrails/xprobe2/commits/f14af2e4f757d86b2a2acfec75c0f1768f44cecb/comments", "author": {"login": "binarytrails", "id": 5713600, "node_id": "MDQ6VXNlcjU3MTM2MDA=", "avatar_url": "https://avatars.githubusercontent.com/u/5713600?v=4", "gravatar_id": "", "url": "https://api.github.com/users/binarytrails", "html_url": "https://github.com/binarytrails", "followers_url": "https://api.github.com/users/binarytrails/followers", "following_url": "https://api.github.com/users/binarytrails/following{/other_user}", "gists_url": "https://api.github.com/users/binarytrails/gists{/gist_id}", "starred_url": "https://api.github.com/users/binarytrails/starred{/owner}{/repo}", "subscriptions_url": "https://api.github.com/users/binarytrails/subscriptions", "organizations_url": "https://api.github.com/users/binarytrails/orgs", "repos_url": "https://api.github.com/users/binarytrails/repos", "events_url": "https://api.github.com/users/binarytrails/events{/privacy}", "received_events_url": "https://api.github.com/users/binarytrails/received_events", "type": "User", "site_admin": false}, "committer": {"login": "web-flow", "id": 19864447, "node_id": "MDQ6VXNlcjE5ODY0NDQ3", "avatar_url": "https://avatars.githubusercontent.com/u/19864447?v=4", "gravatar_id": "", "url": "https://api.github.com/users/web-flow", "html_url": "https://github.com/web-flow", "followers_url": "https://api.github.com/users/web-flow/followers", "following_url": "https://api.github.com/users/web-flow/following{/other_user}", "gists_url": "https://api.github.com/users/web-flow/gists{/gist_id}", "starred_url": "https://api.github.com/users/web-flow/starred{/owner}{/repo}", "subscriptions_url": "https://api.github.com/users/web-flow/subscriptions", "organizations_url": "https://api.github.com/users/web-flow/orgs", "repos_url": "https://api.github.com/users/web-flow/repos", "events_url": "https://api.github.com/users/web-flow/events{/privacy}", "received_events_url": "https://api.github.com/users/web-flow/received_events", "type": "User", "site_admin": false}, "parents": [{"sha": "ecfea7df387bdbe90b3ecb8c37ef9835a2603f2d", "url": "https://api.github.com/repos/binarytrails/xprobe2/commits/ecfea7df387bdbe90b3ecb8c37ef9835a2603f2d", "html_url": "https://github.com/binarytrails/xprobe2/commit/ecfea7df387bdbe90b3ecb8c37ef9835a2603f2d"}, {"sha": "1a8c68bc904bb1e971ec456aaff0879933a80e23", "url": "https://api.github.com/repos/binarytrails/xprobe2/commits/1a8c68bc904bb1e971ec456aaff0879933a80e23", "html_url": "https://github.com/binarytrails/xprobe2/commit/1a8c68bc904bb1e971ec456aaff0879933a80e23"}]}, {"sha": "1a8c68bc904bb1e971ec456aaff0879933a80e23", "node_id": "MDY6Q29tbWl0MjQyODUyNzY0OjFhOGM2OGJjOTA0YmIxZTk3MWVjNDU2YWFmZjA4Nzk5MzNhODBlMjM=", "commit": {"author": {"name": "Daniel Schwen", "email": "daniel@schwen.de", "date": "2021-03-22T20:28:25Z"}, "committer": {"name": "Daniel Schwen", "email": "daniel@schwen.de", "date": "2021-03-22T20:28:25Z"}, "message": "Fix garbled output (#1)", "tree": {"sha": "6a504a85e676009c795d08bbc08a4a413be12019", "url": "https://api.github.com/repos/binarytrails/xprobe2/git/trees/6a504a85e676009c795d08bbc08a4a413be12019"}, "url": "https://api.github.com/repos/binarytrails/xprobe2/git/commits/1a8c68bc904bb1e971ec456aaff0879933a80e23", "comment_count": 0, "verification": {"verified": false, "reason": "unsigned", "signature": null, "payload": null}}, "url": "https://api.github.com/repos/binarytrails/xprobe2/commits/1a8c68bc904bb1e971ec456aaff0879933a80e23", "html_url": "https://github.com/binarytrails/xprobe2/commit/1a8c68bc904bb1e971ec456aaff0879933a80e23", "comments_url": "https://api.github.com/repos/binarytrails/xprobe2/commits/1a8c68bc904bb1e971ec456aaff0879933a80e23/comments", "author": {"login": "dschwen", "id": 202302, "node_id": "MDQ6VXNlcjIwMjMwMg==", "avatar_url": "https://avatars.githubusercontent.com/u/202302?v=4", "gravatar_id": "", "url": "https://api.github.com/users/dschwen", "html_url": "https://github.com/dschwen", "followers_url": "https://api.github.com/users/dschwen/followers", "following_url": "https://api.github.com/users/dschwen/following{/other_user}", "gists_url": "https://api.github.com/users/dschwen/gists{/gist_id}", "starred_url": "https://api.github.com/users/dschwen/starred{/owner}{/repo}", "subscriptions_url": "https://api.github.com/users/dschwen/subscriptions", "organizations_url": "https://api.github.com/users/dschwen/orgs", "repos_url": "https://api.github.com/users/dschwen/repos", "events_url": "https://api.github.com/users/dschwen/events{/privacy}", "received_events_url": "https://api.github.com/users/dschwen/received_events", "type": "User", "site_admin": false}, "committer": {"login": "dschwen", "id": 202302, "node_id": "MDQ6VXNlcjIwMjMwMg==", "avatar_url": "https://avatars.githubusercontent.com/u/202302?v=4", "gravatar_id": "", "url": "https://api.github.com/users/dschwen", "html_url": "https://github.com/dschwen", "followers_url": "https://api.github.com/users/dschwen/followers", "following_url": "https://api.github.com/users/dschwen/following{/other_user}", "gists_url": "https://api.github.com/users/dschwen/gists{/gist_id}", "starred_url": "https://api.github.com/users/dschwen/starred{/owner}{/repo}", "subscriptions_url": "https://api.github.com/users/dschwen/subscriptions", "organizations_url": "https://api.github.com/users/dschwen/orgs", "repos_url": "https://api.github.com/users/dschwen/repos", "events_url": "https://api.github.com/users/dschwen/events{/privacy}", "received_events_url": "https://api.github.com/users/dschwen/received_events", "type": "User", "site_admin": false}, "parents": [{"sha": "ecfea7df387bdbe90b3ecb8c37ef9835a2603f2d", "url": "https://api.github.com/repos/binarytrails/xprobe2/commits/ecfea7df387bdbe90b3ecb8c37ef9835a2603f2d", "html_url": "https://github.com/binarytrails/xprobe2/commit/ecfea7df387bdbe90b3ecb8c37ef9835a2603f2d"}]}, {"sha": "ecfea7df387bdbe90b3ecb8c37ef9835a2603f2d", "node_id": "MDY6Q29tbWl0MjQyODUyNzY0OmVjZmVhN2RmMzg3YmRiZTkwYjNlY2I4YzM3ZWY5ODM1YTI2MDNmMmQ=", "commit": {"author": {"name": "Seva", "email": "seva@binarytrails.net", "date": "2020-02-24T23:27:44Z"}, "committer": {"name": "Seva", "email": "seva@binarytrails.net", "date": "2020-02-24T23:27:44Z"}, "message": "cleanup & add .gitignore", "tree": {"sha": "f65904bd46eb877bfd5ed5aab78ef1ffa3eab4fd", "url": "https://api.github.com/repos/binarytrails/xprobe2/git/trees/f65904bd46eb877bfd5ed5aab78ef1ffa3eab4fd"}, "url": "https://api.github.com/repos/binarytrails/xprobe2/git/commits/ecfea7df387bdbe90b3ecb8c37ef9835a2603f2d", "comment_count": 0, "verification": {"verified": false, "reason": "unsigned", "signature": null, "payload": null}}, "url": "https://api.github.com/repos/binarytrails/xprobe2/commits/ecfea7df387bdbe90b3ecb8c37ef9835a2603f2d", "html_url": "https://github.com/binarytrails/xprobe2/commit/ecfea7df387bdbe90b3ecb8c37ef9835a2603f2d", "comments_url": "https://api.github.com/repos/binarytrails/xprobe2/commits/ecfea7df387bdbe90b3ecb8c37ef9835a2603f2d/comments", "author": {"login": "binarytrails", "id": 5713600, "node_id": "MDQ6VXNlcjU3MTM2MDA=", "avatar_url": "https://avatars.githubusercontent.com/u/5713600?v=4", "gravatar_id": "", "url": "https://api.github.com/users/binarytrails", "html_url": "https://github.com/binarytrails", "followers_url": "https://api.github.com/users/binarytrails/followers", "following_url": "https://api.github.com/users/binarytrails/following{/other_user}", "gists_url": "https://api.github.com/users/binarytrails/gists{/gist_id}", "starred_url": "https://api.github.com/users/binarytrails/starred{/owner}{/repo}", "subscriptions_url": "https://api.github.com/users/binarytrails/subscriptions", "organizations_url": "https://api.github.com/users/binarytrails/orgs", "repos_url": "https://api.github.com/users/binarytrails/repos", "events_url": "https://api.github.com/users/binarytrails/events{/privacy}", "received_events_url": "https://api.github.com/users/binarytrails/received_events", "type": "User", "site_admin": false}, "committer": {"login": "binarytrails", "id": 5713600, "node_id": "MDQ6VXNlcjU3MTM2MDA=", "avatar_url": "https://avatars.githubusercontent.com/u/5713600?v=4", "gravatar_id": "", "url": "https://api.github.com/users/binarytrails", "html_url": "https://github.com/binarytrails", "followers_url": "https://api.github.com/users/binarytrails/followers", "following_url": "https://api.github.com/users/binarytrails/following{/other_user}", "gists_url": "https://api.github.com/users/binarytrails/gists{/gist_id}", "starred_url": "https://api.github.com/users/binarytrails/starred{/owner}{/repo}", "subscriptions_url": "https://api.github.com/users/binarytrails/subscriptions", "organizations_url": "https://api.github.com/users/binarytrails/orgs", "repos_url": "https://api.github.com/users/binarytrails/repos", "events_url": "https://api.github.com/users/binarytrails/events{/privacy}", "received_events_url": "https://api.github.com/users/binarytrails/received_events", "type": "User", "site_admin": false}, "parents": [{"sha": "6541cb96401cbbb07892e0f64e4e12f07c04cd41", "url": "https://api.github.com/repos/binarytrails/xprobe2/commits/6541cb96401cbbb07892e0f64e4e12f07c04cd41", "html_url": "https://github.com/binarytrails/xprobe2/commit/6541cb96401cbbb07892e0f64e4e12f07c04cd41"}]}, {"sha": "6541cb96401cbbb07892e0f64e4e12f07c04cd41", "node_id": "MDY6Q29tbWl0MjQyODUyNzY0OjY1NDFjYjk2NDAxY2JiYjA3ODkyZTBmNjRlNGUxMmYwN2MwNGNkNDE=", "commit": {"author": {"name": "Seva", "email": "seva@binarytrails.net", "date": "2020-02-24T21:58:51Z"}, "committer": {"name": "Seva", "email": "seva@binarytrails.net", "date": "2020-02-24T21:58:51Z"}, "message": "add xprobe2-0.3", "tree": {"sha": "dc8b0f2aff83e1f89b57fe77963426c3fe029bd9", "url": "https://api.github.com/repos/binarytrails/xprobe2/git/trees/dc8b0f2aff83e1f89b57fe77963426c3fe029bd9"}, "url": "https://api.github.com/repos/binarytrails/xprobe2/git/commits/6541cb96401cbbb07892e0f64e4e12f07c04cd41", "comment_count": 0, "verification": {"verified": false, "reason": "unsigned", "signature": null, "payload": null}}, "url": "https://api.github.com/repos/binarytrails/xprobe2/commits/6541cb96401cbbb07892e0f64e4e12f07c04cd41", "html_url": "https://github.com/binarytrails/xprobe2/commit/6541cb96401cbbb07892e0f64e4e12f07c04cd41", "comments_url": "https://api.github.com/repos/binarytrails/xprobe2/commits/6541cb96401cbbb07892e0f64e4e12f07c04cd41/comments", "author": {"login": "binarytrails", "id": 5713600, "node_id": "MDQ6VXNlcjU3MTM2MDA=", "avatar_url": "https://avatars.githubusercontent.com/u/5713600?v=4", "gravatar_id": "", "url": "https://api.github.com/users/binarytrails", "html_url": "https://github.com/binarytrails", "followers_url": "https://api.github.com/users/binarytrails/followers", "following_url": "https://api.github.com/users/binarytrails/following{/other_user}", "gists_url": "https://api.github.com/users/binarytrails/gists{/gist_id}", "starred_url": "https://api.github.com/users/binarytrails/starred{/owner}{/repo}", "subscriptions_url": "https://api.github.com/users/binarytrails/subscriptions", "organizations_url": "https://api.github.com/users/binarytrails/orgs", "repos_url": "https://api.github.com/users/binarytrails/repos", "events_url": "https://api.github.com/users/binarytrails/events{/privacy}", "received_events_url": "https://api.github.com/users/binarytrails/received_events", "type": "User", "site_admin": false}, "committer": {"login": "binarytrails", "id": 5713600, "node_id": "MDQ6VXNlcjU3MTM2MDA=", "avatar_url": "https://avatars.githubusercontent.com/u/5713600?v=4", "gravatar_id": "", "url": "https://api.github.com/users/binarytrails", "html_url": "https://github.com/binarytrails", "followers_url": "https://api.github.com/users/binarytrails/followers", "following_url": "https://api.github.com/users/binarytrails/following{/other_user}", "gists_url": "https://api.github.com/users/binarytrails/gists{/gist_id}", "starred_url": "https://api.github.com/users/binarytrails/starred{/owner}{/repo}", "subscriptions_url": "https://api.github.com/users/binarytrails/subscriptions", "organizations_url": "https://api.github.com/users/binarytrails/orgs", "repos_url": "https://api.github.com/users/binarytrails/repos", "events_url": "https://api.github.com/users/binarytrails/events{/privacy}", "received_events_url": "https://api.github.com/users/binarytrails/received_events", "type": "User", "site_admin": false}, "parents": []}]