[{"sha": "f4cca0853e68a72f7c4102a46d89eefddc2b2171", "node_id": "MDY6Q29tbWl0MjU2MzI5NTkwOmY0Y2NhMDg1M2U2OGE3MmY3YzQxMDJhNDZkODllZWZkZGMyYjIxNzE=", "commit": {"author": {"name": "Jake Miller", "email": "jmiller@bishopfox.com", "date": "2020-11-30T22:10:21Z"}, "committer": {"name": "Jake Miller", "email": "jmiller@bishopfox.com", "date": "2020-12-08T12:51:04Z"}, "message": "Update to 1.4", "tree": {"sha": "c60807e0e931564842554cbb2f7bb06682dd9980", "url": "https://api.github.com/repos/BishopFox/rmiscout/git/trees/c60807e0e931564842554cbb2f7bb06682dd9980"}, "url": "https://api.github.com/repos/BishopFox/rmiscout/git/commits/f4cca0853e68a72f7c4102a46d89eefddc2b2171", "comment_count": 0, "verification": {"verified": false, "reason": "unsigned", "signature": null, "payload": null}}, "url": "https://api.github.com/repos/BishopFox/rmiscout/commits/f4cca0853e68a72f7c4102a46d89eefddc2b2171", "html_url": "https://github.com/BishopFox/rmiscout/commit/f4cca0853e68a72f7c4102a46d89eefddc2b2171", "comments_url": "https://api.github.com/repos/BishopFox/rmiscout/commits/f4cca0853e68a72f7c4102a46d89eefddc2b2171/comments", "author": {"login": "the-bumble", "id": 1927215, "node_id": "MDQ6VXNlcjE5MjcyMTU=", "avatar_url": "https://avatars.githubusercontent.com/u/1927215?v=4", "gravatar_id": "", "url": "https://api.github.com/users/the-bumble", "html_url": "https://github.com/the-bumble", "followers_url": "https://api.github.com/users/the-bumble/followers", "following_url": "https://api.github.com/users/the-bumble/following{/other_user}", "gists_url": "https://api.github.com/users/the-bumble/gists{/gist_id}", "starred_url": "https://api.github.com/users/the-bumble/starred{/owner}{/repo}", "subscriptions_url": "https://api.github.com/users/the-bumble/subscriptions", "organizations_url": "https://api.github.com/users/the-bumble/orgs", "repos_url": "https://api.github.com/users/the-bumble/repos", "events_url": "https://api.github.com/users/the-bumble/events{/privacy}", "received_events_url": "https://api.github.com/users/the-bumble/received_events", "type": "User", "site_admin": false}, "committer": {"login": "the-bumble", "id": 1927215, "node_id": "MDQ6VXNlcjE5MjcyMTU=", "avatar_url": "https://avatars.githubusercontent.com/u/1927215?v=4", "gravatar_id": "", "url": "https://api.github.com/users/the-bumble", "html_url": "https://github.com/the-bumble", "followers_url": "https://api.github.com/users/the-bumble/followers", "following_url": "https://api.github.com/users/the-bumble/following{/other_user}", "gists_url": "https://api.github.com/users/the-bumble/gists{/gist_id}", "starred_url": "https://api.github.com/users/the-bumble/starred{/owner}{/repo}", "subscriptions_url": "https://api.github.com/users/the-bumble/subscriptions", "organizations_url": "https://api.github.com/users/the-bumble/orgs", "repos_url": "https://api.github.com/users/the-bumble/repos", "events_url": "https://api.github.com/users/the-bumble/events{/privacy}", "received_events_url": "https://api.github.com/users/the-bumble/received_events", "type": "User", "site_admin": false}, "parents": [{"sha": "654054c2725f60ae2c5da687ac91d7dc37278c7d", "url": "https://api.github.com/repos/BishopFox/rmiscout/commits/654054c2725f60ae2c5da687ac91d7dc37278c7d", "html_url": "https://github.com/BishopFox/rmiscout/commit/654054c2725f60ae2c5da687ac91d7dc37278c7d"}]}, {"sha": "654054c2725f60ae2c5da687ac91d7dc37278c7d", "node_id": "MDY6Q29tbWl0MjU2MzI5NTkwOjY1NDA1NGMyNzI1ZjYwYWUyYzVkYTY4N2FjOTFkN2RjMzcyNzhjN2Q=", "commit": {"author": {"name": "Jake Miller", "email": "jmiller@bishopfox.com", "date": "2020-11-30T22:06:36Z"}, "committer": {"name": "Jake Miller", "email": "jmiller@bishopfox.com", "date": "2020-11-30T22:06:36Z"}, "message": "Added major functionality and refactoring\n- IIOP support\n- Invoke/list modes\n- localhost bypass\n- Auto-detection RMI-JRMP, SSL, ActivationStubs\n- and more...", "tree": {"sha": "fad43d78cc7df98dd71ecef4a2e9eeb80ec7f4e6", "url": "https://api.github.com/repos/BishopFox/rmiscout/git/trees/fad43d78cc7df98dd71ecef4a2e9eeb80ec7f4e6"}, "url": "https://api.github.com/repos/BishopFox/rmiscout/git/commits/654054c2725f60ae2c5da687ac91d7dc37278c7d", "comment_count": 0, "verification": {"verified": false, "reason": "unsigned", "signature": null, "payload": null}}, "url": "https://api.github.com/repos/BishopFox/rmiscout/commits/654054c2725f60ae2c5da687ac91d7dc37278c7d", "html_url": "https://github.com/BishopFox/rmiscout/commit/654054c2725f60ae2c5da687ac91d7dc37278c7d", "comments_url": "https://api.github.com/repos/BishopFox/rmiscout/commits/654054c2725f60ae2c5da687ac91d7dc37278c7d/comments", "author": {"login": "the-bumble", "id": 1927215, "node_id": "MDQ6VXNlcjE5MjcyMTU=", "avatar_url": "https://avatars.githubusercontent.com/u/1927215?v=4", "gravatar_id": "", "url": "https://api.github.com/users/the-bumble", "html_url": "https://github.com/the-bumble", "followers_url": "https://api.github.com/users/the-bumble/followers", "following_url": "https://api.github.com/users/the-bumble/following{/other_user}", "gists_url": "https://api.github.com/users/the-bumble/gists{/gist_id}", "starred_url": "https://api.github.com/users/the-bumble/starred{/owner}{/repo}", "subscriptions_url": "https://api.github.com/users/the-bumble/subscriptions", "organizations_url": "https://api.github.com/users/the-bumble/orgs", "repos_url": "https://api.github.com/users/the-bumble/repos", "events_url": "https://api.github.com/users/the-bumble/events{/privacy}", "received_events_url": "https://api.github.com/users/the-bumble/received_events", "type": "User", "site_admin": false}, "committer": {"login": "the-bumble", "id": 1927215, "node_id": "MDQ6VXNlcjE5MjcyMTU=", "avatar_url": "https://avatars.githubusercontent.com/u/1927215?v=4", "gravatar_id": "", "url": "https://api.github.com/users/the-bumble", "html_url": "https://github.com/the-bumble", "followers_url": "https://api.github.com/users/the-bumble/followers", "following_url": "https://api.github.com/users/the-bumble/following{/other_user}", "gists_url": "https://api.github.com/users/the-bumble/gists{/gist_id}", "starred_url": "https://api.github.com/users/the-bumble/starred{/owner}{/repo}", "subscriptions_url": "https://api.github.com/users/the-bumble/subscriptions", "organizations_url": "https://api.github.com/users/the-bumble/orgs", "repos_url": "https://api.github.com/users/the-bumble/repos", "events_url": "https://api.github.com/users/the-bumble/events{/privacy}", "received_events_url": "https://api.github.com/users/the-bumble/received_events", "type": "User", "site_admin": false}, "parents": [{"sha": "f70e398e344485eb39002ae9a3d9a364e75306c2", "url": "https://api.github.com/repos/BishopFox/rmiscout/commits/f70e398e344485eb39002ae9a3d9a364e75306c2", "html_url": "https://github.com/BishopFox/rmiscout/commit/f70e398e344485eb39002ae9a3d9a364e75306c2"}]}, {"sha": "f70e398e344485eb39002ae9a3d9a364e75306c2", "node_id": "MDY6Q29tbWl0MjU2MzI5NTkwOmY3MGUzOThlMzQ0NDg1ZWIzOTAwMmFlOWEzZDlhMzY0ZTc1MzA2YzI=", "commit": {"author": {"name": "Jake Miller", "email": "jmiller@bishopfox.com", "date": "2020-11-30T18:37:26Z"}, "committer": {"name": "Jake Miller", "email": "jmiller@bishopfox.com", "date": "2020-11-30T18:37:26Z"}, "message": "Merge branch 'master' of github.com:BishopFox/rmiscout", "tree": {"sha": "a6aeba24332ea17a9f727e46b4cc0aee3ddc3f97", "url": "https://api.github.com/repos/BishopFox/rmiscout/git/trees/a6aeba24332ea17a9f727e46b4cc0aee3ddc3f97"}, "url": "https://api.github.com/repos/BishopFox/rmiscout/git/commits/f70e398e344485eb39002ae9a3d9a364e75306c2", "comment_count": 0, "verification": {"verified": false, "reason": "unsigned", "signature": null, "payload": null}}, "url": "https://api.github.com/repos/BishopFox/rmiscout/commits/f70e398e344485eb39002ae9a3d9a364e75306c2", "html_url": "https://github.com/BishopFox/rmiscout/commit/f70e398e344485eb39002ae9a3d9a364e75306c2", "comments_url": "https://api.github.com/repos/BishopFox/rmiscout/commits/f70e398e344485eb39002ae9a3d9a364e75306c2/comments", "author": {"login": "the-bumble", "id": 1927215, "node_id": "MDQ6VXNlcjE5MjcyMTU=", "avatar_url": "https://avatars.githubusercontent.com/u/1927215?v=4", "gravatar_id": "", "url": "https://api.github.com/users/the-bumble", "html_url": "https://github.com/the-bumble", "followers_url": "https://api.github.com/users/the-bumble/followers", "following_url": "https://api.github.com/users/the-bumble/following{/other_user}", "gists_url": "https://api.github.com/users/the-bumble/gists{/gist_id}", "starred_url": "https://api.github.com/users/the-bumble/starred{/owner}{/repo}", "subscriptions_url": "https://api.github.com/users/the-bumble/subscriptions", "organizations_url": "https://api.github.com/users/the-bumble/orgs", "repos_url": "https://api.github.com/users/the-bumble/repos", "events_url": "https://api.github.com/users/the-bumble/events{/privacy}", "received_events_url": "https://api.github.com/users/the-bumble/received_events", "type": "User", "site_admin": false}, "committer": {"login": "the-bumble", "id": 1927215, "node_id": "MDQ6VXNlcjE5MjcyMTU=", "avatar_url": "https://avatars.githubusercontent.com/u/1927215?v=4", "gravatar_id": "", "url": "https://api.github.com/users/the-bumble", "html_url": "https://github.com/the-bumble", "followers_url": "https://api.github.com/users/the-bumble/followers", "following_url": "https://api.github.com/users/the-bumble/following{/other_user}", "gists_url": "https://api.github.com/users/the-bumble/gists{/gist_id}", "starred_url": "https://api.github.com/users/the-bumble/starred{/owner}{/repo}", "subscriptions_url": "https://api.github.com/users/the-bumble/subscriptions", "organizations_url": "https://api.github.com/users/the-bumble/orgs", "repos_url": "https://api.github.com/users/the-bumble/repos", "events_url": "https://api.github.com/users/the-bumble/events{/privacy}", "received_events_url": "https://api.github.com/users/the-bumble/received_events", "type": "User", "site_admin": false}, "parents": [{"sha": "647e774be39fd7d773591120066de093f632a219", "url": "https://api.github.com/repos/BishopFox/rmiscout/commits/647e774be39fd7d773591120066de093f632a219", "html_url": "https://github.com/BishopFox/rmiscout/commit/647e774be39fd7d773591120066de093f632a219"}, {"sha": "edc2bb577d4861e28e9d0de9e682d6fe2b664e07", "url": "https://api.github.com/repos/BishopFox/rmiscout/commits/edc2bb577d4861e28e9d0de9e682d6fe2b664e07", "html_url": "https://github.com/BishopFox/rmiscout/commit/edc2bb577d4861e28e9d0de9e682d6fe2b664e07"}]}, {"sha": "647e774be39fd7d773591120066de093f632a219", "node_id": "MDY6Q29tbWl0MjU2MzI5NTkwOjY0N2U3NzRiZTM5ZmQ3ZDc3MzU5MTEyMDA2NmRlMDkzZjYzMmEyMTk=", "commit": {"author": {"name": "Jake Miller", "email": "jmiller@bishopfox.com", "date": "2020-10-08T14:25:38Z"}, "committer": {"name": "Jake Miller", "email": "jmiller@bishopfox.com", "date": "2020-10-09T20:39:25Z"}, "message": "Improved demo and Dockerized\n\nDemo now includes four different server types:\n- Activation stub + Activation Server\n- Plaintext RMI\n- RMI-SSL\n- CORBA/RMI-IIOP", "tree": {"sha": "7b7e4da0acd92b783ea459ce6f352992da019b5f", "url": "https://api.github.com/repos/BishopFox/rmiscout/git/trees/7b7e4da0acd92b783ea459ce6f352992da019b5f"}, "url": "https://api.github.com/repos/BishopFox/rmiscout/git/commits/647e774be39fd7d773591120066de093f632a219", "comment_count": 0, "verification": {"verified": false, "reason": "unsigned", "signature": null, "payload": null}}, "url": "https://api.github.com/repos/BishopFox/rmiscout/commits/647e774be39fd7d773591120066de093f632a219", "html_url": "https://github.com/BishopFox/rmiscout/commit/647e774be39fd7d773591120066de093f632a219", "comments_url": "https://api.github.com/repos/BishopFox/rmiscout/commits/647e774be39fd7d773591120066de093f632a219/comments", "author": {"login": "the-bumble", "id": 1927215, "node_id": "MDQ6VXNlcjE5MjcyMTU=", "avatar_url": "https://avatars.githubusercontent.com/u/1927215?v=4", "gravatar_id": "", "url": "https://api.github.com/users/the-bumble", "html_url": "https://github.com/the-bumble", "followers_url": "https://api.github.com/users/the-bumble/followers", "following_url": "https://api.github.com/users/the-bumble/following{/other_user}", "gists_url": "https://api.github.com/users/the-bumble/gists{/gist_id}", "starred_url": "https://api.github.com/users/the-bumble/starred{/owner}{/repo}", "subscriptions_url": "https://api.github.com/users/the-bumble/subscriptions", "organizations_url": "https://api.github.com/users/the-bumble/orgs", "repos_url": "https://api.github.com/users/the-bumble/repos", "events_url": "https://api.github.com/users/the-bumble/events{/privacy}", "received_events_url": "https://api.github.com/users/the-bumble/received_events", "type": "User", "site_admin": false}, "committer": {"login": "the-bumble", "id": 1927215, "node_id": "MDQ6VXNlcjE5MjcyMTU=", "avatar_url": "https://avatars.githubusercontent.com/u/1927215?v=4", "gravatar_id": "", "url": "https://api.github.com/users/the-bumble", "html_url": "https://github.com/the-bumble", "followers_url": "https://api.github.com/users/the-bumble/followers", "following_url": "https://api.github.com/users/the-bumble/following{/other_user}", "gists_url": "https://api.github.com/users/the-bumble/gists{/gist_id}", "starred_url": "https://api.github.com/users/the-bumble/starred{/owner}{/repo}", "subscriptions_url": "https://api.github.com/users/the-bumble/subscriptions", "organizations_url": "https://api.github.com/users/the-bumble/orgs", "repos_url": "https://api.github.com/users/the-bumble/repos", "events_url": "https://api.github.com/users/the-bumble/events{/privacy}", "received_events_url": "https://api.github.com/users/the-bumble/received_events", "type": "User", "site_admin": false}, "parents": [{"sha": "d24599ec0301b2f73655bbb8b404a50a72f3a0fb", "url": "https://api.github.com/repos/BishopFox/rmiscout/commits/d24599ec0301b2f73655bbb8b404a50a72f3a0fb", "html_url": "https://github.com/BishopFox/rmiscout/commit/d24599ec0301b2f73655bbb8b404a50a72f3a0fb"}]}, {"sha": "edc2bb577d4861e28e9d0de9e682d6fe2b664e07", "node_id": "MDY6Q29tbWl0MjU2MzI5NTkwOmVkYzJiYjU3N2Q0ODYxZTI4ZTlkMGRlOWU2ODJkNmZlMmI2NjRlMDc=", "commit": {"author": {"name": "Jake Miller", "email": "the-bumble@users.noreply.github.com", "date": "2020-10-07T15:37:59Z"}, "committer": {"name": "GitHub", "email": "noreply@github.com", "date": "2020-10-07T15:37:59Z"}, "message": "Merge pull request #6 from wdahlenburg/master\n\nAdding gradle dependency to fix build", "tree": {"sha": "2f6ab72829faf0179f11a9f6deb0a5d60c18a945", "url": "https://api.github.com/repos/BishopFox/rmiscout/git/trees/2f6ab72829faf0179f11a9f6deb0a5d60c18a945"}, "url": "https://api.github.com/repos/BishopFox/rmiscout/git/commits/edc2bb577d4861e28e9d0de9e682d6fe2b664e07", "comment_count": 0, "verification": {"verified": true, "reason": "valid", "signature": "-----BEGIN PGP SIGNATURE-----\n\nwsBcBAABCAAQBQJffeDXCRBK7hj4Ov3rIwAAdHIIAJ6ftkbs9sFp2fuWEVVcFfd1\nbeTAfUNH+ZGv73Z+dgA5gNvYZzN3Mc/TAt2YfPyNspSyOA65pRpmO+nCKSPTbKBy\nZSoeu7SJkJII/rtXIwOkJFKlsPYQ0iihjkEObUoUYV9iauzbnM7XWUzKoNdF0XYl\npvjvZmUdPcsdUZ9j0HkuxPxJLLo4u5swNFbu8hRixWmaj42VfILYZBXkF/7rOqAt\nWMaACWliQXPxqmXu93sfosSyhunfgXpVepU3peUq4LZ5IB3L5M7+/ukJ33SNQRyo\nRCHW4lN2nfZbH6x5X6NqxDKrpKkoCLo1RWWoAG3kxtSo6Pogr2ea6LCTOZDufEs=\n=EDrV\n-----END PGP SIGNATURE-----\n", "payload": "tree 2f6ab72829faf0179f11a9f6deb0a5d60c18a945\nparent d24599ec0301b2f73655bbb8b404a50a72f3a0fb\nparent c4d548fb28e7c23a36debce34c655bd29d51db2c\nauthor Jake Miller <the-bumble@users.noreply.github.com> 1602085079 -0400\ncommitter GitHub <noreply@github.com> 1602085079 -0400\n\nMerge pull request #6 from wdahlenburg/master\n\nAdding gradle dependency to fix build"}}, "url": "https://api.github.com/repos/BishopFox/rmiscout/commits/edc2bb577d4861e28e9d0de9e682d6fe2b664e07", "html_url": "https://github.com/BishopFox/rmiscout/commit/edc2bb577d4861e28e9d0de9e682d6fe2b664e07", "comments_url": "https://api.github.com/repos/BishopFox/rmiscout/commits/edc2bb577d4861e28e9d0de9e682d6fe2b664e07/comments", "author": {"login": "the-bumble", "id": 1927215, "node_id": "MDQ6VXNlcjE5MjcyMTU=", "avatar_url": "https://avatars.githubusercontent.com/u/1927215?v=4", "gravatar_id": "", "url": "https://api.github.com/users/the-bumble", "html_url": "https://github.com/the-bumble", "followers_url": "https://api.github.com/users/the-bumble/followers", "following_url": "https://api.github.com/users/the-bumble/following{/other_user}", "gists_url": "https://api.github.com/users/the-bumble/gists{/gist_id}", "starred_url": "https://api.github.com/users/the-bumble/starred{/owner}{/repo}", "subscriptions_url": "https://api.github.com/users/the-bumble/subscriptions", "organizations_url": "https://api.github.com/users/the-bumble/orgs", "repos_url": "https://api.github.com/users/the-bumble/repos", "events_url": "https://api.github.com/users/the-bumble/events{/privacy}", "received_events_url": "https://api.github.com/users/the-bumble/received_events", "type": "User", "site_admin": false}, "committer": {"login": "web-flow", "id": 19864447, "node_id": "MDQ6VXNlcjE5ODY0NDQ3", "avatar_url": "https://avatars.githubusercontent.com/u/19864447?v=4", "gravatar_id": "", "url": "https://api.github.com/users/web-flow", "html_url": "https://github.com/web-flow", "followers_url": "https://api.github.com/users/web-flow/followers", "following_url": "https://api.github.com/users/web-flow/following{/other_user}", "gists_url": "https://api.github.com/users/web-flow/gists{/gist_id}", "starred_url": "https://api.github.com/users/web-flow/starred{/owner}{/repo}", "subscriptions_url": "https://api.github.com/users/web-flow/subscriptions", "organizations_url": "https://api.github.com/users/web-flow/orgs", "repos_url": "https://api.github.com/users/web-flow/repos", "events_url": "https://api.github.com/users/web-flow/events{/privacy}", "received_events_url": "https://api.github.com/users/web-flow/received_events", "type": "User", "site_admin": false}, "parents": [{"sha": "d24599ec0301b2f73655bbb8b404a50a72f3a0fb", "url": "https://api.github.com/repos/BishopFox/rmiscout/commits/d24599ec0301b2f73655bbb8b404a50a72f3a0fb", "html_url": "https://github.com/BishopFox/rmiscout/commit/d24599ec0301b2f73655bbb8b404a50a72f3a0fb"}, {"sha": "c4d548fb28e7c23a36debce34c655bd29d51db2c", "url": "https://api.github.com/repos/BishopFox/rmiscout/commits/c4d548fb28e7c23a36debce34c655bd29d51db2c", "html_url": "https://github.com/BishopFox/rmiscout/commit/c4d548fb28e7c23a36debce34c655bd29d51db2c"}]}, {"sha": "c4d548fb28e7c23a36debce34c655bd29d51db2c", "node_id": "MDY6Q29tbWl0MjU2MzI5NTkwOmM0ZDU0OGZiMjhlN2MyM2EzNmRlYmNlMzRjNjU1YmQyOWQ1MWRiMmM=", "commit": {"author": {"name": "Wyatt Dahlenburg", "email": "wddahlenburg@gmail.com", "date": "2020-10-07T15:25:31Z"}, "committer": {"name": "Wyatt Dahlenburg", "email": "wddahlenburg@gmail.com", "date": "2020-10-07T15:25:31Z"}, "message": "Added repo.jenkins-ci.org as a repository to fix a dependency error on ysoserial", "tree": {"sha": "2f6ab72829faf0179f11a9f6deb0a5d60c18a945", "url": "https://api.github.com/repos/BishopFox/rmiscout/git/trees/2f6ab72829faf0179f11a9f6deb0a5d60c18a945"}, "url": "https://api.github.com/repos/BishopFox/rmiscout/git/commits/c4d548fb28e7c23a36debce34c655bd29d51db2c", "comment_count": 0, "verification": {"verified": false, "reason": "unsigned", "signature": null, "payload": null}}, "url": "https://api.github.com/repos/BishopFox/rmiscout/commits/c4d548fb28e7c23a36debce34c655bd29d51db2c", "html_url": "https://github.com/BishopFox/rmiscout/commit/c4d548fb28e7c23a36debce34c655bd29d51db2c", "comments_url": "https://api.github.com/repos/BishopFox/rmiscout/commits/c4d548fb28e7c23a36debce34c655bd29d51db2c/comments", "author": {"login": "wdahlenburg", "id": 4451504, "node_id": "MDQ6VXNlcjQ0NTE1MDQ=", "avatar_url": "https://avatars.githubusercontent.com/u/4451504?v=4", "gravatar_id": "", "url": "https://api.github.com/users/wdahlenburg", "html_url": "https://github.com/wdahlenburg", "followers_url": "https://api.github.com/users/wdahlenburg/followers", "following_url": "https://api.github.com/users/wdahlenburg/following{/other_user}", "gists_url": "https://api.github.com/users/wdahlenburg/gists{/gist_id}", "starred_url": "https://api.github.com/users/wdahlenburg/starred{/owner}{/repo}", "subscriptions_url": "https://api.github.com/users/wdahlenburg/subscriptions", "organizations_url": "https://api.github.com/users/wdahlenburg/orgs", "repos_url": "https://api.github.com/users/wdahlenburg/repos", "events_url": "https://api.github.com/users/wdahlenburg/events{/privacy}", "received_events_url": "https://api.github.com/users/wdahlenburg/received_events", "type": "User", "site_admin": false}, "committer": {"login": "wdahlenburg", "id": 4451504, "node_id": "MDQ6VXNlcjQ0NTE1MDQ=", "avatar_url": "https://avatars.githubusercontent.com/u/4451504?v=4", "gravatar_id": "", "url": "https://api.github.com/users/wdahlenburg", "html_url": "https://github.com/wdahlenburg", "followers_url": "https://api.github.com/users/wdahlenburg/followers", "following_url": "https://api.github.com/users/wdahlenburg/following{/other_user}", "gists_url": "https://api.github.com/users/wdahlenburg/gists{/gist_id}", "starred_url": "https://api.github.com/users/wdahlenburg/starred{/owner}{/repo}", "subscriptions_url": "https://api.github.com/users/wdahlenburg/subscriptions", "organizations_url": "https://api.github.com/users/wdahlenburg/orgs", "repos_url": "https://api.github.com/users/wdahlenburg/repos", "events_url": "https://api.github.com/users/wdahlenburg/events{/privacy}", "received_events_url": "https://api.github.com/users/wdahlenburg/received_events", "type": "User", "site_admin": false}, "parents": [{"sha": "d24599ec0301b2f73655bbb8b404a50a72f3a0fb", "url": "https://api.github.com/repos/BishopFox/rmiscout/commits/d24599ec0301b2f73655bbb8b404a50a72f3a0fb", "html_url": "https://github.com/BishopFox/rmiscout/commit/d24599ec0301b2f73655bbb8b404a50a72f3a0fb"}]}, {"sha": "d24599ec0301b2f73655bbb8b404a50a72f3a0fb", "node_id": "MDY6Q29tbWl0MjU2MzI5NTkwOmQyNDU5OWVjMDMwMWIyZjczNjU1YmJiOGI0MDRhNTBhNzJmM2EwZmI=", "commit": {"author": {"name": "Jake Miller", "email": "jmiller@bishopfox.com", "date": "2020-09-14T19:05:43Z"}, "committer": {"name": "Jake Miller", "email": "jmiller@bishopfox.com", "date": "2020-09-14T19:05:43Z"}, "message": "Fixed demo", "tree": {"sha": "628145848c20949c5474c8a5ac2bd20303d6df93", "url": "https://api.github.com/repos/BishopFox/rmiscout/git/trees/628145848c20949c5474c8a5ac2bd20303d6df93"}, "url": "https://api.github.com/repos/BishopFox/rmiscout/git/commits/d24599ec0301b2f73655bbb8b404a50a72f3a0fb", "comment_count": 0, "verification": {"verified": false, "reason": "unsigned", "signature": null, "payload": null}}, "url": "https://api.github.com/repos/BishopFox/rmiscout/commits/d24599ec0301b2f73655bbb8b404a50a72f3a0fb", "html_url": "https://github.com/BishopFox/rmiscout/commit/d24599ec0301b2f73655bbb8b404a50a72f3a0fb", "comments_url": "https://api.github.com/repos/BishopFox/rmiscout/commits/d24599ec0301b2f73655bbb8b404a50a72f3a0fb/comments", "author": {"login": "the-bumble", "id": 1927215, "node_id": "MDQ6VXNlcjE5MjcyMTU=", "avatar_url": "https://avatars.githubusercontent.com/u/1927215?v=4", "gravatar_id": "", "url": "https://api.github.com/users/the-bumble", "html_url": "https://github.com/the-bumble", "followers_url": "https://api.github.com/users/the-bumble/followers", "following_url": "https://api.github.com/users/the-bumble/following{/other_user}", "gists_url": "https://api.github.com/users/the-bumble/gists{/gist_id}", "starred_url": "https://api.github.com/users/the-bumble/starred{/owner}{/repo}", "subscriptions_url": "https://api.github.com/users/the-bumble/subscriptions", "organizations_url": "https://api.github.com/users/the-bumble/orgs", "repos_url": "https://api.github.com/users/the-bumble/repos", "events_url": "https://api.github.com/users/the-bumble/events{/privacy}", "received_events_url": "https://api.github.com/users/the-bumble/received_events", "type": "User", "site_admin": false}, "committer": {"login": "the-bumble", "id": 1927215, "node_id": "MDQ6VXNlcjE5MjcyMTU=", "avatar_url": "https://avatars.githubusercontent.com/u/1927215?v=4", "gravatar_id": "", "url": "https://api.github.com/users/the-bumble", "html_url": "https://github.com/the-bumble", "followers_url": "https://api.github.com/users/the-bumble/followers", "following_url": "https://api.github.com/users/the-bumble/following{/other_user}", "gists_url": "https://api.github.com/users/the-bumble/gists{/gist_id}", "starred_url": "https://api.github.com/users/the-bumble/starred{/owner}{/repo}", "subscriptions_url": "https://api.github.com/users/the-bumble/subscriptions", "organizations_url": "https://api.github.com/users/the-bumble/orgs", "repos_url": "https://api.github.com/users/the-bumble/repos", "events_url": "https://api.github.com/users/the-bumble/events{/privacy}", "received_events_url": "https://api.github.com/users/the-bumble/received_events", "type": "User", "site_admin": false}, "parents": [{"sha": "8a576bb42a72aaa8552db1205968a3503f9aa7aa", "url": "https://api.github.com/repos/BishopFox/rmiscout/commits/8a576bb42a72aaa8552db1205968a3503f9aa7aa", "html_url": "https://github.com/BishopFox/rmiscout/commit/8a576bb42a72aaa8552db1205968a3503f9aa7aa"}]}, {"sha": "8a576bb42a72aaa8552db1205968a3503f9aa7aa", "node_id": "MDY6Q29tbWl0MjU2MzI5NTkwOjhhNTc2YmI0MmE3MmFhYTg1NTJkYjEyMDU5NjhhMzUwM2Y5YWE3YWE=", "commit": {"author": {"name": "Jake Miller", "email": "jmiller@bishopfox.com", "date": "2020-09-14T16:55:43Z"}, "committer": {"name": "Jake Miller", "email": "jmiller@bishopfox.com", "date": "2020-09-14T17:00:12Z"}, "message": "Exploit error handling for newer JRE versions\n\nExploit performs workaround when other non-primives are available.\nStrings are not exploitable in newer versions of JRE", "tree": {"sha": "848f9f087943ae0c290ac3c41ca34fc988e74f08", "url": "https://api.github.com/repos/BishopFox/rmiscout/git/trees/848f9f087943ae0c290ac3c41ca34fc988e74f08"}, "url": "https://api.github.com/repos/BishopFox/rmiscout/git/commits/8a576bb42a72aaa8552db1205968a3503f9aa7aa", "comment_count": 0, "verification": {"verified": false, "reason": "unsigned", "signature": null, "payload": null}}, "url": "https://api.github.com/repos/BishopFox/rmiscout/commits/8a576bb42a72aaa8552db1205968a3503f9aa7aa", "html_url": "https://github.com/BishopFox/rmiscout/commit/8a576bb42a72aaa8552db1205968a3503f9aa7aa", "comments_url": "https://api.github.com/repos/BishopFox/rmiscout/commits/8a576bb42a72aaa8552db1205968a3503f9aa7aa/comments", "author": {"login": "the-bumble", "id": 1927215, "node_id": "MDQ6VXNlcjE5MjcyMTU=", "avatar_url": "https://avatars.githubusercontent.com/u/1927215?v=4", "gravatar_id": "", "url": "https://api.github.com/users/the-bumble", "html_url": "https://github.com/the-bumble", "followers_url": "https://api.github.com/users/the-bumble/followers", "following_url": "https://api.github.com/users/the-bumble/following{/other_user}", "gists_url": "https://api.github.com/users/the-bumble/gists{/gist_id}", "starred_url": "https://api.github.com/users/the-bumble/starred{/owner}{/repo}", "subscriptions_url": "https://api.github.com/users/the-bumble/subscriptions", "organizations_url": "https://api.github.com/users/the-bumble/orgs", "repos_url": "https://api.github.com/users/the-bumble/repos", "events_url": "https://api.github.com/users/the-bumble/events{/privacy}", "received_events_url": "https://api.github.com/users/the-bumble/received_events", "type": "User", "site_admin": false}, "committer": {"login": "the-bumble", "id": 1927215, "node_id": "MDQ6VXNlcjE5MjcyMTU=", "avatar_url": "https://avatars.githubusercontent.com/u/1927215?v=4", "gravatar_id": "", "url": "https://api.github.com/users/the-bumble", "html_url": "https://github.com/the-bumble", "followers_url": "https://api.github.com/users/the-bumble/followers", "following_url": "https://api.github.com/users/the-bumble/following{/other_user}", "gists_url": "https://api.github.com/users/the-bumble/gists{/gist_id}", "starred_url": "https://api.github.com/users/the-bumble/starred{/owner}{/repo}", "subscriptions_url": "https://api.github.com/users/the-bumble/subscriptions", "organizations_url": "https://api.github.com/users/the-bumble/orgs", "repos_url": "https://api.github.com/users/the-bumble/repos", "events_url": "https://api.github.com/users/the-bumble/events{/privacy}", "received_events_url": "https://api.github.com/users/the-bumble/received_events", "type": "User", "site_admin": false}, "parents": [{"sha": "3244734f6316e6b0884f6ece0f4f84454edd18d3", "url": "https://api.github.com/repos/BishopFox/rmiscout/commits/3244734f6316e6b0884f6ece0f4f84454edd18d3", "html_url": "https://github.com/BishopFox/rmiscout/commit/3244734f6316e6b0884f6ece0f4f84454edd18d3"}]}, {"sha": "3244734f6316e6b0884f6ece0f4f84454edd18d3", "node_id": "MDY6Q29tbWl0MjU2MzI5NTkwOjMyNDQ3MzRmNjMxNmU2YjA4ODRmNmVjZTBmNGY4NDQ1NGVkZDE4ZDM=", "commit": {"author": {"name": "Jake Miller", "email": "jmiller@bishopfox.com", "date": "2020-09-11T11:46:55Z"}, "committer": {"name": "Jake Miller", "email": "jmiller@bishopfox.com", "date": "2020-09-11T11:46:55Z"}, "message": "Fixed regexp for autocorrect", "tree": {"sha": "54af8e6671164e4e9b175c0345720b88265e6b54", "url": "https://api.github.com/repos/BishopFox/rmiscout/git/trees/54af8e6671164e4e9b175c0345720b88265e6b54"}, "url": "https://api.github.com/repos/BishopFox/rmiscout/git/commits/3244734f6316e6b0884f6ece0f4f84454edd18d3", "comment_count": 0, "verification": {"verified": false, "reason": "unsigned", "signature": null, "payload": null}}, "url": "https://api.github.com/repos/BishopFox/rmiscout/commits/3244734f6316e6b0884f6ece0f4f84454edd18d3", "html_url": "https://github.com/BishopFox/rmiscout/commit/3244734f6316e6b0884f6ece0f4f84454edd18d3", "comments_url": "https://api.github.com/repos/BishopFox/rmiscout/commits/3244734f6316e6b0884f6ece0f4f84454edd18d3/comments", "author": {"login": "the-bumble", "id": 1927215, "node_id": "MDQ6VXNlcjE5MjcyMTU=", "avatar_url": "https://avatars.githubusercontent.com/u/1927215?v=4", "gravatar_id": "", "url": "https://api.github.com/users/the-bumble", "html_url": "https://github.com/the-bumble", "followers_url": "https://api.github.com/users/the-bumble/followers", "following_url": "https://api.github.com/users/the-bumble/following{/other_user}", "gists_url": "https://api.github.com/users/the-bumble/gists{/gist_id}", "starred_url": "https://api.github.com/users/the-bumble/starred{/owner}{/repo}", "subscriptions_url": "https://api.github.com/users/the-bumble/subscriptions", "organizations_url": "https://api.github.com/users/the-bumble/orgs", "repos_url": "https://api.github.com/users/the-bumble/repos", "events_url": "https://api.github.com/users/the-bumble/events{/privacy}", "received_events_url": "https://api.github.com/users/the-bumble/received_events", "type": "User", "site_admin": false}, "committer": {"login": "the-bumble", "id": 1927215, "node_id": "MDQ6VXNlcjE5MjcyMTU=", "avatar_url": "https://avatars.githubusercontent.com/u/1927215?v=4", "gravatar_id": "", "url": "https://api.github.com/users/the-bumble", "html_url": "https://github.com/the-bumble", "followers_url": "https://api.github.com/users/the-bumble/followers", "following_url": "https://api.github.com/users/the-bumble/following{/other_user}", "gists_url": "https://api.github.com/users/the-bumble/gists{/gist_id}", "starred_url": "https://api.github.com/users/the-bumble/starred{/owner}{/repo}", "subscriptions_url": "https://api.github.com/users/the-bumble/subscriptions", "organizations_url": "https://api.github.com/users/the-bumble/orgs", "repos_url": "https://api.github.com/users/the-bumble/repos", "events_url": "https://api.github.com/users/the-bumble/events{/privacy}", "received_events_url": "https://api.github.com/users/the-bumble/received_events", "type": "User", "site_admin": false}, "parents": [{"sha": "26d9cd5beaa39d7bfb737fa22403702fd6ee7e38", "url": "https://api.github.com/repos/BishopFox/rmiscout/commits/26d9cd5beaa39d7bfb737fa22403702fd6ee7e38", "html_url": "https://github.com/BishopFox/rmiscout/commit/26d9cd5beaa39d7bfb737fa22403702fd6ee7e38"}]}, {"sha": "26d9cd5beaa39d7bfb737fa22403702fd6ee7e38", "node_id": "MDY6Q29tbWl0MjU2MzI5NTkwOjI2ZDljZDViZWFhMzlkN2JmYjczN2ZhMjI0MDM3MDJmZDZlZTdlMzg=", "commit": {"author": {"name": "Jake Miller", "email": "jmiller@bishopfox.com", "date": "2020-09-11T00:14:26Z"}, "committer": {"name": "Jake Miller", "email": "jmiller@bishopfox.com", "date": "2020-09-11T00:14:26Z"}, "message": "Bug fixes and improved UX\n\n- Fixed exploit/probe bug\n- Added method sig autocorrect to exploit\n- [INFO]/[ERROR] prefixes + red/green highlighting\n- Bumped version", "tree": {"sha": "2321aa7c09c41d740e677fba31786c058b28858a", "url": "https://api.github.com/repos/BishopFox/rmiscout/git/trees/2321aa7c09c41d740e677fba31786c058b28858a"}, "url": "https://api.github.com/repos/BishopFox/rmiscout/git/commits/26d9cd5beaa39d7bfb737fa22403702fd6ee7e38", "comment_count": 0, "verification": {"verified": false, "reason": "unsigned", "signature": null, "payload": null}}, "url": "https://api.github.com/repos/BishopFox/rmiscout/commits/26d9cd5beaa39d7bfb737fa22403702fd6ee7e38", "html_url": "https://github.com/BishopFox/rmiscout/commit/26d9cd5beaa39d7bfb737fa22403702fd6ee7e38", "comments_url": "https://api.github.com/repos/BishopFox/rmiscout/commits/26d9cd5beaa39d7bfb737fa22403702fd6ee7e38/comments", "author": {"login": "the-bumble", "id": 1927215, "node_id": "MDQ6VXNlcjE5MjcyMTU=", "avatar_url": "https://avatars.githubusercontent.com/u/1927215?v=4", "gravatar_id": "", "url": "https://api.github.com/users/the-bumble", "html_url": "https://github.com/the-bumble", "followers_url": "https://api.github.com/users/the-bumble/followers", "following_url": "https://api.github.com/users/the-bumble/following{/other_user}", "gists_url": "https://api.github.com/users/the-bumble/gists{/gist_id}", "starred_url": "https://api.github.com/users/the-bumble/starred{/owner}{/repo}", "subscriptions_url": "https://api.github.com/users/the-bumble/subscriptions", "organizations_url": "https://api.github.com/users/the-bumble/orgs", "repos_url": "https://api.github.com/users/the-bumble/repos", "events_url": "https://api.github.com/users/the-bumble/events{/privacy}", "received_events_url": "https://api.github.com/users/the-bumble/received_events", "type": "User", "site_admin": false}, "committer": {"login": "the-bumble", "id": 1927215, "node_id": "MDQ6VXNlcjE5MjcyMTU=", "avatar_url": "https://avatars.githubusercontent.com/u/1927215?v=4", "gravatar_id": "", "url": "https://api.github.com/users/the-bumble", "html_url": "https://github.com/the-bumble", "followers_url": "https://api.github.com/users/the-bumble/followers", "following_url": "https://api.github.com/users/the-bumble/following{/other_user}", "gists_url": "https://api.github.com/users/the-bumble/gists{/gist_id}", "starred_url": "https://api.github.com/users/the-bumble/starred{/owner}{/repo}", "subscriptions_url": "https://api.github.com/users/the-bumble/subscriptions", "organizations_url": "https://api.github.com/users/the-bumble/orgs", "repos_url": "https://api.github.com/users/the-bumble/repos", "events_url": "https://api.github.com/users/the-bumble/events{/privacy}", "received_events_url": "https://api.github.com/users/the-bumble/received_events", "type": "User", "site_admin": false}, "parents": [{"sha": "cdcf9288176bad09fc296316b3f75cca803848a1", "url": "https://api.github.com/repos/BishopFox/rmiscout/commits/cdcf9288176bad09fc296316b3f75cca803848a1", "html_url": "https://github.com/BishopFox/rmiscout/commit/cdcf9288176bad09fc296316b3f75cca803848a1"}]}, {"sha": "cdcf9288176bad09fc296316b3f75cca803848a1", "node_id": "MDY6Q29tbWl0MjU2MzI5NTkwOmNkY2Y5Mjg4MTc2YmFkMDlmYzI5NjMxNmIzZjc1Y2NhODAzODQ4YTE=", "commit": {"author": {"name": "Jake Miller", "email": "jmiller@bishopfox.com", "date": "2020-08-04T21:32:21Z"}, "committer": {"name": "Jake Miller", "email": "jmiller@bishopfox.com", "date": "2020-08-04T21:32:21Z"}, "message": "bump version", "tree": {"sha": "e6bff3ed392151f0dfa657dd147d2237a6121c1d", "url": "https://api.github.com/repos/BishopFox/rmiscout/git/trees/e6bff3ed392151f0dfa657dd147d2237a6121c1d"}, "url": "https://api.github.com/repos/BishopFox/rmiscout/git/commits/cdcf9288176bad09fc296316b3f75cca803848a1", "comment_count": 0, "verification": {"verified": false, "reason": "unsigned", "signature": null, "payload": null}}, "url": "https://api.github.com/repos/BishopFox/rmiscout/commits/cdcf9288176bad09fc296316b3f75cca803848a1", "html_url": "https://github.com/BishopFox/rmiscout/commit/cdcf9288176bad09fc296316b3f75cca803848a1", "comments_url": "https://api.github.com/repos/BishopFox/rmiscout/commits/cdcf9288176bad09fc296316b3f75cca803848a1/comments", "author": {"login": "the-bumble", "id": 1927215, "node_id": "MDQ6VXNlcjE5MjcyMTU=", "avatar_url": "https://avatars.githubusercontent.com/u/1927215?v=4", "gravatar_id": "", "url": "https://api.github.com/users/the-bumble", "html_url": "https://github.com/the-bumble", "followers_url": "https://api.github.com/users/the-bumble/followers", "following_url": "https://api.github.com/users/the-bumble/following{/other_user}", "gists_url": "https://api.github.com/users/the-bumble/gists{/gist_id}", "starred_url": "https://api.github.com/users/the-bumble/starred{/owner}{/repo}", "subscriptions_url": "https://api.github.com/users/the-bumble/subscriptions", "organizations_url": "https://api.github.com/users/the-bumble/orgs", "repos_url": "https://api.github.com/users/the-bumble/repos", "events_url": "https://api.github.com/users/the-bumble/events{/privacy}", "received_events_url": "https://api.github.com/users/the-bumble/received_events", "type": "User", "site_admin": false}, "committer": {"login": "the-bumble", "id": 1927215, "node_id": "MDQ6VXNlcjE5MjcyMTU=", "avatar_url": "https://avatars.githubusercontent.com/u/1927215?v=4", "gravatar_id": "", "url": "https://api.github.com/users/the-bumble", "html_url": "https://github.com/the-bumble", "followers_url": "https://api.github.com/users/the-bumble/followers", "following_url": "https://api.github.com/users/the-bumble/following{/other_user}", "gists_url": "https://api.github.com/users/the-bumble/gists{/gist_id}", "starred_url": "https://api.github.com/users/the-bumble/starred{/owner}{/repo}", "subscriptions_url": "https://api.github.com/users/the-bumble/subscriptions", "organizations_url": "https://api.github.com/users/the-bumble/orgs", "repos_url": "https://api.github.com/users/the-bumble/repos", "events_url": "https://api.github.com/users/the-bumble/events{/privacy}", "received_events_url": "https://api.github.com/users/the-bumble/received_events", "type": "User", "site_admin": false}, "parents": [{"sha": "96517c45deb6277f97cbc9c876d4fd8b8248afa3", "url": "https://api.github.com/repos/BishopFox/rmiscout/commits/96517c45deb6277f97cbc9c876d4fd8b8248afa3", "html_url": "https://github.com/BishopFox/rmiscout/commit/96517c45deb6277f97cbc9c876d4fd8b8248afa3"}]}, {"sha": "96517c45deb6277f97cbc9c876d4fd8b8248afa3", "node_id": "MDY6Q29tbWl0MjU2MzI5NTkwOjk2NTE3YzQ1ZGViNjI3N2Y5N2NiYzljODc2ZDRmZDhiODI0OGFmYTM=", "commit": {"author": {"name": "Jake Miller", "email": "jmiller@bishopfox.com", "date": "2020-08-04T21:24:49Z"}, "committer": {"name": "Jake Miller", "email": "jmiller@bishopfox.com", "date": "2020-08-04T21:24:49Z"}, "message": "Add Dockerfile", "tree": {"sha": "5a8f08caaed44095b5e48d30e0f0c9636521320c", "url": "https://api.github.com/repos/BishopFox/rmiscout/git/trees/5a8f08caaed44095b5e48d30e0f0c9636521320c"}, "url": "https://api.github.com/repos/BishopFox/rmiscout/git/commits/96517c45deb6277f97cbc9c876d4fd8b8248afa3", "comment_count": 0, "verification": {"verified": false, "reason": "unsigned", "signature": null, "payload": null}}, "url": "https://api.github.com/repos/BishopFox/rmiscout/commits/96517c45deb6277f97cbc9c876d4fd8b8248afa3", "html_url": "https://github.com/BishopFox/rmiscout/commit/96517c45deb6277f97cbc9c876d4fd8b8248afa3", "comments_url": "https://api.github.com/repos/BishopFox/rmiscout/commits/96517c45deb6277f97cbc9c876d4fd8b8248afa3/comments", "author": {"login": "the-bumble", "id": 1927215, "node_id": "MDQ6VXNlcjE5MjcyMTU=", "avatar_url": "https://avatars.githubusercontent.com/u/1927215?v=4", "gravatar_id": "", "url": "https://api.github.com/users/the-bumble", "html_url": "https://github.com/the-bumble", "followers_url": "https://api.github.com/users/the-bumble/followers", "following_url": "https://api.github.com/users/the-bumble/following{/other_user}", "gists_url": "https://api.github.com/users/the-bumble/gists{/gist_id}", "starred_url": "https://api.github.com/users/the-bumble/starred{/owner}{/repo}", "subscriptions_url": "https://api.github.com/users/the-bumble/subscriptions", "organizations_url": "https://api.github.com/users/the-bumble/orgs", "repos_url": "https://api.github.com/users/the-bumble/repos", "events_url": "https://api.github.com/users/the-bumble/events{/privacy}", "received_events_url": "https://api.github.com/users/the-bumble/received_events", "type": "User", "site_admin": false}, "committer": {"login": "the-bumble", "id": 1927215, "node_id": "MDQ6VXNlcjE5MjcyMTU=", "avatar_url": "https://avatars.githubusercontent.com/u/1927215?v=4", "gravatar_id": "", "url": "https://api.github.com/users/the-bumble", "html_url": "https://github.com/the-bumble", "followers_url": "https://api.github.com/users/the-bumble/followers", "following_url": "https://api.github.com/users/the-bumble/following{/other_user}", "gists_url": "https://api.github.com/users/the-bumble/gists{/gist_id}", "starred_url": "https://api.github.com/users/the-bumble/starred{/owner}{/repo}", "subscriptions_url": "https://api.github.com/users/the-bumble/subscriptions", "organizations_url": "https://api.github.com/users/the-bumble/orgs", "repos_url": "https://api.github.com/users/the-bumble/repos", "events_url": "https://api.github.com/users/the-bumble/events{/privacy}", "received_events_url": "https://api.github.com/users/the-bumble/received_events", "type": "User", "site_admin": false}, "parents": [{"sha": "4e8d985bf9d4c9b66a8478105a265716db3c382e", "url": "https://api.github.com/repos/BishopFox/rmiscout/commits/4e8d985bf9d4c9b66a8478105a265716db3c382e", "html_url": "https://github.com/BishopFox/rmiscout/commit/4e8d985bf9d4c9b66a8478105a265716db3c382e"}]}, {"sha": "4e8d985bf9d4c9b66a8478105a265716db3c382e", "node_id": "MDY6Q29tbWl0MjU2MzI5NTkwOjRlOGQ5ODViZjlkNGM5YjY2YTg0NzgxMDVhMjY1NzE2ZGIzYzM4MmU=", "commit": {"author": {"name": "Jake Miller", "email": "jmiller@bishopfox.com", "date": "2020-08-04T21:20:01Z"}, "committer": {"name": "Jake Miller", "email": "jmiller@bishopfox.com", "date": "2020-08-04T21:20:06Z"}, "message": "Add support for RMI SSL\n\nRMIScout first attempts cleartext communication, falling to an all-trusting SSL\nconnection, as it is less common. Saves users from dealing with\nkeystores/validation for something they're trying to exploit XD.", "tree": {"sha": "e83300dbd669325279000d4174a5b729dad03e26", "url": "https://api.github.com/repos/BishopFox/rmiscout/git/trees/e83300dbd669325279000d4174a5b729dad03e26"}, "url": "https://api.github.com/repos/BishopFox/rmiscout/git/commits/4e8d985bf9d4c9b66a8478105a265716db3c382e", "comment_count": 0, "verification": {"verified": false, "reason": "unsigned", "signature": null, "payload": null}}, "url": "https://api.github.com/repos/BishopFox/rmiscout/commits/4e8d985bf9d4c9b66a8478105a265716db3c382e", "html_url": "https://github.com/BishopFox/rmiscout/commit/4e8d985bf9d4c9b66a8478105a265716db3c382e", "comments_url": "https://api.github.com/repos/BishopFox/rmiscout/commits/4e8d985bf9d4c9b66a8478105a265716db3c382e/comments", "author": {"login": "the-bumble", "id": 1927215, "node_id": "MDQ6VXNlcjE5MjcyMTU=", "avatar_url": "https://avatars.githubusercontent.com/u/1927215?v=4", "gravatar_id": "", "url": "https://api.github.com/users/the-bumble", "html_url": "https://github.com/the-bumble", "followers_url": "https://api.github.com/users/the-bumble/followers", "following_url": "https://api.github.com/users/the-bumble/following{/other_user}", "gists_url": "https://api.github.com/users/the-bumble/gists{/gist_id}", "starred_url": "https://api.github.com/users/the-bumble/starred{/owner}{/repo}", "subscriptions_url": "https://api.github.com/users/the-bumble/subscriptions", "organizations_url": "https://api.github.com/users/the-bumble/orgs", "repos_url": "https://api.github.com/users/the-bumble/repos", "events_url": "https://api.github.com/users/the-bumble/events{/privacy}", "received_events_url": "https://api.github.com/users/the-bumble/received_events", "type": "User", "site_admin": false}, "committer": {"login": "the-bumble", "id": 1927215, "node_id": "MDQ6VXNlcjE5MjcyMTU=", "avatar_url": "https://avatars.githubusercontent.com/u/1927215?v=4", "gravatar_id": "", "url": "https://api.github.com/users/the-bumble", "html_url": "https://github.com/the-bumble", "followers_url": "https://api.github.com/users/the-bumble/followers", "following_url": "https://api.github.com/users/the-bumble/following{/other_user}", "gists_url": "https://api.github.com/users/the-bumble/gists{/gist_id}", "starred_url": "https://api.github.com/users/the-bumble/starred{/owner}{/repo}", "subscriptions_url": "https://api.github.com/users/the-bumble/subscriptions", "organizations_url": "https://api.github.com/users/the-bumble/orgs", "repos_url": "https://api.github.com/users/the-bumble/repos", "events_url": "https://api.github.com/users/the-bumble/events{/privacy}", "received_events_url": "https://api.github.com/users/the-bumble/received_events", "type": "User", "site_admin": false}, "parents": [{"sha": "bf05aa1709fb5ff382d5fd24d610ecd98fb723a5", "url": "https://api.github.com/repos/BishopFox/rmiscout/commits/bf05aa1709fb5ff382d5fd24d610ecd98fb723a5", "html_url": "https://github.com/BishopFox/rmiscout/commit/bf05aa1709fb5ff382d5fd24d610ecd98fb723a5"}]}, {"sha": "bf05aa1709fb5ff382d5fd24d610ecd98fb723a5", "node_id": "MDY6Q29tbWl0MjU2MzI5NTkwOmJmMDVhYTE3MDlmYjVmZjM4MmQ1ZmQyNGQ2MTBlY2Q5OGZiNzIzYTU=", "commit": {"author": {"name": "Jake Miller", "email": "jmiller@bishopfox.com", "date": "2020-06-11T16:40:50Z"}, "committer": {"name": "Jake Miller", "email": "jmiller@bishopfox.com", "date": "2020-06-11T16:40:50Z"}, "message": "v1.01", "tree": {"sha": "26c1939bcb6bd77b03412e6b9199c5d3c72d0bad", "url": "https://api.github.com/repos/BishopFox/rmiscout/git/trees/26c1939bcb6bd77b03412e6b9199c5d3c72d0bad"}, "url": "https://api.github.com/repos/BishopFox/rmiscout/git/commits/bf05aa1709fb5ff382d5fd24d610ecd98fb723a5", "comment_count": 0, "verification": {"verified": false, "reason": "unsigned", "signature": null, "payload": null}}, "url": "https://api.github.com/repos/BishopFox/rmiscout/commits/bf05aa1709fb5ff382d5fd24d610ecd98fb723a5", "html_url": "https://github.com/BishopFox/rmiscout/commit/bf05aa1709fb5ff382d5fd24d610ecd98fb723a5", "comments_url": "https://api.github.com/repos/BishopFox/rmiscout/commits/bf05aa1709fb5ff382d5fd24d610ecd98fb723a5/comments", "author": {"login": "the-bumble", "id": 1927215, "node_id": "MDQ6VXNlcjE5MjcyMTU=", "avatar_url": "https://avatars.githubusercontent.com/u/1927215?v=4", "gravatar_id": "", "url": "https://api.github.com/users/the-bumble", "html_url": "https://github.com/the-bumble", "followers_url": "https://api.github.com/users/the-bumble/followers", "following_url": "https://api.github.com/users/the-bumble/following{/other_user}", "gists_url": "https://api.github.com/users/the-bumble/gists{/gist_id}", "starred_url": "https://api.github.com/users/the-bumble/starred{/owner}{/repo}", "subscriptions_url": "https://api.github.com/users/the-bumble/subscriptions", "organizations_url": "https://api.github.com/users/the-bumble/orgs", "repos_url": "https://api.github.com/users/the-bumble/repos", "events_url": "https://api.github.com/users/the-bumble/events{/privacy}", "received_events_url": "https://api.github.com/users/the-bumble/received_events", "type": "User", "site_admin": false}, "committer": {"login": "the-bumble", "id": 1927215, "node_id": "MDQ6VXNlcjE5MjcyMTU=", "avatar_url": "https://avatars.githubusercontent.com/u/1927215?v=4", "gravatar_id": "", "url": "https://api.github.com/users/the-bumble", "html_url": "https://github.com/the-bumble", "followers_url": "https://api.github.com/users/the-bumble/followers", "following_url": "https://api.github.com/users/the-bumble/following{/other_user}", "gists_url": "https://api.github.com/users/the-bumble/gists{/gist_id}", "starred_url": "https://api.github.com/users/the-bumble/starred{/owner}{/repo}", "subscriptions_url": "https://api.github.com/users/the-bumble/subscriptions", "organizations_url": "https://api.github.com/users/the-bumble/orgs", "repos_url": "https://api.github.com/users/the-bumble/repos", "events_url": "https://api.github.com/users/the-bumble/events{/privacy}", "received_events_url": "https://api.github.com/users/the-bumble/received_events", "type": "User", "site_admin": false}, "parents": [{"sha": "f2ea8cb5f5f0aa206cf0aa8c3a15d71b6d058a1d", "url": "https://api.github.com/repos/BishopFox/rmiscout/commits/f2ea8cb5f5f0aa206cf0aa8c3a15d71b6d058a1d", "html_url": "https://github.com/BishopFox/rmiscout/commit/f2ea8cb5f5f0aa206cf0aa8c3a15d71b6d058a1d"}]}, {"sha": "f2ea8cb5f5f0aa206cf0aa8c3a15d71b6d058a1d", "node_id": "MDY6Q29tbWl0MjU2MzI5NTkwOmYyZWE4Y2I1ZjVmMGFhMjA2Y2YwYWE4YzNhMTVkNzFiNmQwNThhMWQ=", "commit": {"author": {"name": "Jake Miller", "email": "jmiller@bishopfox.com", "date": "2020-06-11T15:14:53Z"}, "committer": {"name": "Jake Miller", "email": "jmiller@bishopfox.com", "date": "2020-06-11T15:14:53Z"}, "message": "Added RMI Activation Server support\n\nRMI Activation is a deprecated part of the RMI subsystem. But, there\nmay be some users who still encounter these old servers. Adding support\nthrough the --activation-server. Detection is added, as well. Fixes #3", "tree": {"sha": "76f9d4cc53fe0d44a2be6edadd21b5d954c208f9", "url": "https://api.github.com/repos/BishopFox/rmiscout/git/trees/76f9d4cc53fe0d44a2be6edadd21b5d954c208f9"}, "url": "https://api.github.com/repos/BishopFox/rmiscout/git/commits/f2ea8cb5f5f0aa206cf0aa8c3a15d71b6d058a1d", "comment_count": 0, "verification": {"verified": false, "reason": "unsigned", "signature": null, "payload": null}}, "url": "https://api.github.com/repos/BishopFox/rmiscout/commits/f2ea8cb5f5f0aa206cf0aa8c3a15d71b6d058a1d", "html_url": "https://github.com/BishopFox/rmiscout/commit/f2ea8cb5f5f0aa206cf0aa8c3a15d71b6d058a1d", "comments_url": "https://api.github.com/repos/BishopFox/rmiscout/commits/f2ea8cb5f5f0aa206cf0aa8c3a15d71b6d058a1d/comments", "author": {"login": "the-bumble", "id": 1927215, "node_id": "MDQ6VXNlcjE5MjcyMTU=", "avatar_url": "https://avatars.githubusercontent.com/u/1927215?v=4", "gravatar_id": "", "url": "https://api.github.com/users/the-bumble", "html_url": "https://github.com/the-bumble", "followers_url": "https://api.github.com/users/the-bumble/followers", "following_url": "https://api.github.com/users/the-bumble/following{/other_user}", "gists_url": "https://api.github.com/users/the-bumble/gists{/gist_id}", "starred_url": "https://api.github.com/users/the-bumble/starred{/owner}{/repo}", "subscriptions_url": "https://api.github.com/users/the-bumble/subscriptions", "organizations_url": "https://api.github.com/users/the-bumble/orgs", "repos_url": "https://api.github.com/users/the-bumble/repos", "events_url": "https://api.github.com/users/the-bumble/events{/privacy}", "received_events_url": "https://api.github.com/users/the-bumble/received_events", "type": "User", "site_admin": false}, "committer": {"login": "the-bumble", "id": 1927215, "node_id": "MDQ6VXNlcjE5MjcyMTU=", "avatar_url": "https://avatars.githubusercontent.com/u/1927215?v=4", "gravatar_id": "", "url": "https://api.github.com/users/the-bumble", "html_url": "https://github.com/the-bumble", "followers_url": "https://api.github.com/users/the-bumble/followers", "following_url": "https://api.github.com/users/the-bumble/following{/other_user}", "gists_url": "https://api.github.com/users/the-bumble/gists{/gist_id}", "starred_url": "https://api.github.com/users/the-bumble/starred{/owner}{/repo}", "subscriptions_url": "https://api.github.com/users/the-bumble/subscriptions", "organizations_url": "https://api.github.com/users/the-bumble/orgs", "repos_url": "https://api.github.com/users/the-bumble/repos", "events_url": "https://api.github.com/users/the-bumble/events{/privacy}", "received_events_url": "https://api.github.com/users/the-bumble/received_events", "type": "User", "site_admin": false}, "parents": [{"sha": "831d81bff1ea57c21ed9ccf8a7f1db3fc2d0c64a", "url": "https://api.github.com/repos/BishopFox/rmiscout/commits/831d81bff1ea57c21ed9ccf8a7f1db3fc2d0c64a", "html_url": "https://github.com/BishopFox/rmiscout/commit/831d81bff1ea57c21ed9ccf8a7f1db3fc2d0c64a"}]}, {"sha": "831d81bff1ea57c21ed9ccf8a7f1db3fc2d0c64a", "node_id": "MDY6Q29tbWl0MjU2MzI5NTkwOjgzMWQ4MWJmZjFlYTU3YzIxZWQ5Y2NmOGE3ZjFkYjNmYzJkMGM2NGE=", "commit": {"author": {"name": "Jake Miller", "email": "jmiller@bishopfox.com", "date": "2020-06-10T21:38:56Z"}, "committer": {"name": "Jake Miller", "email": "jmiller@bishopfox.com", "date": "2020-06-10T21:38:56Z"}, "message": "Fix retrieval remote reg interface name", "tree": {"sha": "a8669e95ef30bfda54f903b308262ecc3fa81fb7", "url": "https://api.github.com/repos/BishopFox/rmiscout/git/trees/a8669e95ef30bfda54f903b308262ecc3fa81fb7"}, "url": "https://api.github.com/repos/BishopFox/rmiscout/git/commits/831d81bff1ea57c21ed9ccf8a7f1db3fc2d0c64a", "comment_count": 0, "verification": {"verified": false, "reason": "unsigned", "signature": null, "payload": null}}, "url": "https://api.github.com/repos/BishopFox/rmiscout/commits/831d81bff1ea57c21ed9ccf8a7f1db3fc2d0c64a", "html_url": "https://github.com/BishopFox/rmiscout/commit/831d81bff1ea57c21ed9ccf8a7f1db3fc2d0c64a", "comments_url": "https://api.github.com/repos/BishopFox/rmiscout/commits/831d81bff1ea57c21ed9ccf8a7f1db3fc2d0c64a/comments", "author": {"login": "the-bumble", "id": 1927215, "node_id": "MDQ6VXNlcjE5MjcyMTU=", "avatar_url": "https://avatars.githubusercontent.com/u/1927215?v=4", "gravatar_id": "", "url": "https://api.github.com/users/the-bumble", "html_url": "https://github.com/the-bumble", "followers_url": "https://api.github.com/users/the-bumble/followers", "following_url": "https://api.github.com/users/the-bumble/following{/other_user}", "gists_url": "https://api.github.com/users/the-bumble/gists{/gist_id}", "starred_url": "https://api.github.com/users/the-bumble/starred{/owner}{/repo}", "subscriptions_url": "https://api.github.com/users/the-bumble/subscriptions", "organizations_url": "https://api.github.com/users/the-bumble/orgs", "repos_url": "https://api.github.com/users/the-bumble/repos", "events_url": "https://api.github.com/users/the-bumble/events{/privacy}", "received_events_url": "https://api.github.com/users/the-bumble/received_events", "type": "User", "site_admin": false}, "committer": {"login": "the-bumble", "id": 1927215, "node_id": "MDQ6VXNlcjE5MjcyMTU=", "avatar_url": "https://avatars.githubusercontent.com/u/1927215?v=4", "gravatar_id": "", "url": "https://api.github.com/users/the-bumble", "html_url": "https://github.com/the-bumble", "followers_url": "https://api.github.com/users/the-bumble/followers", "following_url": "https://api.github.com/users/the-bumble/following{/other_user}", "gists_url": "https://api.github.com/users/the-bumble/gists{/gist_id}", "starred_url": "https://api.github.com/users/the-bumble/starred{/owner}{/repo}", "subscriptions_url": "https://api.github.com/users/the-bumble/subscriptions", "organizations_url": "https://api.github.com/users/the-bumble/orgs", "repos_url": "https://api.github.com/users/the-bumble/repos", "events_url": "https://api.github.com/users/the-bumble/events{/privacy}", "received_events_url": "https://api.github.com/users/the-bumble/received_events", "type": "User", "site_admin": false}, "parents": [{"sha": "6748098a6c5e3319a3e1dd60092633c1c59e080a", "url": "https://api.github.com/repos/BishopFox/rmiscout/commits/6748098a6c5e3319a3e1dd60092633c1c59e080a", "html_url": "https://github.com/BishopFox/rmiscout/commit/6748098a6c5e3319a3e1dd60092633c1c59e080a"}]}, {"sha": "6748098a6c5e3319a3e1dd60092633c1c59e080a", "node_id": "MDY6Q29tbWl0MjU2MzI5NTkwOjY3NDgwOThhNmM1ZTMzMTlhM2UxZGQ2MDA5MjYzM2MxYzU5ZTA4MGE=", "commit": {"author": {"name": "Jake Miller", "email": "jmiller@bishopfox.com", "date": "2020-04-22T21:32:50Z"}, "committer": {"name": "Jake Miller", "email": "jmiller@bishopfox.com", "date": "2020-05-22T18:26:09Z"}, "message": "Release commit", "tree": {"sha": "edaee6078038aec99922dfb9953ecb3aa1764d49", "url": "https://api.github.com/repos/BishopFox/rmiscout/git/trees/edaee6078038aec99922dfb9953ecb3aa1764d49"}, "url": "https://api.github.com/repos/BishopFox/rmiscout/git/commits/6748098a6c5e3319a3e1dd60092633c1c59e080a", "comment_count": 0, "verification": {"verified": false, "reason": "unsigned", "signature": null, "payload": null}}, "url": "https://api.github.com/repos/BishopFox/rmiscout/commits/6748098a6c5e3319a3e1dd60092633c1c59e080a", "html_url": "https://github.com/BishopFox/rmiscout/commit/6748098a6c5e3319a3e1dd60092633c1c59e080a", "comments_url": "https://api.github.com/repos/BishopFox/rmiscout/commits/6748098a6c5e3319a3e1dd60092633c1c59e080a/comments", "author": {"login": "the-bumble", "id": 1927215, "node_id": "MDQ6VXNlcjE5MjcyMTU=", "avatar_url": "https://avatars.githubusercontent.com/u/1927215?v=4", "gravatar_id": "", "url": "https://api.github.com/users/the-bumble", "html_url": "https://github.com/the-bumble", "followers_url": "https://api.github.com/users/the-bumble/followers", "following_url": "https://api.github.com/users/the-bumble/following{/other_user}", "gists_url": "https://api.github.com/users/the-bumble/gists{/gist_id}", "starred_url": "https://api.github.com/users/the-bumble/starred{/owner}{/repo}", "subscriptions_url": "https://api.github.com/users/the-bumble/subscriptions", "organizations_url": "https://api.github.com/users/the-bumble/orgs", "repos_url": "https://api.github.com/users/the-bumble/repos", "events_url": "https://api.github.com/users/the-bumble/events{/privacy}", "received_events_url": "https://api.github.com/users/the-bumble/received_events", "type": "User", "site_admin": false}, "committer": {"login": "the-bumble", "id": 1927215, "node_id": "MDQ6VXNlcjE5MjcyMTU=", "avatar_url": "https://avatars.githubusercontent.com/u/1927215?v=4", "gravatar_id": "", "url": "https://api.github.com/users/the-bumble", "html_url": "https://github.com/the-bumble", "followers_url": "https://api.github.com/users/the-bumble/followers", "following_url": "https://api.github.com/users/the-bumble/following{/other_user}", "gists_url": "https://api.github.com/users/the-bumble/gists{/gist_id}", "starred_url": "https://api.github.com/users/the-bumble/starred{/owner}{/repo}", "subscriptions_url": "https://api.github.com/users/the-bumble/subscriptions", "organizations_url": "https://api.github.com/users/the-bumble/orgs", "repos_url": "https://api.github.com/users/the-bumble/repos", "events_url": "https://api.github.com/users/the-bumble/events{/privacy}", "received_events_url": "https://api.github.com/users/the-bumble/received_events", "type": "User", "site_admin": false}, "parents": []}]