[{"sha": "2108f6ed9e28a299ef9928bc1d5d5ff0d19fd33e", "node_id": "MDY6Q29tbWl0NjM5ODY3NzA6MjEwOGY2ZWQ5ZTI4YTI5OWVmOTkyOGJjMWQ1ZDVmZjBkMTlmZDMzZQ==", "commit": {"author": {"name": "Karim shoair", "email": "D4Vinci@users.noreply.github.com", "date": "2021-07-29T16:41:58Z"}, "committer": {"name": "Karim shoair", "email": "D4Vinci@users.noreply.github.com", "date": "2021-07-29T16:41:58Z"}, "message": "Completely rewritten it's a new tool now.", "tree": {"sha": "2453ba6f4e80e16d39759e924cfb75d91c441ed4", "url": "https://api.github.com/repos/D4Vinci/elpscrk/git/trees/2453ba6f4e80e16d39759e924cfb75d91c441ed4"}, "url": "https://api.github.com/repos/D4Vinci/elpscrk/git/commits/2108f6ed9e28a299ef9928bc1d5d5ff0d19fd33e", "comment_count": 0, "verification": {"verified": false, "reason": "unsigned", "signature": null, "payload": null}}, "url": "https://api.github.com/repos/D4Vinci/elpscrk/commits/2108f6ed9e28a299ef9928bc1d5d5ff0d19fd33e", "html_url": "https://github.com/D4Vinci/elpscrk/commit/2108f6ed9e28a299ef9928bc1d5d5ff0d19fd33e", "comments_url": "https://api.github.com/repos/D4Vinci/elpscrk/commits/2108f6ed9e28a299ef9928bc1d5d5ff0d19fd33e/comments", "author": {"login": "D4Vinci", "id": 20604835, "node_id": "MDQ6VXNlcjIwNjA0ODM1", "avatar_url": "https://avatars.githubusercontent.com/u/20604835?v=4", "gravatar_id": "", "url": "https://api.github.com/users/D4Vinci", "html_url": "https://github.com/D4Vinci", "followers_url": "https://api.github.com/users/D4Vinci/followers", "following_url": "https://api.github.com/users/D4Vinci/following{/other_user}", "gists_url": "https://api.github.com/users/D4Vinci/gists{/gist_id}", "starred_url": "https://api.github.com/users/D4Vinci/starred{/owner}{/repo}", "subscriptions_url": "https://api.github.com/users/D4Vinci/subscriptions", "organizations_url": "https://api.github.com/users/D4Vinci/orgs", "repos_url": "https://api.github.com/users/D4Vinci/repos", "events_url": "https://api.github.com/users/D4Vinci/events{/privacy}", "received_events_url": "https://api.github.com/users/D4Vinci/received_events", "type": "User", "site_admin": false}, "committer": {"login": "D4Vinci", "id": 20604835, "node_id": "MDQ6VXNlcjIwNjA0ODM1", "avatar_url": "https://avatars.githubusercontent.com/u/20604835?v=4", "gravatar_id": "", "url": "https://api.github.com/users/D4Vinci", "html_url": "https://github.com/D4Vinci", "followers_url": "https://api.github.com/users/D4Vinci/followers", "following_url": "https://api.github.com/users/D4Vinci/following{/other_user}", "gists_url": "https://api.github.com/users/D4Vinci/gists{/gist_id}", "starred_url": "https://api.github.com/users/D4Vinci/starred{/owner}{/repo}", "subscriptions_url": "https://api.github.com/users/D4Vinci/subscriptions", "organizations_url": "https://api.github.com/users/D4Vinci/orgs", "repos_url": "https://api.github.com/users/D4Vinci/repos", "events_url": "https://api.github.com/users/D4Vinci/events{/privacy}", "received_events_url": "https://api.github.com/users/D4Vinci/received_events", "type": "User", "site_admin": false}, "parents": [{"sha": "c9bc9be7a6b9fae41fe51cda51013564cf55b0be", "url": "https://api.github.com/repos/D4Vinci/elpscrk/commits/c9bc9be7a6b9fae41fe51cda51013564cf55b0be", "html_url": "https://github.com/D4Vinci/elpscrk/commit/c9bc9be7a6b9fae41fe51cda51013564cf55b0be"}]}, {"sha": "c9bc9be7a6b9fae41fe51cda51013564cf55b0be", "node_id": "MDY6Q29tbWl0NjM5ODY3NzA6YzliYzliZTdhNmI5ZmFlNDFmZTUxY2RhNTEwMTM1NjRjZjU1YjBiZQ==", "commit": {"author": {"name": "D4Vinci", "email": "D4Vinci@users.noreply.github.com", "date": "2017-02-04T13:42:04Z"}, "committer": {"name": "GitHub", "email": "noreply@github.com", "date": "2017-02-04T13:42:04Z"}, "message": "Update README.md", "tree": {"sha": "a86a0ce9f73d193d04b5cf54ef3c43009bf964e7", "url": "https://api.github.com/repos/D4Vinci/elpscrk/git/trees/a86a0ce9f73d193d04b5cf54ef3c43009bf964e7"}, "url": "https://api.github.com/repos/D4Vinci/elpscrk/git/commits/c9bc9be7a6b9fae41fe51cda51013564cf55b0be", "comment_count": 0, "verification": {"verified": false, "reason": "unsigned", "signature": null, "payload": null}}, "url": "https://api.github.com/repos/D4Vinci/elpscrk/commits/c9bc9be7a6b9fae41fe51cda51013564cf55b0be", "html_url": "https://github.com/D4Vinci/elpscrk/commit/c9bc9be7a6b9fae41fe51cda51013564cf55b0be", "comments_url": "https://api.github.com/repos/D4Vinci/elpscrk/commits/c9bc9be7a6b9fae41fe51cda51013564cf55b0be/comments", "author": {"login": "D4Vinci", "id": 20604835, "node_id": "MDQ6VXNlcjIwNjA0ODM1", "avatar_url": "https://avatars.githubusercontent.com/u/20604835?v=4", "gravatar_id": "", "url": "https://api.github.com/users/D4Vinci", "html_url": "https://github.com/D4Vinci", "followers_url": "https://api.github.com/users/D4Vinci/followers", "following_url": "https://api.github.com/users/D4Vinci/following{/other_user}", "gists_url": "https://api.github.com/users/D4Vinci/gists{/gist_id}", "starred_url": "https://api.github.com/users/D4Vinci/starred{/owner}{/repo}", "subscriptions_url": "https://api.github.com/users/D4Vinci/subscriptions", "organizations_url": "https://api.github.com/users/D4Vinci/orgs", "repos_url": "https://api.github.com/users/D4Vinci/repos", "events_url": "https://api.github.com/users/D4Vinci/events{/privacy}", "received_events_url": "https://api.github.com/users/D4Vinci/received_events", "type": "User", "site_admin": false}, "committer": {"login": "web-flow", "id": 19864447, "node_id": "MDQ6VXNlcjE5ODY0NDQ3", "avatar_url": "https://avatars.githubusercontent.com/u/19864447?v=4", "gravatar_id": "", "url": "https://api.github.com/users/web-flow", "html_url": "https://github.com/web-flow", "followers_url": "https://api.github.com/users/web-flow/followers", "following_url": "https://api.github.com/users/web-flow/following{/other_user}", "gists_url": "https://api.github.com/users/web-flow/gists{/gist_id}", "starred_url": "https://api.github.com/users/web-flow/starred{/owner}{/repo}", "subscriptions_url": "https://api.github.com/users/web-flow/subscriptions", "organizations_url": "https://api.github.com/users/web-flow/orgs", "repos_url": "https://api.github.com/users/web-flow/repos", "events_url": "https://api.github.com/users/web-flow/events{/privacy}", "received_events_url": "https://api.github.com/users/web-flow/received_events", "type": "User", "site_admin": false}, "parents": [{"sha": "5867543eca2fbed6e00dddf3a3eb154bc82ef27f", "url": "https://api.github.com/repos/D4Vinci/elpscrk/commits/5867543eca2fbed6e00dddf3a3eb154bc82ef27f", "html_url": "https://github.com/D4Vinci/elpscrk/commit/5867543eca2fbed6e00dddf3a3eb154bc82ef27f"}]}, {"sha": "5867543eca2fbed6e00dddf3a3eb154bc82ef27f", "node_id": "MDY6Q29tbWl0NjM5ODY3NzA6NTg2NzU0M2VjYTJmYmVkNmUwMGRkZGYzYTNlYjE1NGJjODJlZjI3Zg==", "commit": {"author": {"name": "D4Vinci", "email": "D4Vinci@users.noreply.github.com", "date": "2017-02-04T13:37:24Z"}, "committer": {"name": "GitHub", "email": "noreply@github.com", "date": "2017-02-04T13:37:24Z"}, "message": "Add files via upload", "tree": {"sha": "c29f5d112f7839107c60afc2ef0dfb91e8e349f5", "url": "https://api.github.com/repos/D4Vinci/elpscrk/git/trees/c29f5d112f7839107c60afc2ef0dfb91e8e349f5"}, "url": "https://api.github.com/repos/D4Vinci/elpscrk/git/commits/5867543eca2fbed6e00dddf3a3eb154bc82ef27f", "comment_count": 0, "verification": {"verified": false, "reason": "unsigned", "signature": null, "payload": null}}, "url": "https://api.github.com/repos/D4Vinci/elpscrk/commits/5867543eca2fbed6e00dddf3a3eb154bc82ef27f", "html_url": "https://github.com/D4Vinci/elpscrk/commit/5867543eca2fbed6e00dddf3a3eb154bc82ef27f", "comments_url": "https://api.github.com/repos/D4Vinci/elpscrk/commits/5867543eca2fbed6e00dddf3a3eb154bc82ef27f/comments", "author": {"login": "D4Vinci", "id": 20604835, "node_id": "MDQ6VXNlcjIwNjA0ODM1", "avatar_url": "https://avatars.githubusercontent.com/u/20604835?v=4", "gravatar_id": "", "url": "https://api.github.com/users/D4Vinci", "html_url": "https://github.com/D4Vinci", "followers_url": "https://api.github.com/users/D4Vinci/followers", "following_url": "https://api.github.com/users/D4Vinci/following{/other_user}", "gists_url": "https://api.github.com/users/D4Vinci/gists{/gist_id}", "starred_url": "https://api.github.com/users/D4Vinci/starred{/owner}{/repo}", "subscriptions_url": "https://api.github.com/users/D4Vinci/subscriptions", "organizations_url": "https://api.github.com/users/D4Vinci/orgs", "repos_url": "https://api.github.com/users/D4Vinci/repos", "events_url": "https://api.github.com/users/D4Vinci/events{/privacy}", "received_events_url": "https://api.github.com/users/D4Vinci/received_events", "type": "User", "site_admin": false}, "committer": {"login": "web-flow", "id": 19864447, "node_id": "MDQ6VXNlcjE5ODY0NDQ3", "avatar_url": "https://avatars.githubusercontent.com/u/19864447?v=4", "gravatar_id": "", "url": "https://api.github.com/users/web-flow", "html_url": "https://github.com/web-flow", "followers_url": "https://api.github.com/users/web-flow/followers", "following_url": "https://api.github.com/users/web-flow/following{/other_user}", "gists_url": "https://api.github.com/users/web-flow/gists{/gist_id}", "starred_url": "https://api.github.com/users/web-flow/starred{/owner}{/repo}", "subscriptions_url": "https://api.github.com/users/web-flow/subscriptions", "organizations_url": "https://api.github.com/users/web-flow/orgs", "repos_url": "https://api.github.com/users/web-flow/repos", "events_url": "https://api.github.com/users/web-flow/events{/privacy}", "received_events_url": "https://api.github.com/users/web-flow/received_events", "type": "User", "site_admin": false}, "parents": [{"sha": "66ed47682fc2f7e939a9a0c2a1e32e8c63fd2bb2", "url": "https://api.github.com/repos/D4Vinci/elpscrk/commits/66ed47682fc2f7e939a9a0c2a1e32e8c63fd2bb2", "html_url": "https://github.com/D4Vinci/elpscrk/commit/66ed47682fc2f7e939a9a0c2a1e32e8c63fd2bb2"}]}, {"sha": "66ed47682fc2f7e939a9a0c2a1e32e8c63fd2bb2", "node_id": "MDY6Q29tbWl0NjM5ODY3NzA6NjZlZDQ3NjgyZmMyZjdlOTM5YTlhMGMyYTFlMzJlOGM2M2ZkMmJiMg==", "commit": {"author": {"name": "D4Vinci", "email": "D4Vinci@users.noreply.github.com", "date": "2016-07-22T22:53:07Z"}, "committer": {"name": "GitHub", "email": "noreply@github.com", "date": "2016-07-22T22:53:07Z"}, "message": "Update README.md", "tree": {"sha": "18eaff704751a0b70ef3726bd1a39cdec4feb201", "url": "https://api.github.com/repos/D4Vinci/elpscrk/git/trees/18eaff704751a0b70ef3726bd1a39cdec4feb201"}, "url": "https://api.github.com/repos/D4Vinci/elpscrk/git/commits/66ed47682fc2f7e939a9a0c2a1e32e8c63fd2bb2", "comment_count": 0, "verification": {"verified": false, "reason": "unsigned", "signature": null, "payload": null}}, "url": "https://api.github.com/repos/D4Vinci/elpscrk/commits/66ed47682fc2f7e939a9a0c2a1e32e8c63fd2bb2", "html_url": "https://github.com/D4Vinci/elpscrk/commit/66ed47682fc2f7e939a9a0c2a1e32e8c63fd2bb2", "comments_url": "https://api.github.com/repos/D4Vinci/elpscrk/commits/66ed47682fc2f7e939a9a0c2a1e32e8c63fd2bb2/comments", "author": {"login": "D4Vinci", "id": 20604835, "node_id": "MDQ6VXNlcjIwNjA0ODM1", "avatar_url": "https://avatars.githubusercontent.com/u/20604835?v=4", "gravatar_id": "", "url": "https://api.github.com/users/D4Vinci", "html_url": "https://github.com/D4Vinci", "followers_url": "https://api.github.com/users/D4Vinci/followers", "following_url": "https://api.github.com/users/D4Vinci/following{/other_user}", "gists_url": "https://api.github.com/users/D4Vinci/gists{/gist_id}", "starred_url": "https://api.github.com/users/D4Vinci/starred{/owner}{/repo}", "subscriptions_url": "https://api.github.com/users/D4Vinci/subscriptions", "organizations_url": "https://api.github.com/users/D4Vinci/orgs", "repos_url": "https://api.github.com/users/D4Vinci/repos", "events_url": "https://api.github.com/users/D4Vinci/events{/privacy}", "received_events_url": "https://api.github.com/users/D4Vinci/received_events", "type": "User", "site_admin": false}, "committer": {"login": "web-flow", "id": 19864447, "node_id": "MDQ6VXNlcjE5ODY0NDQ3", "avatar_url": "https://avatars.githubusercontent.com/u/19864447?v=4", "gravatar_id": "", "url": "https://api.github.com/users/web-flow", "html_url": "https://github.com/web-flow", "followers_url": "https://api.github.com/users/web-flow/followers", "following_url": "https://api.github.com/users/web-flow/following{/other_user}", "gists_url": "https://api.github.com/users/web-flow/gists{/gist_id}", "starred_url": "https://api.github.com/users/web-flow/starred{/owner}{/repo}", "subscriptions_url": "https://api.github.com/users/web-flow/subscriptions", "organizations_url": "https://api.github.com/users/web-flow/orgs", "repos_url": "https://api.github.com/users/web-flow/repos", "events_url": "https://api.github.com/users/web-flow/events{/privacy}", "received_events_url": "https://api.github.com/users/web-flow/received_events", "type": "User", "site_admin": false}, "parents": [{"sha": "5b5c1871ee3ffa0fc3de6086c50272d7dd6b00e9", "url": "https://api.github.com/repos/D4Vinci/elpscrk/commits/5b5c1871ee3ffa0fc3de6086c50272d7dd6b00e9", "html_url": "https://github.com/D4Vinci/elpscrk/commit/5b5c1871ee3ffa0fc3de6086c50272d7dd6b00e9"}]}, {"sha": "5b5c1871ee3ffa0fc3de6086c50272d7dd6b00e9", "node_id": "MDY6Q29tbWl0NjM5ODY3NzA6NWI1YzE4NzFlZTNmZmEwZmMzZGU2MDg2YzUwMjcyZDdkZDZiMDBlOQ==", "commit": {"author": {"name": "D4Vinci", "email": "D4Vinci@users.noreply.github.com", "date": "2016-07-22T22:41:12Z"}, "committer": {"name": "GitHub", "email": "noreply@github.com", "date": "2016-07-22T22:41:12Z"}, "message": "Update README.md", "tree": {"sha": "92d482b296dbe7598faa63a5c151485f08868dff", "url": "https://api.github.com/repos/D4Vinci/elpscrk/git/trees/92d482b296dbe7598faa63a5c151485f08868dff"}, "url": "https://api.github.com/repos/D4Vinci/elpscrk/git/commits/5b5c1871ee3ffa0fc3de6086c50272d7dd6b00e9", "comment_count": 0, "verification": {"verified": false, "reason": "unsigned", "signature": null, "payload": null}}, "url": "https://api.github.com/repos/D4Vinci/elpscrk/commits/5b5c1871ee3ffa0fc3de6086c50272d7dd6b00e9", "html_url": "https://github.com/D4Vinci/elpscrk/commit/5b5c1871ee3ffa0fc3de6086c50272d7dd6b00e9", "comments_url": "https://api.github.com/repos/D4Vinci/elpscrk/commits/5b5c1871ee3ffa0fc3de6086c50272d7dd6b00e9/comments", "author": {"login": "D4Vinci", "id": 20604835, "node_id": "MDQ6VXNlcjIwNjA0ODM1", "avatar_url": "https://avatars.githubusercontent.com/u/20604835?v=4", "gravatar_id": "", "url": "https://api.github.com/users/D4Vinci", "html_url": "https://github.com/D4Vinci", "followers_url": "https://api.github.com/users/D4Vinci/followers", "following_url": "https://api.github.com/users/D4Vinci/following{/other_user}", "gists_url": "https://api.github.com/users/D4Vinci/gists{/gist_id}", "starred_url": "https://api.github.com/users/D4Vinci/starred{/owner}{/repo}", "subscriptions_url": "https://api.github.com/users/D4Vinci/subscriptions", "organizations_url": "https://api.github.com/users/D4Vinci/orgs", "repos_url": "https://api.github.com/users/D4Vinci/repos", "events_url": "https://api.github.com/users/D4Vinci/events{/privacy}", "received_events_url": "https://api.github.com/users/D4Vinci/received_events", "type": "User", "site_admin": false}, "committer": {"login": "web-flow", "id": 19864447, "node_id": "MDQ6VXNlcjE5ODY0NDQ3", "avatar_url": "https://avatars.githubusercontent.com/u/19864447?v=4", "gravatar_id": "", "url": "https://api.github.com/users/web-flow", "html_url": "https://github.com/web-flow", "followers_url": "https://api.github.com/users/web-flow/followers", "following_url": "https://api.github.com/users/web-flow/following{/other_user}", "gists_url": "https://api.github.com/users/web-flow/gists{/gist_id}", "starred_url": "https://api.github.com/users/web-flow/starred{/owner}{/repo}", "subscriptions_url": "https://api.github.com/users/web-flow/subscriptions", "organizations_url": "https://api.github.com/users/web-flow/orgs", "repos_url": "https://api.github.com/users/web-flow/repos", "events_url": "https://api.github.com/users/web-flow/events{/privacy}", "received_events_url": "https://api.github.com/users/web-flow/received_events", "type": "User", "site_admin": false}, "parents": [{"sha": "89081185f66b9e247acb58156062a7e89f50e3df", "url": "https://api.github.com/repos/D4Vinci/elpscrk/commits/89081185f66b9e247acb58156062a7e89f50e3df", "html_url": "https://github.com/D4Vinci/elpscrk/commit/89081185f66b9e247acb58156062a7e89f50e3df"}]}, {"sha": "89081185f66b9e247acb58156062a7e89f50e3df", "node_id": "MDY6Q29tbWl0NjM5ODY3NzA6ODkwODExODVmNjZiOWUyNDdhY2I1ODE1NjA2MmE3ZTg5ZjUwZTNkZg==", "commit": {"author": {"name": "D4Vinci", "email": "D4Vinci@users.noreply.github.com", "date": "2016-07-22T22:26:13Z"}, "committer": {"name": "GitHub", "email": "noreply@github.com", "date": "2016-07-22T22:26:13Z"}, "message": "Update elpscrk.py", "tree": {"sha": "e83e1e9abc5b3c5d0c5eac816a8c0824a3db5282", "url": "https://api.github.com/repos/D4Vinci/elpscrk/git/trees/e83e1e9abc5b3c5d0c5eac816a8c0824a3db5282"}, "url": "https://api.github.com/repos/D4Vinci/elpscrk/git/commits/89081185f66b9e247acb58156062a7e89f50e3df", "comment_count": 0, "verification": {"verified": false, "reason": "unsigned", "signature": null, "payload": null}}, "url": "https://api.github.com/repos/D4Vinci/elpscrk/commits/89081185f66b9e247acb58156062a7e89f50e3df", "html_url": "https://github.com/D4Vinci/elpscrk/commit/89081185f66b9e247acb58156062a7e89f50e3df", "comments_url": "https://api.github.com/repos/D4Vinci/elpscrk/commits/89081185f66b9e247acb58156062a7e89f50e3df/comments", "author": {"login": "D4Vinci", "id": 20604835, "node_id": "MDQ6VXNlcjIwNjA0ODM1", "avatar_url": "https://avatars.githubusercontent.com/u/20604835?v=4", "gravatar_id": "", "url": "https://api.github.com/users/D4Vinci", "html_url": "https://github.com/D4Vinci", "followers_url": "https://api.github.com/users/D4Vinci/followers", "following_url": "https://api.github.com/users/D4Vinci/following{/other_user}", "gists_url": "https://api.github.com/users/D4Vinci/gists{/gist_id}", "starred_url": "https://api.github.com/users/D4Vinci/starred{/owner}{/repo}", "subscriptions_url": "https://api.github.com/users/D4Vinci/subscriptions", "organizations_url": "https://api.github.com/users/D4Vinci/orgs", "repos_url": "https://api.github.com/users/D4Vinci/repos", "events_url": "https://api.github.com/users/D4Vinci/events{/privacy}", "received_events_url": "https://api.github.com/users/D4Vinci/received_events", "type": "User", "site_admin": false}, "committer": {"login": "web-flow", "id": 19864447, "node_id": "MDQ6VXNlcjE5ODY0NDQ3", "avatar_url": "https://avatars.githubusercontent.com/u/19864447?v=4", "gravatar_id": "", "url": "https://api.github.com/users/web-flow", "html_url": "https://github.com/web-flow", "followers_url": "https://api.github.com/users/web-flow/followers", "following_url": "https://api.github.com/users/web-flow/following{/other_user}", "gists_url": "https://api.github.com/users/web-flow/gists{/gist_id}", "starred_url": "https://api.github.com/users/web-flow/starred{/owner}{/repo}", "subscriptions_url": "https://api.github.com/users/web-flow/subscriptions", "organizations_url": "https://api.github.com/users/web-flow/orgs", "repos_url": "https://api.github.com/users/web-flow/repos", "events_url": "https://api.github.com/users/web-flow/events{/privacy}", "received_events_url": "https://api.github.com/users/web-flow/received_events", "type": "User", "site_admin": false}, "parents": [{"sha": "1132034a6b985da610dc55e111ae8e87a65e66bb", "url": "https://api.github.com/repos/D4Vinci/elpscrk/commits/1132034a6b985da610dc55e111ae8e87a65e66bb", "html_url": "https://github.com/D4Vinci/elpscrk/commit/1132034a6b985da610dc55e111ae8e87a65e66bb"}]}, {"sha": "1132034a6b985da610dc55e111ae8e87a65e66bb", "node_id": "MDY6Q29tbWl0NjM5ODY3NzA6MTEzMjAzNGE2Yjk4NWRhNjEwZGM1NWUxMTFhZThlODdhNjVlNjZiYg==", "commit": {"author": {"name": "D4Vinci", "email": "D4Vinci@users.noreply.github.com", "date": "2016-07-22T22:24:01Z"}, "committer": {"name": "GitHub", "email": "noreply@github.com", "date": "2016-07-22T22:24:01Z"}, "message": "Add files via upload", "tree": {"sha": "524391077c59ca7b16fcf1217d32435ae9a87bb6", "url": "https://api.github.com/repos/D4Vinci/elpscrk/git/trees/524391077c59ca7b16fcf1217d32435ae9a87bb6"}, "url": "https://api.github.com/repos/D4Vinci/elpscrk/git/commits/1132034a6b985da610dc55e111ae8e87a65e66bb", "comment_count": 0, "verification": {"verified": false, "reason": "unsigned", "signature": null, "payload": null}}, "url": "https://api.github.com/repos/D4Vinci/elpscrk/commits/1132034a6b985da610dc55e111ae8e87a65e66bb", "html_url": "https://github.com/D4Vinci/elpscrk/commit/1132034a6b985da610dc55e111ae8e87a65e66bb", "comments_url": "https://api.github.com/repos/D4Vinci/elpscrk/commits/1132034a6b985da610dc55e111ae8e87a65e66bb/comments", "author": {"login": "D4Vinci", "id": 20604835, "node_id": "MDQ6VXNlcjIwNjA0ODM1", "avatar_url": "https://avatars.githubusercontent.com/u/20604835?v=4", "gravatar_id": "", "url": "https://api.github.com/users/D4Vinci", "html_url": "https://github.com/D4Vinci", "followers_url": "https://api.github.com/users/D4Vinci/followers", "following_url": "https://api.github.com/users/D4Vinci/following{/other_user}", "gists_url": "https://api.github.com/users/D4Vinci/gists{/gist_id}", "starred_url": "https://api.github.com/users/D4Vinci/starred{/owner}{/repo}", "subscriptions_url": "https://api.github.com/users/D4Vinci/subscriptions", "organizations_url": "https://api.github.com/users/D4Vinci/orgs", "repos_url": "https://api.github.com/users/D4Vinci/repos", "events_url": "https://api.github.com/users/D4Vinci/events{/privacy}", "received_events_url": "https://api.github.com/users/D4Vinci/received_events", "type": "User", "site_admin": false}, "committer": {"login": "web-flow", "id": 19864447, "node_id": "MDQ6VXNlcjE5ODY0NDQ3", "avatar_url": "https://avatars.githubusercontent.com/u/19864447?v=4", "gravatar_id": "", "url": "https://api.github.com/users/web-flow", "html_url": "https://github.com/web-flow", "followers_url": "https://api.github.com/users/web-flow/followers", "following_url": "https://api.github.com/users/web-flow/following{/other_user}", "gists_url": "https://api.github.com/users/web-flow/gists{/gist_id}", "starred_url": "https://api.github.com/users/web-flow/starred{/owner}{/repo}", "subscriptions_url": "https://api.github.com/users/web-flow/subscriptions", "organizations_url": "https://api.github.com/users/web-flow/orgs", "repos_url": "https://api.github.com/users/web-flow/repos", "events_url": "https://api.github.com/users/web-flow/events{/privacy}", "received_events_url": "https://api.github.com/users/web-flow/received_events", "type": "User", "site_admin": false}, "parents": [{"sha": "db918b72c7fe2d3bd58cf0d9f84c4fd9ce4b8d6f", "url": "https://api.github.com/repos/D4Vinci/elpscrk/commits/db918b72c7fe2d3bd58cf0d9f84c4fd9ce4b8d6f", "html_url": "https://github.com/D4Vinci/elpscrk/commit/db918b72c7fe2d3bd58cf0d9f84c4fd9ce4b8d6f"}]}, {"sha": "db918b72c7fe2d3bd58cf0d9f84c4fd9ce4b8d6f", "node_id": "MDY6Q29tbWl0NjM5ODY3NzA6ZGI5MThiNzJjN2ZlMmQzYmQ1OGNmMGQ5Zjg0YzRmZDljZTRiOGQ2Zg==", "commit": {"author": {"name": "D4Vinci", "email": "D4Vinci@users.noreply.github.com", "date": "2016-07-22T22:19:56Z"}, "committer": {"name": "D4Vinci", "email": "D4Vinci@users.noreply.github.com", "date": "2016-07-22T22:19:56Z"}, "message": "Initial commit", "tree": {"sha": "6c58a7378c8c6defd11fa496a793b8e60f60ff82", "url": "https://api.github.com/repos/D4Vinci/elpscrk/git/trees/6c58a7378c8c6defd11fa496a793b8e60f60ff82"}, "url": "https://api.github.com/repos/D4Vinci/elpscrk/git/commits/db918b72c7fe2d3bd58cf0d9f84c4fd9ce4b8d6f", "comment_count": 0, "verification": {"verified": false, "reason": "unsigned", "signature": null, "payload": null}}, "url": "https://api.github.com/repos/D4Vinci/elpscrk/commits/db918b72c7fe2d3bd58cf0d9f84c4fd9ce4b8d6f", "html_url": "https://github.com/D4Vinci/elpscrk/commit/db918b72c7fe2d3bd58cf0d9f84c4fd9ce4b8d6f", "comments_url": "https://api.github.com/repos/D4Vinci/elpscrk/commits/db918b72c7fe2d3bd58cf0d9f84c4fd9ce4b8d6f/comments", "author": {"login": "D4Vinci", "id": 20604835, "node_id": "MDQ6VXNlcjIwNjA0ODM1", "avatar_url": "https://avatars.githubusercontent.com/u/20604835?v=4", "gravatar_id": "", "url": "https://api.github.com/users/D4Vinci", "html_url": "https://github.com/D4Vinci", "followers_url": "https://api.github.com/users/D4Vinci/followers", "following_url": "https://api.github.com/users/D4Vinci/following{/other_user}", "gists_url": "https://api.github.com/users/D4Vinci/gists{/gist_id}", "starred_url": "https://api.github.com/users/D4Vinci/starred{/owner}{/repo}", "subscriptions_url": "https://api.github.com/users/D4Vinci/subscriptions", "organizations_url": "https://api.github.com/users/D4Vinci/orgs", "repos_url": "https://api.github.com/users/D4Vinci/repos", "events_url": "https://api.github.com/users/D4Vinci/events{/privacy}", "received_events_url": "https://api.github.com/users/D4Vinci/received_events", "type": "User", "site_admin": false}, "committer": {"login": "D4Vinci", "id": 20604835, "node_id": "MDQ6VXNlcjIwNjA0ODM1", "avatar_url": "https://avatars.githubusercontent.com/u/20604835?v=4", "gravatar_id": "", "url": "https://api.github.com/users/D4Vinci", "html_url": "https://github.com/D4Vinci", "followers_url": "https://api.github.com/users/D4Vinci/followers", "following_url": "https://api.github.com/users/D4Vinci/following{/other_user}", "gists_url": "https://api.github.com/users/D4Vinci/gists{/gist_id}", "starred_url": "https://api.github.com/users/D4Vinci/starred{/owner}{/repo}", "subscriptions_url": "https://api.github.com/users/D4Vinci/subscriptions", "organizations_url": "https://api.github.com/users/D4Vinci/orgs", "repos_url": "https://api.github.com/users/D4Vinci/repos", "events_url": "https://api.github.com/users/D4Vinci/events{/privacy}", "received_events_url": "https://api.github.com/users/D4Vinci/received_events", "type": "User", "site_admin": false}, "parents": []}]