[{"sha": "2694b769dc07f2d886ba0e0e5f27ce520cb7f3e2", "node_id": "MDY6Q29tbWl0MjQ5MDMxOTg2OjI2OTRiNzY5ZGMwN2YyZDg4NmJhMGUwZTVmMjdjZTUyMGNiN2YzZTI=", "commit": {"author": {"name": "deantonious", "email": "deantonious@gmail.com", "date": "2020-03-21T17:59:55Z"}, "committer": {"name": "GitHub", "email": "noreply@github.com", "date": "2020-03-21T17:59:55Z"}, "message": "Initial commit", "tree": {"sha": "987e21d4eea80537c4fc20b71e0923bbc5b45ffb", "url": "https://api.github.com/repos/deantonious/hackox/git/trees/987e21d4eea80537c4fc20b71e0923bbc5b45ffb"}, "url": "https://api.github.com/repos/deantonious/hackox/git/commits/2694b769dc07f2d886ba0e0e5f27ce520cb7f3e2", "comment_count": 0, "verification": {"verified": true, "reason": "valid", "signature": "-----BEGIN PGP SIGNATURE-----\n\nwsBcBAABCAAQBQJedlYbCRBK7hj4Ov3rIwAAdHIIAKyLcoUttPi3f1NgKzy8ndqU\nHMy/j1I2GIEGfTSJQMxcZ7JzYzX0BkHFzPMeg29x8b889RcW42YaLj1EBPnB+gHG\ntNMI8Z+xLyKr0BOlSHn2SvwL8+h/o0tleziJvlrKyUsLP4HQctTSYXjlMrjabbBV\n31ybtJ4AAuNelKdw0JvnVp1oW6kYik8paba+4wNI11hvjY9qEIae4YvjM+X1FbPC\nM2J+5aRYkwJdYDSMKgKy6fS2RbxHi99QEreRd8uRThheqmA4ue0R7jjmt5cHofEW\nYqb/YLw0Tptf2u+FVdl2wBb6LpKYhaorYgKVZfX/74gZtdSLAqD7zww7K1jd/u4=\n=MLdn\n-----END PGP SIGNATURE-----\n", "payload": "tree 987e21d4eea80537c4fc20b71e0923bbc5b45ffb\nauthor deantonious <deantonious@gmail.com> 1584813595 +0100\ncommitter GitHub <noreply@github.com> 1584813595 +0100\n\nInitial commit"}}, "url": "https://api.github.com/repos/deantonious/hackox/commits/2694b769dc07f2d886ba0e0e5f27ce520cb7f3e2", "html_url": "https://github.com/deantonious/hackox/commit/2694b769dc07f2d886ba0e0e5f27ce520cb7f3e2", "comments_url": "https://api.github.com/repos/deantonious/hackox/commits/2694b769dc07f2d886ba0e0e5f27ce520cb7f3e2/comments", "author": {"login": "deantonious", "id": 6786044, "node_id": "MDQ6VXNlcjY3ODYwNDQ=", "avatar_url": "https://avatars.githubusercontent.com/u/6786044?v=4", "gravatar_id": "", "url": "https://api.github.com/users/deantonious", "html_url": "https://github.com/deantonious", "followers_url": "https://api.github.com/users/deantonious/followers", "following_url": "https://api.github.com/users/deantonious/following{/other_user}", "gists_url": "https://api.github.com/users/deantonious/gists{/gist_id}", "starred_url": "https://api.github.com/users/deantonious/starred{/owner}{/repo}", "subscriptions_url": "https://api.github.com/users/deantonious/subscriptions", "organizations_url": "https://api.github.com/users/deantonious/orgs", "repos_url": "https://api.github.com/users/deantonious/repos", "events_url": "https://api.github.com/users/deantonious/events{/privacy}", "received_events_url": "https://api.github.com/users/deantonious/received_events", "type": "User", "site_admin": false}, "committer": {"login": "web-flow", "id": 19864447, "node_id": "MDQ6VXNlcjE5ODY0NDQ3", "avatar_url": "https://avatars.githubusercontent.com/u/19864447?v=4", "gravatar_id": "", "url": "https://api.github.com/users/web-flow", "html_url": "https://github.com/web-flow", "followers_url": "https://api.github.com/users/web-flow/followers", "following_url": "https://api.github.com/users/web-flow/following{/other_user}", "gists_url": "https://api.github.com/users/web-flow/gists{/gist_id}", "starred_url": "https://api.github.com/users/web-flow/starred{/owner}{/repo}", "subscriptions_url": "https://api.github.com/users/web-flow/subscriptions", "organizations_url": "https://api.github.com/users/web-flow/orgs", "repos_url": "https://api.github.com/users/web-flow/repos", "events_url": "https://api.github.com/users/web-flow/events{/privacy}", "received_events_url": "https://api.github.com/users/web-flow/received_events", "type": "User", "site_admin": false}, "parents": []}]