[{"sha": "9a3991886c3e9a010fd17ad8310fa2e6bd2c14db", "node_id": "MDY6Q29tbWl0MzY2NjQ2MTc6OWEzOTkxODg2YzNlOWEwMTBmZDE3YWQ4MzEwZmEyZTZiZDJjMTRkYg==", "commit": {"author": {"name": "%x", "email": "deral_heiland@rapid7.com", "date": "2019-11-08T17:57:21Z"}, "committer": {"name": "GitHub", "email": "noreply@github.com", "date": "2019-11-08T17:57:21Z"}, "message": "Update README", "tree": {"sha": "cdd626e542306526a87d646dd73f0e021ac7a373", "url": "https://api.github.com/repos/dheiland-r7/snmp/git/trees/cdd626e542306526a87d646dd73f0e021ac7a373"}, "url": "https://api.github.com/repos/dheiland-r7/snmp/git/commits/9a3991886c3e9a010fd17ad8310fa2e6bd2c14db", "comment_count": 0, "verification": {"verified": true, "reason": "valid", "signature": "-----BEGIN PGP SIGNATURE-----\n\nwsBcBAABCAAQBQJdxayBCRBK7hj4Ov3rIwAAdHIIAFN3nzE+iAMR50ujM0Ryia9a\n4Jw+JDUXqLaUu0MqGmq27KaPWdj5IiQ0q7TE2bHlN00lBWdlxMD45J46kBu6i+Dh\nsLf9hY0I/A1ikd0miU7txdrwlpxt/1aJUTuhg1qBBH1Sr0liuSoW13rqsl+NjoMt\nfbInugxE57qCRUItvq4QZMMjOFesfFEGnIDcnQ2jvpOoz7lHNllcLHkSXmvtXDE3\n1xPdxXO9ITFiJ5aUTIeVIpUlfZdD3XYWoEAVIV6nHVJX3Tn0ec/t95M+c8i88y3Q\nFOLc8N2vwSdkYPDUDrdiiSyuzP3CFsw5jMgKqM8hz+uvUt7AN5etwiifiBhCkVU=\n=6HqA\n-----END PGP SIGNATURE-----\n", "payload": "tree cdd626e542306526a87d646dd73f0e021ac7a373\nparent c9effd189d33748fbc3819c3576b372cedbd00a3\nauthor %x <deral_heiland@rapid7.com> 1573235841 -0500\ncommitter GitHub <noreply@github.com> 1573235841 -0500\n\nUpdate README"}}, "url": "https://api.github.com/repos/dheiland-r7/snmp/commits/9a3991886c3e9a010fd17ad8310fa2e6bd2c14db", "html_url": "https://github.com/dheiland-r7/snmp/commit/9a3991886c3e9a010fd17ad8310fa2e6bd2c14db", "comments_url": "https://api.github.com/repos/dheiland-r7/snmp/commits/9a3991886c3e9a010fd17ad8310fa2e6bd2c14db/comments", "author": {"login": "dheiland-r7", "id": 6502552, "node_id": "MDQ6VXNlcjY1MDI1NTI=", "avatar_url": "https://avatars.githubusercontent.com/u/6502552?v=4", "gravatar_id": "", "url": "https://api.github.com/users/dheiland-r7", "html_url": "https://github.com/dheiland-r7", "followers_url": "https://api.github.com/users/dheiland-r7/followers", "following_url": "https://api.github.com/users/dheiland-r7/following{/other_user}", "gists_url": "https://api.github.com/users/dheiland-r7/gists{/gist_id}", "starred_url": "https://api.github.com/users/dheiland-r7/starred{/owner}{/repo}", "subscriptions_url": "https://api.github.com/users/dheiland-r7/subscriptions", "organizations_url": "https://api.github.com/users/dheiland-r7/orgs", "repos_url": "https://api.github.com/users/dheiland-r7/repos", "events_url": "https://api.github.com/users/dheiland-r7/events{/privacy}", "received_events_url": "https://api.github.com/users/dheiland-r7/received_events", "type": "User", "site_admin": false}, "committer": {"login": "web-flow", "id": 19864447, "node_id": "MDQ6VXNlcjE5ODY0NDQ3", "avatar_url": "https://avatars.githubusercontent.com/u/19864447?v=4", "gravatar_id": "", "url": "https://api.github.com/users/web-flow", "html_url": "https://github.com/web-flow", "followers_url": "https://api.github.com/users/web-flow/followers", "following_url": "https://api.github.com/users/web-flow/following{/other_user}", "gists_url": "https://api.github.com/users/web-flow/gists{/gist_id}", "starred_url": "https://api.github.com/users/web-flow/starred{/owner}{/repo}", "subscriptions_url": "https://api.github.com/users/web-flow/subscriptions", "organizations_url": "https://api.github.com/users/web-flow/orgs", "repos_url": "https://api.github.com/users/web-flow/repos", "events_url": "https://api.github.com/users/web-flow/events{/privacy}", "received_events_url": "https://api.github.com/users/web-flow/received_events", "type": "User", "site_admin": false}, "parents": [{"sha": "c9effd189d33748fbc3819c3576b372cedbd00a3", "url": "https://api.github.com/repos/dheiland-r7/snmp/commits/c9effd189d33748fbc3819c3576b372cedbd00a3", "html_url": "https://github.com/dheiland-r7/snmp/commit/c9effd189d33748fbc3819c3576b372cedbd00a3"}]}, {"sha": "c9effd189d33748fbc3819c3576b372cedbd00a3", "node_id": "MDY6Q29tbWl0MzY2NjQ2MTc6YzllZmZkMTg5ZDMzNzQ4ZmJjMzgxOWMzNTc2YjM3MmNlZGJkMDBhMw==", "commit": {"author": {"name": "System Administrator", "email": "root@AUS-MAC-1175.local", "date": "2015-06-10T22:01:22Z"}, "committer": {"name": "System Administrator", "email": "root@AUS-MAC-1175.local", "date": "2015-06-10T22:01:22Z"}, "message": "minor corrections", "tree": {"sha": "f8f54114f6167468e2d3027b296adbe1196087b0", "url": "https://api.github.com/repos/dheiland-r7/snmp/git/trees/f8f54114f6167468e2d3027b296adbe1196087b0"}, "url": "https://api.github.com/repos/dheiland-r7/snmp/git/commits/c9effd189d33748fbc3819c3576b372cedbd00a3", "comment_count": 0, "verification": {"verified": false, "reason": "unsigned", "signature": null, "payload": null}}, "url": "https://api.github.com/repos/dheiland-r7/snmp/commits/c9effd189d33748fbc3819c3576b372cedbd00a3", "html_url": "https://github.com/dheiland-r7/snmp/commit/c9effd189d33748fbc3819c3576b372cedbd00a3", "comments_url": "https://api.github.com/repos/dheiland-r7/snmp/commits/c9effd189d33748fbc3819c3576b372cedbd00a3/comments", "author": null, "committer": null, "parents": [{"sha": "85473c28b394fb60316e6a77c74959b263c0a0ff", "url": "https://api.github.com/repos/dheiland-r7/snmp/commits/85473c28b394fb60316e6a77c74959b263c0a0ff", "html_url": "https://github.com/dheiland-r7/snmp/commit/85473c28b394fb60316e6a77c74959b263c0a0ff"}]}, {"sha": "85473c28b394fb60316e6a77c74959b263c0a0ff", "node_id": "MDY6Q29tbWl0MzY2NjQ2MTc6ODU0NzNjMjhiMzk0ZmI2MDMxNmU2YTc3Yzc0OTU5YjI2M2MwYTBmZg==", "commit": {"author": {"name": "System Administrator", "email": "root@AUS-MAC-1175.local", "date": "2015-06-10T21:51:41Z"}, "committer": {"name": "System Administrator", "email": "root@AUS-MAC-1175.local", "date": "2015-06-10T21:51:41Z"}, "message": "New parse script", "tree": {"sha": "4423b2ab57af2b141eae0c7cb00ef3387c952df1", "url": "https://api.github.com/repos/dheiland-r7/snmp/git/trees/4423b2ab57af2b141eae0c7cb00ef3387c952df1"}, "url": "https://api.github.com/repos/dheiland-r7/snmp/git/commits/85473c28b394fb60316e6a77c74959b263c0a0ff", "comment_count": 0, "verification": {"verified": false, "reason": "unsigned", "signature": null, "payload": null}}, "url": "https://api.github.com/repos/dheiland-r7/snmp/commits/85473c28b394fb60316e6a77c74959b263c0a0ff", "html_url": "https://github.com/dheiland-r7/snmp/commit/85473c28b394fb60316e6a77c74959b263c0a0ff", "comments_url": "https://api.github.com/repos/dheiland-r7/snmp/commits/85473c28b394fb60316e6a77c74959b263c0a0ff/comments", "author": null, "committer": null, "parents": [{"sha": "7efb7092e8e7d48a5a1c6f2ddeab4c5dc85d983a", "url": "https://api.github.com/repos/dheiland-r7/snmp/commits/7efb7092e8e7d48a5a1c6f2ddeab4c5dc85d983a", "html_url": "https://github.com/dheiland-r7/snmp/commit/7efb7092e8e7d48a5a1c6f2ddeab4c5dc85d983a"}]}, {"sha": "7efb7092e8e7d48a5a1c6f2ddeab4c5dc85d983a", "node_id": "MDY6Q29tbWl0MzY2NjQ2MTc6N2VmYjcwOTJlOGU3ZDQ4YTVhMWM2ZjJkZGVhYjRjNWRjODVkOTgzYQ==", "commit": {"author": {"name": "System Administrator", "email": "root@AUS-MAC-1175.local", "date": "2015-06-01T14:40:24Z"}, "committer": {"name": "System Administrator", "email": "root@AUS-MAC-1175.local", "date": "2015-06-01T14:40:24Z"}, "message": "snmp gather tool initial upload", "tree": {"sha": "4d3ef28e5a5e9f85712b021e10f281c265ac2637", "url": "https://api.github.com/repos/dheiland-r7/snmp/git/trees/4d3ef28e5a5e9f85712b021e10f281c265ac2637"}, "url": "https://api.github.com/repos/dheiland-r7/snmp/git/commits/7efb7092e8e7d48a5a1c6f2ddeab4c5dc85d983a", "comment_count": 0, "verification": {"verified": false, "reason": "unsigned", "signature": null, "payload": null}}, "url": "https://api.github.com/repos/dheiland-r7/snmp/commits/7efb7092e8e7d48a5a1c6f2ddeab4c5dc85d983a", "html_url": "https://github.com/dheiland-r7/snmp/commit/7efb7092e8e7d48a5a1c6f2ddeab4c5dc85d983a", "comments_url": "https://api.github.com/repos/dheiland-r7/snmp/commits/7efb7092e8e7d48a5a1c6f2ddeab4c5dc85d983a/comments", "author": null, "committer": null, "parents": []}]