[{"sha": "59dd0e2b3b0c751c6da2b0565374ab83c736b0e6", "node_id": "MDY6Q29tbWl0MTQ5NTY1MzcxOjU5ZGQwZTJiM2IwYzc1MWM2ZGEyYjA1NjUzNzRhYjgzYzczNmIwZTY=", "commit": {"author": {"name": "root", "email": "root@localhost.localdomain", "date": "2018-10-26T18:45:03Z"}, "committer": {"name": "root", "email": "root@localhost.localdomain", "date": "2018-10-26T18:45:03Z"}, "message": "Fixes #3", "tree": {"sha": "8f33f7d09b7e52a0791f4047dd84af8f4db318a8", "url": "https://api.github.com/repos/dionach/CMSmap/git/trees/8f33f7d09b7e52a0791f4047dd84af8f4db318a8"}, "url": "https://api.github.com/repos/dionach/CMSmap/git/commits/59dd0e2b3b0c751c6da2b0565374ab83c736b0e6", "comment_count": 0, "verification": {"verified": false, "reason": "unsigned", "signature": null, "payload": null}}, "url": "https://api.github.com/repos/dionach/CMSmap/commits/59dd0e2b3b0c751c6da2b0565374ab83c736b0e6", "html_url": "https://github.com/dionach/CMSmap/commit/59dd0e2b3b0c751c6da2b0565374ab83c736b0e6", "comments_url": "https://api.github.com/repos/dionach/CMSmap/commits/59dd0e2b3b0c751c6da2b0565374ab83c736b0e6/comments", "author": {"login": "invalid-email-address", "id": 148100, "node_id": "MDQ6VXNlcjE0ODEwMA==", "avatar_url": "https://avatars.githubusercontent.com/u/148100?v=4", "gravatar_id": "", "url": "https://api.github.com/users/invalid-email-address", "html_url": "https://github.com/invalid-email-address", "followers_url": "https://api.github.com/users/invalid-email-address/followers", "following_url": "https://api.github.com/users/invalid-email-address/following{/other_user}", "gists_url": "https://api.github.com/users/invalid-email-address/gists{/gist_id}", "starred_url": "https://api.github.com/users/invalid-email-address/starred{/owner}{/repo}", "subscriptions_url": "https://api.github.com/users/invalid-email-address/subscriptions", "organizations_url": "https://api.github.com/users/invalid-email-address/orgs", "repos_url": "https://api.github.com/users/invalid-email-address/repos", "events_url": "https://api.github.com/users/invalid-email-address/events{/privacy}", "received_events_url": "https://api.github.com/users/invalid-email-address/received_events", "type": "User", "site_admin": false}, "committer": {"login": "invalid-email-address", "id": 148100, "node_id": "MDQ6VXNlcjE0ODEwMA==", "avatar_url": "https://avatars.githubusercontent.com/u/148100?v=4", "gravatar_id": "", "url": "https://api.github.com/users/invalid-email-address", "html_url": "https://github.com/invalid-email-address", "followers_url": "https://api.github.com/users/invalid-email-address/followers", "following_url": "https://api.github.com/users/invalid-email-address/following{/other_user}", "gists_url": "https://api.github.com/users/invalid-email-address/gists{/gist_id}", "starred_url": "https://api.github.com/users/invalid-email-address/starred{/owner}{/repo}", "subscriptions_url": "https://api.github.com/users/invalid-email-address/subscriptions", "organizations_url": "https://api.github.com/users/invalid-email-address/orgs", "repos_url": "https://api.github.com/users/invalid-email-address/repos", "events_url": "https://api.github.com/users/invalid-email-address/events{/privacy}", "received_events_url": "https://api.github.com/users/invalid-email-address/received_events", "type": "User", "site_admin": false}, "parents": [{"sha": "cee25a7013fdf3a0fb148582a7e33c21188f7e83", "url": "https://api.github.com/repos/dionach/CMSmap/commits/cee25a7013fdf3a0fb148582a7e33c21188f7e83", "html_url": "https://github.com/dionach/CMSmap/commit/cee25a7013fdf3a0fb148582a7e33c21188f7e83"}]}, {"sha": "cee25a7013fdf3a0fb148582a7e33c21188f7e83", "node_id": "MDY6Q29tbWl0MTQ5NTY1MzcxOmNlZTI1YTcwMTNmZGYzYTBmYjE0ODU4MmE3ZTMzYzIxMTg4ZjdlODM=", "commit": {"author": {"name": "m7x", "email": "m7x@users.noreply.github.com", "date": "2018-10-10T06:47:00Z"}, "committer": {"name": "GitHub", "email": "noreply@github.com", "date": "2018-10-10T06:47:00Z"}, "message": "Merge pull request #1 from oh6hay/set-ospath\n\nSet the coreupdate.ospath property", "tree": {"sha": "2f37ddc64881f3357cae82066a3a6c1f72fc430d", "url": "https://api.github.com/repos/dionach/CMSmap/git/trees/2f37ddc64881f3357cae82066a3a6c1f72fc430d"}, "url": "https://api.github.com/repos/dionach/CMSmap/git/commits/cee25a7013fdf3a0fb148582a7e33c21188f7e83", "comment_count": 0, "verification": {"verified": true, "reason": "valid", "signature": "-----BEGIN PGP SIGNATURE-----\n\nwsBcBAABCAAQBQJbvaBkCRBK7hj4Ov3rIwAAdHIIAIfJCfKXqhQluYxu3nNVWqFJ\nER2F53SssH3WQAT/8ybxLd7dRk0JOWmj5wkyXA35bSxsppAHiF/ZQTZJ3i0nnVFq\nxXu6ab0zEzKWQnjGmslnSTMisrwVA93odbFe5ksR9z34k41ZgwEG3t9Mak2CdmUz\nmbc6UwuqbhzsTRlIWGp6C3WKO7tzR2bEB9i6xQJfldWWhgBdrqxSg+hU0mqChNQk\nMPGDQZmAW0Wp+Hne6uPWFxrcDd4IHGJ9FGzSALxP4egtXYjXwN7X3p0ttjykVVHn\n/z1SltjUIY6wvXQLGfpVV1h3neqYQV5R1ha+U2iTBz96DmoVsyu4dWNsdOznngU=\n=QCD9\n-----END PGP SIGNATURE-----\n", "payload": "tree 2f37ddc64881f3357cae82066a3a6c1f72fc430d\nparent 3100df9d7d1d6c98c1fc8e6ff2a85891e29ba1d9\nparent 29658cf53f9c17a2656cd32369c338ff2cd3ba54\nauthor m7x <m7x@users.noreply.github.com> 1539154020 +0100\ncommitter GitHub <noreply@github.com> 1539154020 +0100\n\nMerge pull request #1 from oh6hay/set-ospath\n\nSet the coreupdate.ospath property"}}, "url": "https://api.github.com/repos/dionach/CMSmap/commits/cee25a7013fdf3a0fb148582a7e33c21188f7e83", "html_url": "https://github.com/dionach/CMSmap/commit/cee25a7013fdf3a0fb148582a7e33c21188f7e83", "comments_url": "https://api.github.com/repos/dionach/CMSmap/commits/cee25a7013fdf3a0fb148582a7e33c21188f7e83/comments", "author": {"login": "m7x", "id": 5778033, "node_id": "MDQ6VXNlcjU3NzgwMzM=", "avatar_url": "https://avatars.githubusercontent.com/u/5778033?v=4", "gravatar_id": "", "url": "https://api.github.com/users/m7x", "html_url": "https://github.com/m7x", "followers_url": "https://api.github.com/users/m7x/followers", "following_url": "https://api.github.com/users/m7x/following{/other_user}", "gists_url": "https://api.github.com/users/m7x/gists{/gist_id}", "starred_url": "https://api.github.com/users/m7x/starred{/owner}{/repo}", "subscriptions_url": "https://api.github.com/users/m7x/subscriptions", "organizations_url": "https://api.github.com/users/m7x/orgs", "repos_url": "https://api.github.com/users/m7x/repos", "events_url": "https://api.github.com/users/m7x/events{/privacy}", "received_events_url": "https://api.github.com/users/m7x/received_events", "type": "User", "site_admin": false}, "committer": {"login": "web-flow", "id": 19864447, "node_id": "MDQ6VXNlcjE5ODY0NDQ3", "avatar_url": "https://avatars.githubusercontent.com/u/19864447?v=4", "gravatar_id": "", "url": "https://api.github.com/users/web-flow", "html_url": "https://github.com/web-flow", "followers_url": "https://api.github.com/users/web-flow/followers", "following_url": "https://api.github.com/users/web-flow/following{/other_user}", "gists_url": "https://api.github.com/users/web-flow/gists{/gist_id}", "starred_url": "https://api.github.com/users/web-flow/starred{/owner}{/repo}", "subscriptions_url": "https://api.github.com/users/web-flow/subscriptions", "organizations_url": "https://api.github.com/users/web-flow/orgs", "repos_url": "https://api.github.com/users/web-flow/repos", "events_url": "https://api.github.com/users/web-flow/events{/privacy}", "received_events_url": "https://api.github.com/users/web-flow/received_events", "type": "User", "site_admin": false}, "parents": [{"sha": "3100df9d7d1d6c98c1fc8e6ff2a85891e29ba1d9", "url": "https://api.github.com/repos/dionach/CMSmap/commits/3100df9d7d1d6c98c1fc8e6ff2a85891e29ba1d9", "html_url": "https://github.com/dionach/CMSmap/commit/3100df9d7d1d6c98c1fc8e6ff2a85891e29ba1d9"}, {"sha": "29658cf53f9c17a2656cd32369c338ff2cd3ba54", "url": "https://api.github.com/repos/dionach/CMSmap/commits/29658cf53f9c17a2656cd32369c338ff2cd3ba54", "html_url": "https://github.com/dionach/CMSmap/commit/29658cf53f9c17a2656cd32369c338ff2cd3ba54"}]}, {"sha": "29658cf53f9c17a2656cd32369c338ff2cd3ba54", "node_id": "MDY6Q29tbWl0MTQ5NTY1MzcxOjI5NjU4Y2Y1M2Y5YzE3YTI2NTZjZDMyMzY5YzMzOGZmMmNkM2JhNTQ=", "commit": {"author": {"name": "Ossi V\u00e4\u00e4n\u00e4nen", "email": "ossi.vaananen@sanoma.com", "date": "2018-10-05T07:08:10Z"}, "committer": {"name": "Ossi V\u00e4\u00e4n\u00e4nen", "email": "ossi.vaananen@sanoma.com", "date": "2018-10-05T07:08:10Z"}, "message": "Set the coreupdate.ospath property", "tree": {"sha": "68899b03fd0340391b2ad6fa601798d6f5e6c1b3", "url": "https://api.github.com/repos/dionach/CMSmap/git/trees/68899b03fd0340391b2ad6fa601798d6f5e6c1b3"}, "url": "https://api.github.com/repos/dionach/CMSmap/git/commits/29658cf53f9c17a2656cd32369c338ff2cd3ba54", "comment_count": 0, "verification": {"verified": false, "reason": "unsigned", "signature": null, "payload": null}}, "url": "https://api.github.com/repos/dionach/CMSmap/commits/29658cf53f9c17a2656cd32369c338ff2cd3ba54", "html_url": "https://github.com/dionach/CMSmap/commit/29658cf53f9c17a2656cd32369c338ff2cd3ba54", "comments_url": "https://api.github.com/repos/dionach/CMSmap/commits/29658cf53f9c17a2656cd32369c338ff2cd3ba54/comments", "author": null, "committer": null, "parents": [{"sha": "a66f434ed48e4de31a164c8bd45f9d0d2a6e1638", "url": "https://api.github.com/repos/dionach/CMSmap/commits/a66f434ed48e4de31a164c8bd45f9d0d2a6e1638", "html_url": "https://github.com/dionach/CMSmap/commit/a66f434ed48e4de31a164c8bd45f9d0d2a6e1638"}]}, {"sha": "3100df9d7d1d6c98c1fc8e6ff2a85891e29ba1d9", "node_id": "MDY6Q29tbWl0MTQ5NTY1MzcxOjMxMDBkZjlkN2QxZDZjOThjMWZjOGU2ZmYyYTg1ODkxZTI5YmExZDk=", "commit": {"author": {"name": "root", "email": "root@localhost.localdomain", "date": "2018-09-15T13:16:45Z"}, "committer": {"name": "root", "email": "root@localhost.localdomain", "date": "2018-09-15T13:16:45Z"}, "message": "Updates License", "tree": {"sha": "041c62a035b05c54451318090bbe28d8f97c7b4f", "url": "https://api.github.com/repos/dionach/CMSmap/git/trees/041c62a035b05c54451318090bbe28d8f97c7b4f"}, "url": "https://api.github.com/repos/dionach/CMSmap/git/commits/3100df9d7d1d6c98c1fc8e6ff2a85891e29ba1d9", "comment_count": 0, "verification": {"verified": false, "reason": "unsigned", "signature": null, "payload": null}}, "url": "https://api.github.com/repos/dionach/CMSmap/commits/3100df9d7d1d6c98c1fc8e6ff2a85891e29ba1d9", "html_url": "https://github.com/dionach/CMSmap/commit/3100df9d7d1d6c98c1fc8e6ff2a85891e29ba1d9", "comments_url": "https://api.github.com/repos/dionach/CMSmap/commits/3100df9d7d1d6c98c1fc8e6ff2a85891e29ba1d9/comments", "author": {"login": "invalid-email-address", "id": 148100, "node_id": "MDQ6VXNlcjE0ODEwMA==", "avatar_url": "https://avatars.githubusercontent.com/u/148100?v=4", "gravatar_id": "", "url": "https://api.github.com/users/invalid-email-address", "html_url": "https://github.com/invalid-email-address", "followers_url": "https://api.github.com/users/invalid-email-address/followers", "following_url": "https://api.github.com/users/invalid-email-address/following{/other_user}", "gists_url": "https://api.github.com/users/invalid-email-address/gists{/gist_id}", "starred_url": "https://api.github.com/users/invalid-email-address/starred{/owner}{/repo}", "subscriptions_url": "https://api.github.com/users/invalid-email-address/subscriptions", "organizations_url": "https://api.github.com/users/invalid-email-address/orgs", "repos_url": "https://api.github.com/users/invalid-email-address/repos", "events_url": "https://api.github.com/users/invalid-email-address/events{/privacy}", "received_events_url": "https://api.github.com/users/invalid-email-address/received_events", "type": "User", "site_admin": false}, "committer": {"login": "invalid-email-address", "id": 148100, "node_id": "MDQ6VXNlcjE0ODEwMA==", "avatar_url": "https://avatars.githubusercontent.com/u/148100?v=4", "gravatar_id": "", "url": "https://api.github.com/users/invalid-email-address", "html_url": "https://github.com/invalid-email-address", "followers_url": "https://api.github.com/users/invalid-email-address/followers", "following_url": "https://api.github.com/users/invalid-email-address/following{/other_user}", "gists_url": "https://api.github.com/users/invalid-email-address/gists{/gist_id}", "starred_url": "https://api.github.com/users/invalid-email-address/starred{/owner}{/repo}", "subscriptions_url": "https://api.github.com/users/invalid-email-address/subscriptions", "organizations_url": "https://api.github.com/users/invalid-email-address/orgs", "repos_url": "https://api.github.com/users/invalid-email-address/repos", "events_url": "https://api.github.com/users/invalid-email-address/events{/privacy}", "received_events_url": "https://api.github.com/users/invalid-email-address/received_events", "type": "User", "site_admin": false}, "parents": [{"sha": "a66f434ed48e4de31a164c8bd45f9d0d2a6e1638", "url": "https://api.github.com/repos/dionach/CMSmap/commits/a66f434ed48e4de31a164c8bd45f9d0d2a6e1638", "html_url": "https://github.com/dionach/CMSmap/commit/a66f434ed48e4de31a164c8bd45f9d0d2a6e1638"}]}, {"sha": "a66f434ed48e4de31a164c8bd45f9d0d2a6e1638", "node_id": "MDY6Q29tbWl0MTQ5NTY1MzcxOmE2NmY0MzRlZDQ4ZTRkZTMxYTE2NGM4YmQ0NWY5ZDBkMmE2ZTE2Mzg=", "commit": {"author": {"name": "root", "email": "root@localhost.localdomain", "date": "2018-09-11T06:43:23Z"}, "committer": {"name": "root", "email": "root@localhost.localdomain", "date": "2018-09-11T06:43:23Z"}, "message": "Updates CONTRIBUTING.md", "tree": {"sha": "97ab98e2d3ad9244d777ee9673af57f84f010658", "url": "https://api.github.com/repos/dionach/CMSmap/git/trees/97ab98e2d3ad9244d777ee9673af57f84f010658"}, "url": "https://api.github.com/repos/dionach/CMSmap/git/commits/a66f434ed48e4de31a164c8bd45f9d0d2a6e1638", "comment_count": 0, "verification": {"verified": false, "reason": "unsigned", "signature": null, "payload": null}}, "url": "https://api.github.com/repos/dionach/CMSmap/commits/a66f434ed48e4de31a164c8bd45f9d0d2a6e1638", "html_url": "https://github.com/dionach/CMSmap/commit/a66f434ed48e4de31a164c8bd45f9d0d2a6e1638", "comments_url": "https://api.github.com/repos/dionach/CMSmap/commits/a66f434ed48e4de31a164c8bd45f9d0d2a6e1638/comments", "author": {"login": "invalid-email-address", "id": 148100, "node_id": "MDQ6VXNlcjE0ODEwMA==", "avatar_url": "https://avatars.githubusercontent.com/u/148100?v=4", "gravatar_id": "", "url": "https://api.github.com/users/invalid-email-address", "html_url": "https://github.com/invalid-email-address", "followers_url": "https://api.github.com/users/invalid-email-address/followers", "following_url": "https://api.github.com/users/invalid-email-address/following{/other_user}", "gists_url": "https://api.github.com/users/invalid-email-address/gists{/gist_id}", "starred_url": "https://api.github.com/users/invalid-email-address/starred{/owner}{/repo}", "subscriptions_url": "https://api.github.com/users/invalid-email-address/subscriptions", "organizations_url": "https://api.github.com/users/invalid-email-address/orgs", "repos_url": "https://api.github.com/users/invalid-email-address/repos", "events_url": "https://api.github.com/users/invalid-email-address/events{/privacy}", "received_events_url": "https://api.github.com/users/invalid-email-address/received_events", "type": "User", "site_admin": false}, "committer": {"login": "invalid-email-address", "id": 148100, "node_id": "MDQ6VXNlcjE0ODEwMA==", "avatar_url": "https://avatars.githubusercontent.com/u/148100?v=4", "gravatar_id": "", "url": "https://api.github.com/users/invalid-email-address", "html_url": "https://github.com/invalid-email-address", "followers_url": "https://api.github.com/users/invalid-email-address/followers", "following_url": "https://api.github.com/users/invalid-email-address/following{/other_user}", "gists_url": "https://api.github.com/users/invalid-email-address/gists{/gist_id}", "starred_url": "https://api.github.com/users/invalid-email-address/starred{/owner}{/repo}", "subscriptions_url": "https://api.github.com/users/invalid-email-address/subscriptions", "organizations_url": "https://api.github.com/users/invalid-email-address/orgs", "repos_url": "https://api.github.com/users/invalid-email-address/repos", "events_url": "https://api.github.com/users/invalid-email-address/events{/privacy}", "received_events_url": "https://api.github.com/users/invalid-email-address/received_events", "type": "User", "site_admin": false}, "parents": [{"sha": "ba0a77c2bb92dcb446f000c2f5fd861e29e915fe", "url": "https://api.github.com/repos/dionach/CMSmap/commits/ba0a77c2bb92dcb446f000c2f5fd861e29e915fe", "html_url": "https://github.com/dionach/CMSmap/commit/ba0a77c2bb92dcb446f000c2f5fd861e29e915fe"}]}, {"sha": "ba0a77c2bb92dcb446f000c2f5fd861e29e915fe", "node_id": "MDY6Q29tbWl0MTQ5NTY1MzcxOmJhMGE3N2MyYmI5MmRjYjQ0NmYwMDBjMmY1ZmQ4NjFlMjllOTE1ZmU=", "commit": {"author": {"name": "root", "email": "root@localhost.localdomain", "date": "2018-09-11T06:39:47Z"}, "committer": {"name": "root", "email": "root@localhost.localdomain", "date": "2018-09-11T06:39:47Z"}, "message": "Moves CONTRIBUTING into github folder", "tree": {"sha": "d56c15b1e4373972532a9ad383855b1a40d4c99c", "url": "https://api.github.com/repos/dionach/CMSmap/git/trees/d56c15b1e4373972532a9ad383855b1a40d4c99c"}, "url": "https://api.github.com/repos/dionach/CMSmap/git/commits/ba0a77c2bb92dcb446f000c2f5fd861e29e915fe", "comment_count": 0, "verification": {"verified": false, "reason": "unsigned", "signature": null, "payload": null}}, "url": "https://api.github.com/repos/dionach/CMSmap/commits/ba0a77c2bb92dcb446f000c2f5fd861e29e915fe", "html_url": "https://github.com/dionach/CMSmap/commit/ba0a77c2bb92dcb446f000c2f5fd861e29e915fe", "comments_url": "https://api.github.com/repos/dionach/CMSmap/commits/ba0a77c2bb92dcb446f000c2f5fd861e29e915fe/comments", "author": {"login": "invalid-email-address", "id": 148100, "node_id": "MDQ6VXNlcjE0ODEwMA==", "avatar_url": "https://avatars.githubusercontent.com/u/148100?v=4", "gravatar_id": "", "url": "https://api.github.com/users/invalid-email-address", "html_url": "https://github.com/invalid-email-address", "followers_url": "https://api.github.com/users/invalid-email-address/followers", "following_url": "https://api.github.com/users/invalid-email-address/following{/other_user}", "gists_url": "https://api.github.com/users/invalid-email-address/gists{/gist_id}", "starred_url": "https://api.github.com/users/invalid-email-address/starred{/owner}{/repo}", "subscriptions_url": "https://api.github.com/users/invalid-email-address/subscriptions", "organizations_url": "https://api.github.com/users/invalid-email-address/orgs", "repos_url": "https://api.github.com/users/invalid-email-address/repos", "events_url": "https://api.github.com/users/invalid-email-address/events{/privacy}", "received_events_url": "https://api.github.com/users/invalid-email-address/received_events", "type": "User", "site_admin": false}, "committer": {"login": "invalid-email-address", "id": 148100, "node_id": "MDQ6VXNlcjE0ODEwMA==", "avatar_url": "https://avatars.githubusercontent.com/u/148100?v=4", "gravatar_id": "", "url": "https://api.github.com/users/invalid-email-address", "html_url": "https://github.com/invalid-email-address", "followers_url": "https://api.github.com/users/invalid-email-address/followers", "following_url": "https://api.github.com/users/invalid-email-address/following{/other_user}", "gists_url": "https://api.github.com/users/invalid-email-address/gists{/gist_id}", "starred_url": "https://api.github.com/users/invalid-email-address/starred{/owner}{/repo}", "subscriptions_url": "https://api.github.com/users/invalid-email-address/subscriptions", "organizations_url": "https://api.github.com/users/invalid-email-address/orgs", "repos_url": "https://api.github.com/users/invalid-email-address/repos", "events_url": "https://api.github.com/users/invalid-email-address/events{/privacy}", "received_events_url": "https://api.github.com/users/invalid-email-address/received_events", "type": "User", "site_admin": false}, "parents": [{"sha": "fdc43b232d8b1a15f78a7994a37048d4405f2446", "url": "https://api.github.com/repos/dionach/CMSmap/commits/fdc43b232d8b1a15f78a7994a37048d4405f2446", "html_url": "https://github.com/dionach/CMSmap/commit/fdc43b232d8b1a15f78a7994a37048d4405f2446"}]}, {"sha": "fdc43b232d8b1a15f78a7994a37048d4405f2446", "node_id": "MDY6Q29tbWl0MTQ5NTY1MzcxOmZkYzQzYjIzMmQ4YjFhMTVmNzhhNzk5NGEzNzA0OGQ0NDA1ZjI0NDY=", "commit": {"author": {"name": "root", "email": "root@localhost.localdomain", "date": "2018-09-11T06:35:30Z"}, "committer": {"name": "root", "email": "root@localhost.localdomain", "date": "2018-09-11T06:35:30Z"}, "message": "Adds Issue Template", "tree": {"sha": "2e74f37971f07cac6a59e3bc456eea42e86b256e", "url": "https://api.github.com/repos/dionach/CMSmap/git/trees/2e74f37971f07cac6a59e3bc456eea42e86b256e"}, "url": "https://api.github.com/repos/dionach/CMSmap/git/commits/fdc43b232d8b1a15f78a7994a37048d4405f2446", "comment_count": 0, "verification": {"verified": false, "reason": "unsigned", "signature": null, "payload": null}}, "url": "https://api.github.com/repos/dionach/CMSmap/commits/fdc43b232d8b1a15f78a7994a37048d4405f2446", "html_url": "https://github.com/dionach/CMSmap/commit/fdc43b232d8b1a15f78a7994a37048d4405f2446", "comments_url": "https://api.github.com/repos/dionach/CMSmap/commits/fdc43b232d8b1a15f78a7994a37048d4405f2446/comments", "author": {"login": "invalid-email-address", "id": 148100, "node_id": "MDQ6VXNlcjE0ODEwMA==", "avatar_url": "https://avatars.githubusercontent.com/u/148100?v=4", "gravatar_id": "", "url": "https://api.github.com/users/invalid-email-address", "html_url": "https://github.com/invalid-email-address", "followers_url": "https://api.github.com/users/invalid-email-address/followers", "following_url": "https://api.github.com/users/invalid-email-address/following{/other_user}", "gists_url": "https://api.github.com/users/invalid-email-address/gists{/gist_id}", "starred_url": "https://api.github.com/users/invalid-email-address/starred{/owner}{/repo}", "subscriptions_url": "https://api.github.com/users/invalid-email-address/subscriptions", "organizations_url": "https://api.github.com/users/invalid-email-address/orgs", "repos_url": "https://api.github.com/users/invalid-email-address/repos", "events_url": "https://api.github.com/users/invalid-email-address/events{/privacy}", "received_events_url": "https://api.github.com/users/invalid-email-address/received_events", "type": "User", "site_admin": false}, "committer": {"login": "invalid-email-address", "id": 148100, "node_id": "MDQ6VXNlcjE0ODEwMA==", "avatar_url": "https://avatars.githubusercontent.com/u/148100?v=4", "gravatar_id": "", "url": "https://api.github.com/users/invalid-email-address", "html_url": "https://github.com/invalid-email-address", "followers_url": "https://api.github.com/users/invalid-email-address/followers", "following_url": "https://api.github.com/users/invalid-email-address/following{/other_user}", "gists_url": "https://api.github.com/users/invalid-email-address/gists{/gist_id}", "starred_url": "https://api.github.com/users/invalid-email-address/starred{/owner}{/repo}", "subscriptions_url": "https://api.github.com/users/invalid-email-address/subscriptions", "organizations_url": "https://api.github.com/users/invalid-email-address/orgs", "repos_url": "https://api.github.com/users/invalid-email-address/repos", "events_url": "https://api.github.com/users/invalid-email-address/events{/privacy}", "received_events_url": "https://api.github.com/users/invalid-email-address/received_events", "type": "User", "site_admin": false}, "parents": [{"sha": "feeef36850fcb222c58ff79a8c01c78092446433", "url": "https://api.github.com/repos/dionach/CMSmap/commits/feeef36850fcb222c58ff79a8c01c78092446433", "html_url": "https://github.com/dionach/CMSmap/commit/feeef36850fcb222c58ff79a8c01c78092446433"}]}, {"sha": "feeef36850fcb222c58ff79a8c01c78092446433", "node_id": "MDY6Q29tbWl0MTQ5NTY1MzcxOmZlZWVmMzY4NTBmY2IyMjJjNThmZjc5YThjMDFjNzgwOTI0NDY0MzM=", "commit": {"author": {"name": "root", "email": "root@localhost.localdomain", "date": "2018-09-11T06:07:28Z"}, "committer": {"name": "root", "email": "root@localhost.localdomain", "date": "2018-09-11T06:07:28Z"}, "message": "Adds CMSmap v1.0", "tree": {"sha": "d58bcf0bb40292a369b5ba37bfc9aa8e062bacd5", "url": "https://api.github.com/repos/dionach/CMSmap/git/trees/d58bcf0bb40292a369b5ba37bfc9aa8e062bacd5"}, "url": "https://api.github.com/repos/dionach/CMSmap/git/commits/feeef36850fcb222c58ff79a8c01c78092446433", "comment_count": 0, "verification": {"verified": false, "reason": "unsigned", "signature": null, "payload": null}}, "url": "https://api.github.com/repos/dionach/CMSmap/commits/feeef36850fcb222c58ff79a8c01c78092446433", "html_url": "https://github.com/dionach/CMSmap/commit/feeef36850fcb222c58ff79a8c01c78092446433", "comments_url": "https://api.github.com/repos/dionach/CMSmap/commits/feeef36850fcb222c58ff79a8c01c78092446433/comments", "author": {"login": "invalid-email-address", "id": 148100, "node_id": "MDQ6VXNlcjE0ODEwMA==", "avatar_url": "https://avatars.githubusercontent.com/u/148100?v=4", "gravatar_id": "", "url": "https://api.github.com/users/invalid-email-address", "html_url": "https://github.com/invalid-email-address", "followers_url": "https://api.github.com/users/invalid-email-address/followers", "following_url": "https://api.github.com/users/invalid-email-address/following{/other_user}", "gists_url": "https://api.github.com/users/invalid-email-address/gists{/gist_id}", "starred_url": "https://api.github.com/users/invalid-email-address/starred{/owner}{/repo}", "subscriptions_url": "https://api.github.com/users/invalid-email-address/subscriptions", "organizations_url": "https://api.github.com/users/invalid-email-address/orgs", "repos_url": "https://api.github.com/users/invalid-email-address/repos", "events_url": "https://api.github.com/users/invalid-email-address/events{/privacy}", "received_events_url": "https://api.github.com/users/invalid-email-address/received_events", "type": "User", "site_admin": false}, "committer": {"login": "invalid-email-address", "id": 148100, "node_id": "MDQ6VXNlcjE0ODEwMA==", "avatar_url": "https://avatars.githubusercontent.com/u/148100?v=4", "gravatar_id": "", "url": "https://api.github.com/users/invalid-email-address", "html_url": "https://github.com/invalid-email-address", "followers_url": "https://api.github.com/users/invalid-email-address/followers", "following_url": "https://api.github.com/users/invalid-email-address/following{/other_user}", "gists_url": "https://api.github.com/users/invalid-email-address/gists{/gist_id}", "starred_url": "https://api.github.com/users/invalid-email-address/starred{/owner}{/repo}", "subscriptions_url": "https://api.github.com/users/invalid-email-address/subscriptions", "organizations_url": "https://api.github.com/users/invalid-email-address/orgs", "repos_url": "https://api.github.com/users/invalid-email-address/repos", "events_url": "https://api.github.com/users/invalid-email-address/events{/privacy}", "received_events_url": "https://api.github.com/users/invalid-email-address/received_events", "type": "User", "site_admin": false}, "parents": []}]