[{"sha": "127e2aa7cab80039ab7ed7212cfadafe27dc4497", "node_id": "MDY6Q29tbWl0NzYyOTY3NjU6MTI3ZTJhYTdjYWI4MDAzOWFiN2VkNzIxMmNmYWRhZmUyN2RjNDQ5Nw==", "commit": {"author": {"name": "Adam Van Prooyen", "email": "adam.vanpr@gmail.com", "date": "2016-12-13T14:15:09Z"}, "committer": {"name": "Adam Van Prooyen", "email": "adam.vanpr@gmail.com", "date": "2016-12-13T14:15:09Z"}, "message": "Stripped a.out\nFixed readme link", "tree": {"sha": "f424b16617897b6bf0113ab4eda49322093f9e6f", "url": "https://api.github.com/repos/sciencemanx/ctf_import/git/trees/f424b16617897b6bf0113ab4eda49322093f9e6f"}, "url": "https://api.github.com/repos/sciencemanx/ctf_import/git/commits/127e2aa7cab80039ab7ed7212cfadafe27dc4497", "comment_count": 0, "verification": {"verified": false, "reason": "unsigned", "signature": null, "payload": null}}, "url": "https://api.github.com/repos/sciencemanx/ctf_import/commits/127e2aa7cab80039ab7ed7212cfadafe27dc4497", "html_url": "https://github.com/sciencemanx/ctf_import/commit/127e2aa7cab80039ab7ed7212cfadafe27dc4497", "comments_url": "https://api.github.com/repos/sciencemanx/ctf_import/commits/127e2aa7cab80039ab7ed7212cfadafe27dc4497/comments", "author": {"login": "sciencemanx", "id": 6300101, "node_id": "MDQ6VXNlcjYzMDAxMDE=", "avatar_url": "https://avatars.githubusercontent.com/u/6300101?v=4", "gravatar_id": "", "url": "https://api.github.com/users/sciencemanx", "html_url": "https://github.com/sciencemanx", "followers_url": "https://api.github.com/users/sciencemanx/followers", "following_url": "https://api.github.com/users/sciencemanx/following{/other_user}", "gists_url": "https://api.github.com/users/sciencemanx/gists{/gist_id}", "starred_url": "https://api.github.com/users/sciencemanx/starred{/owner}{/repo}", "subscriptions_url": "https://api.github.com/users/sciencemanx/subscriptions", "organizations_url": "https://api.github.com/users/sciencemanx/orgs", "repos_url": "https://api.github.com/users/sciencemanx/repos", "events_url": "https://api.github.com/users/sciencemanx/events{/privacy}", "received_events_url": "https://api.github.com/users/sciencemanx/received_events", "type": "User", "site_admin": false}, "committer": {"login": "sciencemanx", "id": 6300101, "node_id": "MDQ6VXNlcjYzMDAxMDE=", "avatar_url": "https://avatars.githubusercontent.com/u/6300101?v=4", "gravatar_id": "", "url": "https://api.github.com/users/sciencemanx", "html_url": "https://github.com/sciencemanx", "followers_url": "https://api.github.com/users/sciencemanx/followers", "following_url": "https://api.github.com/users/sciencemanx/following{/other_user}", "gists_url": "https://api.github.com/users/sciencemanx/gists{/gist_id}", "starred_url": "https://api.github.com/users/sciencemanx/starred{/owner}{/repo}", "subscriptions_url": "https://api.github.com/users/sciencemanx/subscriptions", "organizations_url": "https://api.github.com/users/sciencemanx/orgs", "repos_url": "https://api.github.com/users/sciencemanx/repos", "events_url": "https://api.github.com/users/sciencemanx/events{/privacy}", "received_events_url": "https://api.github.com/users/sciencemanx/received_events", "type": "User", "site_admin": false}, "parents": [{"sha": "5ac701ae07b2f19403b5b8da58aa6f122267cb8f", "url": "https://api.github.com/repos/sciencemanx/ctf_import/commits/5ac701ae07b2f19403b5b8da58aa6f122267cb8f", "html_url": "https://github.com/sciencemanx/ctf_import/commit/5ac701ae07b2f19403b5b8da58aa6f122267cb8f"}]}, {"sha": "5ac701ae07b2f19403b5b8da58aa6f122267cb8f", "node_id": "MDY6Q29tbWl0NzYyOTY3NjU6NWFjNzAxYWUwN2IyZjE5NDAzYjViOGRhNThhYTZmMTIyMjY3Y2I4Zg==", "commit": {"author": {"name": "Adam Van Prooyen", "email": "adam.vanpr@gmail.com", "date": "2016-12-13T14:13:01Z"}, "committer": {"name": "Adam Van Prooyen", "email": "adam.vanpr@gmail.com", "date": "2016-12-13T14:13:01Z"}, "message": "Updated readme with website", "tree": {"sha": "2d9294a74513d26ebf4a469d7091ac4bc8200b1b", "url": "https://api.github.com/repos/sciencemanx/ctf_import/git/trees/2d9294a74513d26ebf4a469d7091ac4bc8200b1b"}, "url": "https://api.github.com/repos/sciencemanx/ctf_import/git/commits/5ac701ae07b2f19403b5b8da58aa6f122267cb8f", "comment_count": 0, "verification": {"verified": false, "reason": "unsigned", "signature": null, "payload": null}}, "url": "https://api.github.com/repos/sciencemanx/ctf_import/commits/5ac701ae07b2f19403b5b8da58aa6f122267cb8f", "html_url": "https://github.com/sciencemanx/ctf_import/commit/5ac701ae07b2f19403b5b8da58aa6f122267cb8f", "comments_url": "https://api.github.com/repos/sciencemanx/ctf_import/commits/5ac701ae07b2f19403b5b8da58aa6f122267cb8f/comments", "author": {"login": "sciencemanx", "id": 6300101, "node_id": "MDQ6VXNlcjYzMDAxMDE=", "avatar_url": "https://avatars.githubusercontent.com/u/6300101?v=4", "gravatar_id": "", "url": "https://api.github.com/users/sciencemanx", "html_url": "https://github.com/sciencemanx", "followers_url": "https://api.github.com/users/sciencemanx/followers", "following_url": "https://api.github.com/users/sciencemanx/following{/other_user}", "gists_url": "https://api.github.com/users/sciencemanx/gists{/gist_id}", "starred_url": "https://api.github.com/users/sciencemanx/starred{/owner}{/repo}", "subscriptions_url": "https://api.github.com/users/sciencemanx/subscriptions", "organizations_url": "https://api.github.com/users/sciencemanx/orgs", "repos_url": "https://api.github.com/users/sciencemanx/repos", "events_url": "https://api.github.com/users/sciencemanx/events{/privacy}", "received_events_url": "https://api.github.com/users/sciencemanx/received_events", "type": "User", "site_admin": false}, "committer": {"login": "sciencemanx", "id": 6300101, "node_id": "MDQ6VXNlcjYzMDAxMDE=", "avatar_url": "https://avatars.githubusercontent.com/u/6300101?v=4", "gravatar_id": "", "url": "https://api.github.com/users/sciencemanx", "html_url": "https://github.com/sciencemanx", "followers_url": "https://api.github.com/users/sciencemanx/followers", "following_url": "https://api.github.com/users/sciencemanx/following{/other_user}", "gists_url": "https://api.github.com/users/sciencemanx/gists{/gist_id}", "starred_url": "https://api.github.com/users/sciencemanx/starred{/owner}{/repo}", "subscriptions_url": "https://api.github.com/users/sciencemanx/subscriptions", "organizations_url": "https://api.github.com/users/sciencemanx/orgs", "repos_url": "https://api.github.com/users/sciencemanx/repos", "events_url": "https://api.github.com/users/sciencemanx/events{/privacy}", "received_events_url": "https://api.github.com/users/sciencemanx/received_events", "type": "User", "site_admin": false}, "parents": [{"sha": "cd0097b44eef86847164ffc3192bec57c054f6c1", "url": "https://api.github.com/repos/sciencemanx/ctf_import/commits/cd0097b44eef86847164ffc3192bec57c054f6c1", "html_url": "https://github.com/sciencemanx/ctf_import/commit/cd0097b44eef86847164ffc3192bec57c054f6c1"}]}, {"sha": "cd0097b44eef86847164ffc3192bec57c054f6c1", "node_id": "MDY6Q29tbWl0NzYyOTY3NjU6Y2QwMDk3YjQ0ZWVmODY4NDcxNjRmZmMzMTkyYmVjNTdjMDU0ZjZjMQ==", "commit": {"author": {"name": "Adam Van Prooyen", "email": "adam.vanpr@gmail.com", "date": "2016-12-12T22:39:57Z"}, "committer": {"name": "Adam Van Prooyen", "email": "adam.vanpr@gmail.com", "date": "2016-12-12T22:39:57Z"}, "message": "Updated Readme and .gitignore", "tree": {"sha": "cc2d547a04e961e47b3904e95b28a51699493bd2", "url": "https://api.github.com/repos/sciencemanx/ctf_import/git/trees/cc2d547a04e961e47b3904e95b28a51699493bd2"}, "url": "https://api.github.com/repos/sciencemanx/ctf_import/git/commits/cd0097b44eef86847164ffc3192bec57c054f6c1", "comment_count": 0, "verification": {"verified": false, "reason": "unsigned", "signature": null, "payload": null}}, "url": "https://api.github.com/repos/sciencemanx/ctf_import/commits/cd0097b44eef86847164ffc3192bec57c054f6c1", "html_url": "https://github.com/sciencemanx/ctf_import/commit/cd0097b44eef86847164ffc3192bec57c054f6c1", "comments_url": "https://api.github.com/repos/sciencemanx/ctf_import/commits/cd0097b44eef86847164ffc3192bec57c054f6c1/comments", "author": {"login": "sciencemanx", "id": 6300101, "node_id": "MDQ6VXNlcjYzMDAxMDE=", "avatar_url": "https://avatars.githubusercontent.com/u/6300101?v=4", "gravatar_id": "", "url": "https://api.github.com/users/sciencemanx", "html_url": "https://github.com/sciencemanx", "followers_url": "https://api.github.com/users/sciencemanx/followers", "following_url": "https://api.github.com/users/sciencemanx/following{/other_user}", "gists_url": "https://api.github.com/users/sciencemanx/gists{/gist_id}", "starred_url": "https://api.github.com/users/sciencemanx/starred{/owner}{/repo}", "subscriptions_url": "https://api.github.com/users/sciencemanx/subscriptions", "organizations_url": "https://api.github.com/users/sciencemanx/orgs", "repos_url": "https://api.github.com/users/sciencemanx/repos", "events_url": "https://api.github.com/users/sciencemanx/events{/privacy}", "received_events_url": "https://api.github.com/users/sciencemanx/received_events", "type": "User", "site_admin": false}, "committer": {"login": "sciencemanx", "id": 6300101, "node_id": "MDQ6VXNlcjYzMDAxMDE=", "avatar_url": "https://avatars.githubusercontent.com/u/6300101?v=4", "gravatar_id": "", "url": "https://api.github.com/users/sciencemanx", "html_url": "https://github.com/sciencemanx", "followers_url": "https://api.github.com/users/sciencemanx/followers", "following_url": "https://api.github.com/users/sciencemanx/following{/other_user}", "gists_url": "https://api.github.com/users/sciencemanx/gists{/gist_id}", "starred_url": "https://api.github.com/users/sciencemanx/starred{/owner}{/repo}", "subscriptions_url": "https://api.github.com/users/sciencemanx/subscriptions", "organizations_url": "https://api.github.com/users/sciencemanx/orgs", "repos_url": "https://api.github.com/users/sciencemanx/repos", "events_url": "https://api.github.com/users/sciencemanx/events{/privacy}", "received_events_url": "https://api.github.com/users/sciencemanx/received_events", "type": "User", "site_admin": false}, "parents": [{"sha": "b4805bd98ef574fa1a765ed0631c98dd825e8f58", "url": "https://api.github.com/repos/sciencemanx/ctf_import/commits/b4805bd98ef574fa1a765ed0631c98dd825e8f58", "html_url": "https://github.com/sciencemanx/ctf_import/commit/b4805bd98ef574fa1a765ed0631c98dd825e8f58"}]}, {"sha": "b4805bd98ef574fa1a765ed0631c98dd825e8f58", "node_id": "MDY6Q29tbWl0NzYyOTY3NjU6YjQ4MDViZDk4ZWY1NzRmYTFhNzY1ZWQwNjMxYzk4ZGQ4MjVlOGY1OA==", "commit": {"author": {"name": "Adam Van Prooyen", "email": "adam.vanpr@gmail.com", "date": "2016-12-12T22:32:10Z"}, "committer": {"name": "Adam Van Prooyen", "email": "adam.vanpr@gmail.com", "date": "2016-12-12T22:32:10Z"}, "message": "Added example from SECCON CTF", "tree": {"sha": "61f77056ee78986d01964a2f1c2f0c51ddacb428", "url": "https://api.github.com/repos/sciencemanx/ctf_import/git/trees/61f77056ee78986d01964a2f1c2f0c51ddacb428"}, "url": "https://api.github.com/repos/sciencemanx/ctf_import/git/commits/b4805bd98ef574fa1a765ed0631c98dd825e8f58", "comment_count": 0, "verification": {"verified": false, "reason": "unsigned", "signature": null, "payload": null}}, "url": "https://api.github.com/repos/sciencemanx/ctf_import/commits/b4805bd98ef574fa1a765ed0631c98dd825e8f58", "html_url": "https://github.com/sciencemanx/ctf_import/commit/b4805bd98ef574fa1a765ed0631c98dd825e8f58", "comments_url": "https://api.github.com/repos/sciencemanx/ctf_import/commits/b4805bd98ef574fa1a765ed0631c98dd825e8f58/comments", "author": {"login": "sciencemanx", "id": 6300101, "node_id": "MDQ6VXNlcjYzMDAxMDE=", "avatar_url": "https://avatars.githubusercontent.com/u/6300101?v=4", "gravatar_id": "", "url": "https://api.github.com/users/sciencemanx", "html_url": "https://github.com/sciencemanx", "followers_url": "https://api.github.com/users/sciencemanx/followers", "following_url": "https://api.github.com/users/sciencemanx/following{/other_user}", "gists_url": "https://api.github.com/users/sciencemanx/gists{/gist_id}", "starred_url": "https://api.github.com/users/sciencemanx/starred{/owner}{/repo}", "subscriptions_url": "https://api.github.com/users/sciencemanx/subscriptions", "organizations_url": "https://api.github.com/users/sciencemanx/orgs", "repos_url": "https://api.github.com/users/sciencemanx/repos", "events_url": "https://api.github.com/users/sciencemanx/events{/privacy}", "received_events_url": "https://api.github.com/users/sciencemanx/received_events", "type": "User", "site_admin": false}, "committer": {"login": "sciencemanx", "id": 6300101, "node_id": "MDQ6VXNlcjYzMDAxMDE=", "avatar_url": "https://avatars.githubusercontent.com/u/6300101?v=4", "gravatar_id": "", "url": "https://api.github.com/users/sciencemanx", "html_url": "https://github.com/sciencemanx", "followers_url": "https://api.github.com/users/sciencemanx/followers", "following_url": "https://api.github.com/users/sciencemanx/following{/other_user}", "gists_url": "https://api.github.com/users/sciencemanx/gists{/gist_id}", "starred_url": "https://api.github.com/users/sciencemanx/starred{/owner}{/repo}", "subscriptions_url": "https://api.github.com/users/sciencemanx/subscriptions", "organizations_url": "https://api.github.com/users/sciencemanx/orgs", "repos_url": "https://api.github.com/users/sciencemanx/repos", "events_url": "https://api.github.com/users/sciencemanx/events{/privacy}", "received_events_url": "https://api.github.com/users/sciencemanx/received_events", "type": "User", "site_admin": false}, "parents": [{"sha": "a63baff3d2a8b88ce06ee0f973d42d2696e1689e", "url": "https://api.github.com/repos/sciencemanx/ctf_import/commits/a63baff3d2a8b88ce06ee0f973d42d2696e1689e", "html_url": "https://github.com/sciencemanx/ctf_import/commit/a63baff3d2a8b88ce06ee0f973d42d2696e1689e"}]}, {"sha": "a63baff3d2a8b88ce06ee0f973d42d2696e1689e", "node_id": "MDY6Q29tbWl0NzYyOTY3NjU6YTYzYmFmZjNkMmE4Yjg4Y2UwNmVlMGY5NzNkNDJkMjY5NmUxNjg5ZQ==", "commit": {"author": {"name": "Adam Van Prooyen", "email": "adam.vanpr@gmail.com", "date": "2016-12-12T22:31:09Z"}, "committer": {"name": "Adam Van Prooyen", "email": "adam.vanpr@gmail.com", "date": "2016-12-12T22:31:09Z"}, "message": "Added basic example for ctf_import.c", "tree": {"sha": "bdd64ede8d56983ca5bf1d5c11ea04e40f14ee32", "url": "https://api.github.com/repos/sciencemanx/ctf_import/git/trees/bdd64ede8d56983ca5bf1d5c11ea04e40f14ee32"}, "url": "https://api.github.com/repos/sciencemanx/ctf_import/git/commits/a63baff3d2a8b88ce06ee0f973d42d2696e1689e", "comment_count": 0, "verification": {"verified": false, "reason": "unsigned", "signature": null, "payload": null}}, "url": "https://api.github.com/repos/sciencemanx/ctf_import/commits/a63baff3d2a8b88ce06ee0f973d42d2696e1689e", "html_url": "https://github.com/sciencemanx/ctf_import/commit/a63baff3d2a8b88ce06ee0f973d42d2696e1689e", "comments_url": "https://api.github.com/repos/sciencemanx/ctf_import/commits/a63baff3d2a8b88ce06ee0f973d42d2696e1689e/comments", "author": {"login": "sciencemanx", "id": 6300101, "node_id": "MDQ6VXNlcjYzMDAxMDE=", "avatar_url": "https://avatars.githubusercontent.com/u/6300101?v=4", "gravatar_id": "", "url": "https://api.github.com/users/sciencemanx", "html_url": "https://github.com/sciencemanx", "followers_url": "https://api.github.com/users/sciencemanx/followers", "following_url": "https://api.github.com/users/sciencemanx/following{/other_user}", "gists_url": "https://api.github.com/users/sciencemanx/gists{/gist_id}", "starred_url": "https://api.github.com/users/sciencemanx/starred{/owner}{/repo}", "subscriptions_url": "https://api.github.com/users/sciencemanx/subscriptions", "organizations_url": "https://api.github.com/users/sciencemanx/orgs", "repos_url": "https://api.github.com/users/sciencemanx/repos", "events_url": "https://api.github.com/users/sciencemanx/events{/privacy}", "received_events_url": "https://api.github.com/users/sciencemanx/received_events", "type": "User", "site_admin": false}, "committer": {"login": "sciencemanx", "id": 6300101, "node_id": "MDQ6VXNlcjYzMDAxMDE=", "avatar_url": "https://avatars.githubusercontent.com/u/6300101?v=4", "gravatar_id": "", "url": "https://api.github.com/users/sciencemanx", "html_url": "https://github.com/sciencemanx", "followers_url": "https://api.github.com/users/sciencemanx/followers", "following_url": "https://api.github.com/users/sciencemanx/following{/other_user}", "gists_url": "https://api.github.com/users/sciencemanx/gists{/gist_id}", "starred_url": "https://api.github.com/users/sciencemanx/starred{/owner}{/repo}", "subscriptions_url": "https://api.github.com/users/sciencemanx/subscriptions", "organizations_url": "https://api.github.com/users/sciencemanx/orgs", "repos_url": "https://api.github.com/users/sciencemanx/repos", "events_url": "https://api.github.com/users/sciencemanx/events{/privacy}", "received_events_url": "https://api.github.com/users/sciencemanx/received_events", "type": "User", "site_admin": false}, "parents": [{"sha": "bb11fb5e0a4c3467d7e86a0212435b7ff6052845", "url": "https://api.github.com/repos/sciencemanx/ctf_import/commits/bb11fb5e0a4c3467d7e86a0212435b7ff6052845", "html_url": "https://github.com/sciencemanx/ctf_import/commit/bb11fb5e0a4c3467d7e86a0212435b7ff6052845"}]}, {"sha": "bb11fb5e0a4c3467d7e86a0212435b7ff6052845", "node_id": "MDY6Q29tbWl0NzYyOTY3NjU6YmIxMWZiNWUwYTRjMzQ2N2Q3ZTg2YTAyMTI0MzViN2ZmNjA1Mjg0NQ==", "commit": {"author": {"name": "Adam Van Prooyen", "email": "adam.vanpr@gmail.com", "date": "2016-12-12T22:28:47Z"}, "committer": {"name": "Adam Van Prooyen", "email": "adam.vanpr@gmail.com", "date": "2016-12-12T22:28:47Z"}, "message": "Added ctf_import.h and ctf_import.c", "tree": {"sha": "2e2f54e4703c67f20b4f68da09ed783ec1c2b22e", "url": "https://api.github.com/repos/sciencemanx/ctf_import/git/trees/2e2f54e4703c67f20b4f68da09ed783ec1c2b22e"}, "url": "https://api.github.com/repos/sciencemanx/ctf_import/git/commits/bb11fb5e0a4c3467d7e86a0212435b7ff6052845", "comment_count": 0, "verification": {"verified": false, "reason": "unsigned", "signature": null, "payload": null}}, "url": "https://api.github.com/repos/sciencemanx/ctf_import/commits/bb11fb5e0a4c3467d7e86a0212435b7ff6052845", "html_url": "https://github.com/sciencemanx/ctf_import/commit/bb11fb5e0a4c3467d7e86a0212435b7ff6052845", "comments_url": "https://api.github.com/repos/sciencemanx/ctf_import/commits/bb11fb5e0a4c3467d7e86a0212435b7ff6052845/comments", "author": {"login": "sciencemanx", "id": 6300101, "node_id": "MDQ6VXNlcjYzMDAxMDE=", "avatar_url": "https://avatars.githubusercontent.com/u/6300101?v=4", "gravatar_id": "", "url": "https://api.github.com/users/sciencemanx", "html_url": "https://github.com/sciencemanx", "followers_url": "https://api.github.com/users/sciencemanx/followers", "following_url": "https://api.github.com/users/sciencemanx/following{/other_user}", "gists_url": "https://api.github.com/users/sciencemanx/gists{/gist_id}", "starred_url": "https://api.github.com/users/sciencemanx/starred{/owner}{/repo}", "subscriptions_url": "https://api.github.com/users/sciencemanx/subscriptions", "organizations_url": "https://api.github.com/users/sciencemanx/orgs", "repos_url": "https://api.github.com/users/sciencemanx/repos", "events_url": "https://api.github.com/users/sciencemanx/events{/privacy}", "received_events_url": "https://api.github.com/users/sciencemanx/received_events", "type": "User", "site_admin": false}, "committer": {"login": "sciencemanx", "id": 6300101, "node_id": "MDQ6VXNlcjYzMDAxMDE=", "avatar_url": "https://avatars.githubusercontent.com/u/6300101?v=4", "gravatar_id": "", "url": "https://api.github.com/users/sciencemanx", "html_url": "https://github.com/sciencemanx", "followers_url": "https://api.github.com/users/sciencemanx/followers", "following_url": "https://api.github.com/users/sciencemanx/following{/other_user}", "gists_url": "https://api.github.com/users/sciencemanx/gists{/gist_id}", "starred_url": "https://api.github.com/users/sciencemanx/starred{/owner}{/repo}", "subscriptions_url": "https://api.github.com/users/sciencemanx/subscriptions", "organizations_url": "https://api.github.com/users/sciencemanx/orgs", "repos_url": "https://api.github.com/users/sciencemanx/repos", "events_url": "https://api.github.com/users/sciencemanx/events{/privacy}", "received_events_url": "https://api.github.com/users/sciencemanx/received_events", "type": "User", "site_admin": false}, "parents": [{"sha": "5e50f1bca9b308064288d95c1e2dd8d5d1b42769", "url": "https://api.github.com/repos/sciencemanx/ctf_import/commits/5e50f1bca9b308064288d95c1e2dd8d5d1b42769", "html_url": "https://github.com/sciencemanx/ctf_import/commit/5e50f1bca9b308064288d95c1e2dd8d5d1b42769"}]}, {"sha": "5e50f1bca9b308064288d95c1e2dd8d5d1b42769", "node_id": "MDY6Q29tbWl0NzYyOTY3NjU6NWU1MGYxYmNhOWIzMDgwNjQyODhkOTVjMWUyZGQ4ZDVkMWI0Mjc2OQ==", "commit": {"author": {"name": "Adam Van Prooyen", "email": "adam.vanpr@gmail.com", "date": "2016-12-12T21:24:48Z"}, "committer": {"name": "Adam Van Prooyen", "email": "adam.vanpr@gmail.com", "date": "2016-12-12T21:24:48Z"}, "message": "Initial commit", "tree": {"sha": "51caffc24a0bcd1d94a9f5385121058628203603", "url": "https://api.github.com/repos/sciencemanx/ctf_import/git/trees/51caffc24a0bcd1d94a9f5385121058628203603"}, "url": "https://api.github.com/repos/sciencemanx/ctf_import/git/commits/5e50f1bca9b308064288d95c1e2dd8d5d1b42769", "comment_count": 0, "verification": {"verified": false, "reason": "unsigned", "signature": null, "payload": null}}, "url": "https://api.github.com/repos/sciencemanx/ctf_import/commits/5e50f1bca9b308064288d95c1e2dd8d5d1b42769", "html_url": "https://github.com/sciencemanx/ctf_import/commit/5e50f1bca9b308064288d95c1e2dd8d5d1b42769", "comments_url": "https://api.github.com/repos/sciencemanx/ctf_import/commits/5e50f1bca9b308064288d95c1e2dd8d5d1b42769/comments", "author": {"login": "sciencemanx", "id": 6300101, "node_id": "MDQ6VXNlcjYzMDAxMDE=", "avatar_url": "https://avatars.githubusercontent.com/u/6300101?v=4", "gravatar_id": "", "url": "https://api.github.com/users/sciencemanx", "html_url": "https://github.com/sciencemanx", "followers_url": "https://api.github.com/users/sciencemanx/followers", "following_url": "https://api.github.com/users/sciencemanx/following{/other_user}", "gists_url": "https://api.github.com/users/sciencemanx/gists{/gist_id}", "starred_url": "https://api.github.com/users/sciencemanx/starred{/owner}{/repo}", "subscriptions_url": "https://api.github.com/users/sciencemanx/subscriptions", "organizations_url": "https://api.github.com/users/sciencemanx/orgs", "repos_url": "https://api.github.com/users/sciencemanx/repos", "events_url": "https://api.github.com/users/sciencemanx/events{/privacy}", "received_events_url": "https://api.github.com/users/sciencemanx/received_events", "type": "User", "site_admin": false}, "committer": {"login": "sciencemanx", "id": 6300101, "node_id": "MDQ6VXNlcjYzMDAxMDE=", "avatar_url": "https://avatars.githubusercontent.com/u/6300101?v=4", "gravatar_id": "", "url": "https://api.github.com/users/sciencemanx", "html_url": "https://github.com/sciencemanx", "followers_url": "https://api.github.com/users/sciencemanx/followers", "following_url": "https://api.github.com/users/sciencemanx/following{/other_user}", "gists_url": "https://api.github.com/users/sciencemanx/gists{/gist_id}", "starred_url": "https://api.github.com/users/sciencemanx/starred{/owner}{/repo}", "subscriptions_url": "https://api.github.com/users/sciencemanx/subscriptions", "organizations_url": "https://api.github.com/users/sciencemanx/orgs", "repos_url": "https://api.github.com/users/sciencemanx/repos", "events_url": "https://api.github.com/users/sciencemanx/events{/privacy}", "received_events_url": "https://api.github.com/users/sciencemanx/received_events", "type": "User", "site_admin": false}, "parents": []}]