[{"sha": "72a985dfb41d94aa6d147d1dd1829833fd089888", "node_id": "MDY6Q29tbWl0OTYxODUyNjo3MmE5ODVkZmI0MWQ5NGFhNmQxNDdkMWRkMTgyOTgzM2ZkMDg5ODg4", "commit": {"author": {"name": "evilcos", "email": "evilcos@gmail.com", "date": "2017-06-25T08:31:53Z"}, "committer": {"name": "GitHub", "email": "noreply@github.com", "date": "2017-06-25T08:31:53Z"}, "message": "Update README.md", "tree": {"sha": "660004a6fcfe1143df83a2303124b66c6151b76e", "url": "https://api.github.com/repos/evilcos/xssor/git/trees/660004a6fcfe1143df83a2303124b66c6151b76e"}, "url": "https://api.github.com/repos/evilcos/xssor/git/commits/72a985dfb41d94aa6d147d1dd1829833fd089888", "comment_count": 0, "verification": {"verified": false, "reason": "unsigned", "signature": null, "payload": null}}, "url": "https://api.github.com/repos/evilcos/xssor/commits/72a985dfb41d94aa6d147d1dd1829833fd089888", "html_url": "https://github.com/evilcos/xssor/commit/72a985dfb41d94aa6d147d1dd1829833fd089888", "comments_url": "https://api.github.com/repos/evilcos/xssor/commits/72a985dfb41d94aa6d147d1dd1829833fd089888/comments", "author": {"login": "evilcos", "id": 1061138, "node_id": "MDQ6VXNlcjEwNjExMzg=", "avatar_url": "https://avatars.githubusercontent.com/u/1061138?v=4", "gravatar_id": "", "url": "https://api.github.com/users/evilcos", "html_url": "https://github.com/evilcos", "followers_url": "https://api.github.com/users/evilcos/followers", "following_url": "https://api.github.com/users/evilcos/following{/other_user}", "gists_url": "https://api.github.com/users/evilcos/gists{/gist_id}", "starred_url": "https://api.github.com/users/evilcos/starred{/owner}{/repo}", "subscriptions_url": "https://api.github.com/users/evilcos/subscriptions", "organizations_url": "https://api.github.com/users/evilcos/orgs", "repos_url": "https://api.github.com/users/evilcos/repos", "events_url": "https://api.github.com/users/evilcos/events{/privacy}", "received_events_url": "https://api.github.com/users/evilcos/received_events", "type": "User", "site_admin": false}, "committer": {"login": "web-flow", "id": 19864447, "node_id": "MDQ6VXNlcjE5ODY0NDQ3", "avatar_url": "https://avatars.githubusercontent.com/u/19864447?v=4", "gravatar_id": "", "url": "https://api.github.com/users/web-flow", "html_url": "https://github.com/web-flow", "followers_url": "https://api.github.com/users/web-flow/followers", "following_url": "https://api.github.com/users/web-flow/following{/other_user}", "gists_url": "https://api.github.com/users/web-flow/gists{/gist_id}", "starred_url": "https://api.github.com/users/web-flow/starred{/owner}{/repo}", "subscriptions_url": "https://api.github.com/users/web-flow/subscriptions", "organizations_url": "https://api.github.com/users/web-flow/orgs", "repos_url": "https://api.github.com/users/web-flow/repos", "events_url": "https://api.github.com/users/web-flow/events{/privacy}", "received_events_url": "https://api.github.com/users/web-flow/received_events", "type": "User", "site_admin": false}, "parents": [{"sha": "8326c0366f6d862dc4723ff7e9c167d7e23fac98", "url": "https://api.github.com/repos/evilcos/xssor/commits/8326c0366f6d862dc4723ff7e9c167d7e23fac98", "html_url": "https://github.com/evilcos/xssor/commit/8326c0366f6d862dc4723ff7e9c167d7e23fac98"}]}, {"sha": "8326c0366f6d862dc4723ff7e9c167d7e23fac98", "node_id": "MDY6Q29tbWl0OTYxODUyNjo4MzI2YzAzNjZmNmQ4NjJkYzQ3MjNmZjdlOWMxNjdkN2UyM2ZhYzk4", "commit": {"author": {"name": "evilcos", "email": "evilcos@gmail.com", "date": "2013-04-23T08:38:20Z"}, "committer": {"name": "evilcos", "email": "evilcos@gmail.com", "date": "2013-04-23T08:38:20Z"}, "message": "init", "tree": {"sha": "30362125ffab876de615522845d1c6f04920c2af", "url": "https://api.github.com/repos/evilcos/xssor/git/trees/30362125ffab876de615522845d1c6f04920c2af"}, "url": "https://api.github.com/repos/evilcos/xssor/git/commits/8326c0366f6d862dc4723ff7e9c167d7e23fac98", "comment_count": 0, "verification": {"verified": false, "reason": "unsigned", "signature": null, "payload": null}}, "url": "https://api.github.com/repos/evilcos/xssor/commits/8326c0366f6d862dc4723ff7e9c167d7e23fac98", "html_url": "https://github.com/evilcos/xssor/commit/8326c0366f6d862dc4723ff7e9c167d7e23fac98", "comments_url": "https://api.github.com/repos/evilcos/xssor/commits/8326c0366f6d862dc4723ff7e9c167d7e23fac98/comments", "author": {"login": "evilcos", "id": 1061138, "node_id": "MDQ6VXNlcjEwNjExMzg=", "avatar_url": "https://avatars.githubusercontent.com/u/1061138?v=4", "gravatar_id": "", "url": "https://api.github.com/users/evilcos", "html_url": "https://github.com/evilcos", "followers_url": "https://api.github.com/users/evilcos/followers", "following_url": "https://api.github.com/users/evilcos/following{/other_user}", "gists_url": "https://api.github.com/users/evilcos/gists{/gist_id}", "starred_url": "https://api.github.com/users/evilcos/starred{/owner}{/repo}", "subscriptions_url": "https://api.github.com/users/evilcos/subscriptions", "organizations_url": "https://api.github.com/users/evilcos/orgs", "repos_url": "https://api.github.com/users/evilcos/repos", "events_url": "https://api.github.com/users/evilcos/events{/privacy}", "received_events_url": "https://api.github.com/users/evilcos/received_events", "type": "User", "site_admin": false}, "committer": {"login": "evilcos", "id": 1061138, "node_id": "MDQ6VXNlcjEwNjExMzg=", "avatar_url": "https://avatars.githubusercontent.com/u/1061138?v=4", "gravatar_id": "", "url": "https://api.github.com/users/evilcos", "html_url": "https://github.com/evilcos", "followers_url": "https://api.github.com/users/evilcos/followers", "following_url": "https://api.github.com/users/evilcos/following{/other_user}", "gists_url": "https://api.github.com/users/evilcos/gists{/gist_id}", "starred_url": "https://api.github.com/users/evilcos/starred{/owner}{/repo}", "subscriptions_url": "https://api.github.com/users/evilcos/subscriptions", "organizations_url": "https://api.github.com/users/evilcos/orgs", "repos_url": "https://api.github.com/users/evilcos/repos", "events_url": "https://api.github.com/users/evilcos/events{/privacy}", "received_events_url": "https://api.github.com/users/evilcos/received_events", "type": "User", "site_admin": false}, "parents": [{"sha": "23dae8631d8183ecd7977f80ee745aa2830a6136", "url": "https://api.github.com/repos/evilcos/xssor/commits/23dae8631d8183ecd7977f80ee745aa2830a6136", "html_url": "https://github.com/evilcos/xssor/commit/23dae8631d8183ecd7977f80ee745aa2830a6136"}]}, {"sha": "23dae8631d8183ecd7977f80ee745aa2830a6136", "node_id": "MDY6Q29tbWl0OTYxODUyNjoyM2RhZTg2MzFkODE4M2VjZDc5NzdmODBlZTc0NWFhMjgzMGE2MTM2", "commit": {"author": {"name": "evilcos", "email": "evilcos@gmail.com", "date": "2013-04-23T08:28:45Z"}, "committer": {"name": "evilcos", "email": "evilcos@gmail.com", "date": "2013-04-23T08:28:45Z"}, "message": "Initial commit", "tree": {"sha": "9b66c4cbc64e004720077784b4f16e38e067af72", "url": "https://api.github.com/repos/evilcos/xssor/git/trees/9b66c4cbc64e004720077784b4f16e38e067af72"}, "url": "https://api.github.com/repos/evilcos/xssor/git/commits/23dae8631d8183ecd7977f80ee745aa2830a6136", "comment_count": 0, "verification": {"verified": false, "reason": "unsigned", "signature": null, "payload": null}}, "url": "https://api.github.com/repos/evilcos/xssor/commits/23dae8631d8183ecd7977f80ee745aa2830a6136", "html_url": "https://github.com/evilcos/xssor/commit/23dae8631d8183ecd7977f80ee745aa2830a6136", "comments_url": "https://api.github.com/repos/evilcos/xssor/commits/23dae8631d8183ecd7977f80ee745aa2830a6136/comments", "author": {"login": "evilcos", "id": 1061138, "node_id": "MDQ6VXNlcjEwNjExMzg=", "avatar_url": "https://avatars.githubusercontent.com/u/1061138?v=4", "gravatar_id": "", "url": "https://api.github.com/users/evilcos", "html_url": "https://github.com/evilcos", "followers_url": "https://api.github.com/users/evilcos/followers", "following_url": "https://api.github.com/users/evilcos/following{/other_user}", "gists_url": "https://api.github.com/users/evilcos/gists{/gist_id}", "starred_url": "https://api.github.com/users/evilcos/starred{/owner}{/repo}", "subscriptions_url": "https://api.github.com/users/evilcos/subscriptions", "organizations_url": "https://api.github.com/users/evilcos/orgs", "repos_url": "https://api.github.com/users/evilcos/repos", "events_url": "https://api.github.com/users/evilcos/events{/privacy}", "received_events_url": "https://api.github.com/users/evilcos/received_events", "type": "User", "site_admin": false}, "committer": {"login": "evilcos", "id": 1061138, "node_id": "MDQ6VXNlcjEwNjExMzg=", "avatar_url": "https://avatars.githubusercontent.com/u/1061138?v=4", "gravatar_id": "", "url": "https://api.github.com/users/evilcos", "html_url": "https://github.com/evilcos", "followers_url": "https://api.github.com/users/evilcos/followers", "following_url": "https://api.github.com/users/evilcos/following{/other_user}", "gists_url": "https://api.github.com/users/evilcos/gists{/gist_id}", "starred_url": "https://api.github.com/users/evilcos/starred{/owner}{/repo}", "subscriptions_url": "https://api.github.com/users/evilcos/subscriptions", "organizations_url": "https://api.github.com/users/evilcos/orgs", "repos_url": "https://api.github.com/users/evilcos/repos", "events_url": "https://api.github.com/users/evilcos/events{/privacy}", "received_events_url": "https://api.github.com/users/evilcos/received_events", "type": "User", "site_admin": false}, "parents": []}]