[{"sha": "0f9d5f1b37238e3c35b46d0b8d6281bf988f498d", "node_id": "MDY6Q29tbWl0MTI4NDE2NzowZjlkNWYxYjM3MjM4ZTNjMzViNDZkMGI4ZDYyODFiZjk4OGY0OThk", "commit": {"author": {"name": "evilsocket", "email": "evilsocket@gmail.com", "date": "2011-01-24T23:17:56Z"}, "committer": {"name": "evilsocket", "email": "evilsocket@gmail.com", "date": "2011-01-24T23:17:56Z"}, "message": "HTML parsing and caching fix", "tree": {"sha": "a0f820bcce348fea65674e5aae84abcd9db82e1d", "url": "https://api.github.com/repos/evilsocket/altair/git/trees/a0f820bcce348fea65674e5aae84abcd9db82e1d"}, "url": "https://api.github.com/repos/evilsocket/altair/git/commits/0f9d5f1b37238e3c35b46d0b8d6281bf988f498d", "comment_count": 0, "verification": {"verified": false, "reason": "unsigned", "signature": null, "payload": null}}, "url": "https://api.github.com/repos/evilsocket/altair/commits/0f9d5f1b37238e3c35b46d0b8d6281bf988f498d", "html_url": "https://github.com/evilsocket/altair/commit/0f9d5f1b37238e3c35b46d0b8d6281bf988f498d", "comments_url": "https://api.github.com/repos/evilsocket/altair/commits/0f9d5f1b37238e3c35b46d0b8d6281bf988f498d/comments", "author": {"login": "evilsocket", "id": 86922, "node_id": "MDQ6VXNlcjg2OTIy", "avatar_url": "https://avatars.githubusercontent.com/u/86922?v=4", "gravatar_id": "", "url": "https://api.github.com/users/evilsocket", "html_url": "https://github.com/evilsocket", "followers_url": "https://api.github.com/users/evilsocket/followers", "following_url": "https://api.github.com/users/evilsocket/following{/other_user}", "gists_url": "https://api.github.com/users/evilsocket/gists{/gist_id}", "starred_url": "https://api.github.com/users/evilsocket/starred{/owner}{/repo}", "subscriptions_url": "https://api.github.com/users/evilsocket/subscriptions", "organizations_url": "https://api.github.com/users/evilsocket/orgs", "repos_url": "https://api.github.com/users/evilsocket/repos", "events_url": "https://api.github.com/users/evilsocket/events{/privacy}", "received_events_url": "https://api.github.com/users/evilsocket/received_events", "type": "User", "site_admin": false}, "committer": {"login": "evilsocket", "id": 86922, "node_id": "MDQ6VXNlcjg2OTIy", "avatar_url": "https://avatars.githubusercontent.com/u/86922?v=4", "gravatar_id": "", "url": "https://api.github.com/users/evilsocket", "html_url": "https://github.com/evilsocket", "followers_url": "https://api.github.com/users/evilsocket/followers", "following_url": "https://api.github.com/users/evilsocket/following{/other_user}", "gists_url": "https://api.github.com/users/evilsocket/gists{/gist_id}", "starred_url": "https://api.github.com/users/evilsocket/starred{/owner}{/repo}", "subscriptions_url": "https://api.github.com/users/evilsocket/subscriptions", "organizations_url": "https://api.github.com/users/evilsocket/orgs", "repos_url": "https://api.github.com/users/evilsocket/repos", "events_url": "https://api.github.com/users/evilsocket/events{/privacy}", "received_events_url": "https://api.github.com/users/evilsocket/received_events", "type": "User", "site_admin": false}, "parents": [{"sha": "32b87483a17f4b2aa4b1b73c4a2ca11630ef8494", "url": "https://api.github.com/repos/evilsocket/altair/commits/32b87483a17f4b2aa4b1b73c4a2ca11630ef8494", "html_url": "https://github.com/evilsocket/altair/commit/32b87483a17f4b2aa4b1b73c4a2ca11630ef8494"}]}, {"sha": "32b87483a17f4b2aa4b1b73c4a2ca11630ef8494", "node_id": "MDY6Q29tbWl0MTI4NDE2NzozMmI4NzQ4M2ExN2Y0YjJhYTRiMWI3M2M0YTJjYTExNjMwZWY4NDk0", "commit": {"author": {"name": "evilsocket", "email": "evilsocket@gmail.com", "date": "2011-01-24T17:51:07Z"}, "committer": {"name": "evilsocket", "email": "evilsocket@gmail.com", "date": "2011-01-24T17:51:07Z"}, "message": "Fixed post keys comparision", "tree": {"sha": "d720abd10e8c5fd9f3ba93d95da1a68179eee264", "url": "https://api.github.com/repos/evilsocket/altair/git/trees/d720abd10e8c5fd9f3ba93d95da1a68179eee264"}, "url": "https://api.github.com/repos/evilsocket/altair/git/commits/32b87483a17f4b2aa4b1b73c4a2ca11630ef8494", "comment_count": 0, "verification": {"verified": false, "reason": "unsigned", "signature": null, "payload": null}}, "url": "https://api.github.com/repos/evilsocket/altair/commits/32b87483a17f4b2aa4b1b73c4a2ca11630ef8494", "html_url": "https://github.com/evilsocket/altair/commit/32b87483a17f4b2aa4b1b73c4a2ca11630ef8494", "comments_url": "https://api.github.com/repos/evilsocket/altair/commits/32b87483a17f4b2aa4b1b73c4a2ca11630ef8494/comments", "author": {"login": "evilsocket", "id": 86922, "node_id": "MDQ6VXNlcjg2OTIy", "avatar_url": "https://avatars.githubusercontent.com/u/86922?v=4", "gravatar_id": "", "url": "https://api.github.com/users/evilsocket", "html_url": "https://github.com/evilsocket", "followers_url": "https://api.github.com/users/evilsocket/followers", "following_url": "https://api.github.com/users/evilsocket/following{/other_user}", "gists_url": "https://api.github.com/users/evilsocket/gists{/gist_id}", "starred_url": "https://api.github.com/users/evilsocket/starred{/owner}{/repo}", "subscriptions_url": "https://api.github.com/users/evilsocket/subscriptions", "organizations_url": "https://api.github.com/users/evilsocket/orgs", "repos_url": "https://api.github.com/users/evilsocket/repos", "events_url": "https://api.github.com/users/evilsocket/events{/privacy}", "received_events_url": "https://api.github.com/users/evilsocket/received_events", "type": "User", "site_admin": false}, "committer": {"login": "evilsocket", "id": 86922, "node_id": "MDQ6VXNlcjg2OTIy", "avatar_url": "https://avatars.githubusercontent.com/u/86922?v=4", "gravatar_id": "", "url": "https://api.github.com/users/evilsocket", "html_url": "https://github.com/evilsocket", "followers_url": "https://api.github.com/users/evilsocket/followers", "following_url": "https://api.github.com/users/evilsocket/following{/other_user}", "gists_url": "https://api.github.com/users/evilsocket/gists{/gist_id}", "starred_url": "https://api.github.com/users/evilsocket/starred{/owner}{/repo}", "subscriptions_url": "https://api.github.com/users/evilsocket/subscriptions", "organizations_url": "https://api.github.com/users/evilsocket/orgs", "repos_url": "https://api.github.com/users/evilsocket/repos", "events_url": "https://api.github.com/users/evilsocket/events{/privacy}", "received_events_url": "https://api.github.com/users/evilsocket/received_events", "type": "User", "site_admin": false}, "parents": [{"sha": "ebdfc8bae026f161e320fac8069bc418856f6c78", "url": "https://api.github.com/repos/evilsocket/altair/commits/ebdfc8bae026f161e320fac8069bc418856f6c78", "html_url": "https://github.com/evilsocket/altair/commit/ebdfc8bae026f161e320fac8069bc418856f6c78"}]}, {"sha": "ebdfc8bae026f161e320fac8069bc418856f6c78", "node_id": "MDY6Q29tbWl0MTI4NDE2NzplYmRmYzhiYWUwMjZmMTYxZTMyMGZhYzgwNjliYzQxODg1NmY2Yzc4", "commit": {"author": {"name": "evilsocket", "email": "evilsocket@gmail.com", "date": "2011-01-24T17:24:07Z"}, "committer": {"name": "evilsocket", "email": "evilsocket@gmail.com", "date": "2011-01-24T17:24:07Z"}, "message": "Fixed url parsing issue", "tree": {"sha": "cc191f7a684a6186028efc8e1480a24ca24d5294", "url": "https://api.github.com/repos/evilsocket/altair/git/trees/cc191f7a684a6186028efc8e1480a24ca24d5294"}, "url": "https://api.github.com/repos/evilsocket/altair/git/commits/ebdfc8bae026f161e320fac8069bc418856f6c78", "comment_count": 0, "verification": {"verified": false, "reason": "unsigned", "signature": null, "payload": null}}, "url": "https://api.github.com/repos/evilsocket/altair/commits/ebdfc8bae026f161e320fac8069bc418856f6c78", "html_url": "https://github.com/evilsocket/altair/commit/ebdfc8bae026f161e320fac8069bc418856f6c78", "comments_url": "https://api.github.com/repos/evilsocket/altair/commits/ebdfc8bae026f161e320fac8069bc418856f6c78/comments", "author": {"login": "evilsocket", "id": 86922, "node_id": "MDQ6VXNlcjg2OTIy", "avatar_url": "https://avatars.githubusercontent.com/u/86922?v=4", "gravatar_id": "", "url": "https://api.github.com/users/evilsocket", "html_url": "https://github.com/evilsocket", "followers_url": "https://api.github.com/users/evilsocket/followers", "following_url": "https://api.github.com/users/evilsocket/following{/other_user}", "gists_url": "https://api.github.com/users/evilsocket/gists{/gist_id}", "starred_url": "https://api.github.com/users/evilsocket/starred{/owner}{/repo}", "subscriptions_url": "https://api.github.com/users/evilsocket/subscriptions", "organizations_url": "https://api.github.com/users/evilsocket/orgs", "repos_url": "https://api.github.com/users/evilsocket/repos", "events_url": "https://api.github.com/users/evilsocket/events{/privacy}", "received_events_url": "https://api.github.com/users/evilsocket/received_events", "type": "User", "site_admin": false}, "committer": {"login": "evilsocket", "id": 86922, "node_id": "MDQ6VXNlcjg2OTIy", "avatar_url": "https://avatars.githubusercontent.com/u/86922?v=4", "gravatar_id": "", "url": "https://api.github.com/users/evilsocket", "html_url": "https://github.com/evilsocket", "followers_url": "https://api.github.com/users/evilsocket/followers", "following_url": "https://api.github.com/users/evilsocket/following{/other_user}", "gists_url": "https://api.github.com/users/evilsocket/gists{/gist_id}", "starred_url": "https://api.github.com/users/evilsocket/starred{/owner}{/repo}", "subscriptions_url": "https://api.github.com/users/evilsocket/subscriptions", "organizations_url": "https://api.github.com/users/evilsocket/orgs", "repos_url": "https://api.github.com/users/evilsocket/repos", "events_url": "https://api.github.com/users/evilsocket/events{/privacy}", "received_events_url": "https://api.github.com/users/evilsocket/received_events", "type": "User", "site_admin": false}, "parents": [{"sha": "65a1eb84b3a24d0f58813c8f90cb7123ab17dfed", "url": "https://api.github.com/repos/evilsocket/altair/commits/65a1eb84b3a24d0f58813c8f90cb7123ab17dfed", "html_url": "https://github.com/evilsocket/altair/commit/65a1eb84b3a24d0f58813c8f90cb7123ab17dfed"}]}, {"sha": "65a1eb84b3a24d0f58813c8f90cb7123ab17dfed", "node_id": "MDY6Q29tbWl0MTI4NDE2Nzo2NWExZWI4NGIzYTI0ZDBmNTg4MTNjOGY5MGNiNzEyM2FiMTdkZmVk", "commit": {"author": {"name": "evilsocket", "email": "evilsocket@gmail.com", "date": "2011-01-24T12:38:41Z"}, "committer": {"name": "evilsocket", "email": "evilsocket@gmail.com", "date": "2011-01-24T12:38:41Z"}, "message": "Fixed url parsing", "tree": {"sha": "5e4959b4cac1b4ab84f250a89fb1d9191bcdfcc4", "url": "https://api.github.com/repos/evilsocket/altair/git/trees/5e4959b4cac1b4ab84f250a89fb1d9191bcdfcc4"}, "url": "https://api.github.com/repos/evilsocket/altair/git/commits/65a1eb84b3a24d0f58813c8f90cb7123ab17dfed", "comment_count": 0, "verification": {"verified": false, "reason": "unsigned", "signature": null, "payload": null}}, "url": "https://api.github.com/repos/evilsocket/altair/commits/65a1eb84b3a24d0f58813c8f90cb7123ab17dfed", "html_url": "https://github.com/evilsocket/altair/commit/65a1eb84b3a24d0f58813c8f90cb7123ab17dfed", "comments_url": "https://api.github.com/repos/evilsocket/altair/commits/65a1eb84b3a24d0f58813c8f90cb7123ab17dfed/comments", "author": {"login": "evilsocket", "id": 86922, "node_id": "MDQ6VXNlcjg2OTIy", "avatar_url": "https://avatars.githubusercontent.com/u/86922?v=4", "gravatar_id": "", "url": "https://api.github.com/users/evilsocket", "html_url": "https://github.com/evilsocket", "followers_url": "https://api.github.com/users/evilsocket/followers", "following_url": "https://api.github.com/users/evilsocket/following{/other_user}", "gists_url": "https://api.github.com/users/evilsocket/gists{/gist_id}", "starred_url": "https://api.github.com/users/evilsocket/starred{/owner}{/repo}", "subscriptions_url": "https://api.github.com/users/evilsocket/subscriptions", "organizations_url": "https://api.github.com/users/evilsocket/orgs", "repos_url": "https://api.github.com/users/evilsocket/repos", "events_url": "https://api.github.com/users/evilsocket/events{/privacy}", "received_events_url": "https://api.github.com/users/evilsocket/received_events", "type": "User", "site_admin": false}, "committer": {"login": "evilsocket", "id": 86922, "node_id": "MDQ6VXNlcjg2OTIy", "avatar_url": "https://avatars.githubusercontent.com/u/86922?v=4", "gravatar_id": "", "url": "https://api.github.com/users/evilsocket", "html_url": "https://github.com/evilsocket", "followers_url": "https://api.github.com/users/evilsocket/followers", "following_url": "https://api.github.com/users/evilsocket/following{/other_user}", "gists_url": "https://api.github.com/users/evilsocket/gists{/gist_id}", "starred_url": "https://api.github.com/users/evilsocket/starred{/owner}{/repo}", "subscriptions_url": "https://api.github.com/users/evilsocket/subscriptions", "organizations_url": "https://api.github.com/users/evilsocket/orgs", "repos_url": "https://api.github.com/users/evilsocket/repos", "events_url": "https://api.github.com/users/evilsocket/events{/privacy}", "received_events_url": "https://api.github.com/users/evilsocket/received_events", "type": "User", "site_admin": false}, "parents": [{"sha": "04e031b79cd20efd812166e22dd9ad4728243fa4", "url": "https://api.github.com/repos/evilsocket/altair/commits/04e031b79cd20efd812166e22dd9ad4728243fa4", "html_url": "https://github.com/evilsocket/altair/commit/04e031b79cd20efd812166e22dd9ad4728243fa4"}]}, {"sha": "04e031b79cd20efd812166e22dd9ad4728243fa4", "node_id": "MDY6Q29tbWl0MTI4NDE2NzowNGUwMzFiNzljZDIwZWZkODEyMTY2ZTIyZGQ5YWQ0NzI4MjQzZmE0", "commit": {"author": {"name": "evilsocket", "email": "evilsocket@gmail.com", "date": "2011-01-24T11:41:48Z"}, "committer": {"name": "evilsocket", "email": "evilsocket@gmail.com", "date": "2011-01-24T11:41:48Z"}, "message": "Implemented single url mode", "tree": {"sha": "322e0519ae6f89a34700f518aa278b297ec9318c", "url": "https://api.github.com/repos/evilsocket/altair/git/trees/322e0519ae6f89a34700f518aa278b297ec9318c"}, "url": "https://api.github.com/repos/evilsocket/altair/git/commits/04e031b79cd20efd812166e22dd9ad4728243fa4", "comment_count": 0, "verification": {"verified": false, "reason": "unsigned", "signature": null, "payload": null}}, "url": "https://api.github.com/repos/evilsocket/altair/commits/04e031b79cd20efd812166e22dd9ad4728243fa4", "html_url": "https://github.com/evilsocket/altair/commit/04e031b79cd20efd812166e22dd9ad4728243fa4", "comments_url": "https://api.github.com/repos/evilsocket/altair/commits/04e031b79cd20efd812166e22dd9ad4728243fa4/comments", "author": {"login": "evilsocket", "id": 86922, "node_id": "MDQ6VXNlcjg2OTIy", "avatar_url": "https://avatars.githubusercontent.com/u/86922?v=4", "gravatar_id": "", "url": "https://api.github.com/users/evilsocket", "html_url": "https://github.com/evilsocket", "followers_url": "https://api.github.com/users/evilsocket/followers", "following_url": "https://api.github.com/users/evilsocket/following{/other_user}", "gists_url": "https://api.github.com/users/evilsocket/gists{/gist_id}", "starred_url": "https://api.github.com/users/evilsocket/starred{/owner}{/repo}", "subscriptions_url": "https://api.github.com/users/evilsocket/subscriptions", "organizations_url": "https://api.github.com/users/evilsocket/orgs", "repos_url": "https://api.github.com/users/evilsocket/repos", "events_url": "https://api.github.com/users/evilsocket/events{/privacy}", "received_events_url": "https://api.github.com/users/evilsocket/received_events", "type": "User", "site_admin": false}, "committer": {"login": "evilsocket", "id": 86922, "node_id": "MDQ6VXNlcjg2OTIy", "avatar_url": "https://avatars.githubusercontent.com/u/86922?v=4", "gravatar_id": "", "url": "https://api.github.com/users/evilsocket", "html_url": "https://github.com/evilsocket", "followers_url": "https://api.github.com/users/evilsocket/followers", "following_url": "https://api.github.com/users/evilsocket/following{/other_user}", "gists_url": "https://api.github.com/users/evilsocket/gists{/gist_id}", "starred_url": "https://api.github.com/users/evilsocket/starred{/owner}{/repo}", "subscriptions_url": "https://api.github.com/users/evilsocket/subscriptions", "organizations_url": "https://api.github.com/users/evilsocket/orgs", "repos_url": "https://api.github.com/users/evilsocket/repos", "events_url": "https://api.github.com/users/evilsocket/events{/privacy}", "received_events_url": "https://api.github.com/users/evilsocket/received_events", "type": "User", "site_admin": false}, "parents": [{"sha": "1809c10fbae83f7112f883c8a94e6e155440d576", "url": "https://api.github.com/repos/evilsocket/altair/commits/1809c10fbae83f7112f883c8a94e6e155440d576", "html_url": "https://github.com/evilsocket/altair/commit/1809c10fbae83f7112f883c8a94e6e155440d576"}]}, {"sha": "1809c10fbae83f7112f883c8a94e6e155440d576", "node_id": "MDY6Q29tbWl0MTI4NDE2NzoxODA5YzEwZmJhZTgzZjcxMTJmODgzYzhhOTRlNmUxNTU0NDBkNTc2", "commit": {"author": {"name": "evilsocket", "email": "evilsocket@gmail.com", "date": "2011-01-24T10:43:02Z"}, "committer": {"name": "evilsocket", "email": "evilsocket@gmail.com", "date": "2011-01-24T10:43:02Z"}, "message": "Implemented file importing", "tree": {"sha": "273ab9cf2212289475a8513e6e502e79405b3d08", "url": "https://api.github.com/repos/evilsocket/altair/git/trees/273ab9cf2212289475a8513e6e502e79405b3d08"}, "url": "https://api.github.com/repos/evilsocket/altair/git/commits/1809c10fbae83f7112f883c8a94e6e155440d576", "comment_count": 0, "verification": {"verified": false, "reason": "unsigned", "signature": null, "payload": null}}, "url": "https://api.github.com/repos/evilsocket/altair/commits/1809c10fbae83f7112f883c8a94e6e155440d576", "html_url": "https://github.com/evilsocket/altair/commit/1809c10fbae83f7112f883c8a94e6e155440d576", "comments_url": "https://api.github.com/repos/evilsocket/altair/commits/1809c10fbae83f7112f883c8a94e6e155440d576/comments", "author": {"login": "evilsocket", "id": 86922, "node_id": "MDQ6VXNlcjg2OTIy", "avatar_url": "https://avatars.githubusercontent.com/u/86922?v=4", "gravatar_id": "", "url": "https://api.github.com/users/evilsocket", "html_url": "https://github.com/evilsocket", "followers_url": "https://api.github.com/users/evilsocket/followers", "following_url": "https://api.github.com/users/evilsocket/following{/other_user}", "gists_url": "https://api.github.com/users/evilsocket/gists{/gist_id}", "starred_url": "https://api.github.com/users/evilsocket/starred{/owner}{/repo}", "subscriptions_url": "https://api.github.com/users/evilsocket/subscriptions", "organizations_url": "https://api.github.com/users/evilsocket/orgs", "repos_url": "https://api.github.com/users/evilsocket/repos", "events_url": "https://api.github.com/users/evilsocket/events{/privacy}", "received_events_url": "https://api.github.com/users/evilsocket/received_events", "type": "User", "site_admin": false}, "committer": {"login": "evilsocket", "id": 86922, "node_id": "MDQ6VXNlcjg2OTIy", "avatar_url": "https://avatars.githubusercontent.com/u/86922?v=4", "gravatar_id": "", "url": "https://api.github.com/users/evilsocket", "html_url": "https://github.com/evilsocket", "followers_url": "https://api.github.com/users/evilsocket/followers", "following_url": "https://api.github.com/users/evilsocket/following{/other_user}", "gists_url": "https://api.github.com/users/evilsocket/gists{/gist_id}", "starred_url": "https://api.github.com/users/evilsocket/starred{/owner}{/repo}", "subscriptions_url": "https://api.github.com/users/evilsocket/subscriptions", "organizations_url": "https://api.github.com/users/evilsocket/orgs", "repos_url": "https://api.github.com/users/evilsocket/repos", "events_url": "https://api.github.com/users/evilsocket/events{/privacy}", "received_events_url": "https://api.github.com/users/evilsocket/received_events", "type": "User", "site_admin": false}, "parents": [{"sha": "03d1ce1c18c0dfaef61b1de719661b96e69930d3", "url": "https://api.github.com/repos/evilsocket/altair/commits/03d1ce1c18c0dfaef61b1de719661b96e69930d3", "html_url": "https://github.com/evilsocket/altair/commit/03d1ce1c18c0dfaef61b1de719661b96e69930d3"}]}, {"sha": "03d1ce1c18c0dfaef61b1de719661b96e69930d3", "node_id": "MDY6Q29tbWl0MTI4NDE2NzowM2QxY2UxYzE4YzBkZmFlZjYxYjFkZTcxOTY2MWI5NmU2OTkzMGQz", "commit": {"author": {"name": "evilsocket", "email": "evilsocket@gmail.com", "date": "2011-01-24T09:48:35Z"}, "committer": {"name": "evilsocket", "email": "evilsocket@gmail.com", "date": "2011-01-24T09:48:35Z"}, "message": "Fixed encoding support, implemented output to a file", "tree": {"sha": "e418498f13d4a3d5b7eb461eb6853d10fe81c200", "url": "https://api.github.com/repos/evilsocket/altair/git/trees/e418498f13d4a3d5b7eb461eb6853d10fe81c200"}, "url": "https://api.github.com/repos/evilsocket/altair/git/commits/03d1ce1c18c0dfaef61b1de719661b96e69930d3", "comment_count": 0, "verification": {"verified": false, "reason": "unsigned", "signature": null, "payload": null}}, "url": "https://api.github.com/repos/evilsocket/altair/commits/03d1ce1c18c0dfaef61b1de719661b96e69930d3", "html_url": "https://github.com/evilsocket/altair/commit/03d1ce1c18c0dfaef61b1de719661b96e69930d3", "comments_url": "https://api.github.com/repos/evilsocket/altair/commits/03d1ce1c18c0dfaef61b1de719661b96e69930d3/comments", "author": {"login": "evilsocket", "id": 86922, "node_id": "MDQ6VXNlcjg2OTIy", "avatar_url": "https://avatars.githubusercontent.com/u/86922?v=4", "gravatar_id": "", "url": "https://api.github.com/users/evilsocket", "html_url": "https://github.com/evilsocket", "followers_url": "https://api.github.com/users/evilsocket/followers", "following_url": "https://api.github.com/users/evilsocket/following{/other_user}", "gists_url": "https://api.github.com/users/evilsocket/gists{/gist_id}", "starred_url": "https://api.github.com/users/evilsocket/starred{/owner}{/repo}", "subscriptions_url": "https://api.github.com/users/evilsocket/subscriptions", "organizations_url": "https://api.github.com/users/evilsocket/orgs", "repos_url": "https://api.github.com/users/evilsocket/repos", "events_url": "https://api.github.com/users/evilsocket/events{/privacy}", "received_events_url": "https://api.github.com/users/evilsocket/received_events", "type": "User", "site_admin": false}, "committer": {"login": "evilsocket", "id": 86922, "node_id": "MDQ6VXNlcjg2OTIy", "avatar_url": "https://avatars.githubusercontent.com/u/86922?v=4", "gravatar_id": "", "url": "https://api.github.com/users/evilsocket", "html_url": "https://github.com/evilsocket", "followers_url": "https://api.github.com/users/evilsocket/followers", "following_url": "https://api.github.com/users/evilsocket/following{/other_user}", "gists_url": "https://api.github.com/users/evilsocket/gists{/gist_id}", "starred_url": "https://api.github.com/users/evilsocket/starred{/owner}{/repo}", "subscriptions_url": "https://api.github.com/users/evilsocket/subscriptions", "organizations_url": "https://api.github.com/users/evilsocket/orgs", "repos_url": "https://api.github.com/users/evilsocket/repos", "events_url": "https://api.github.com/users/evilsocket/events{/privacy}", "received_events_url": "https://api.github.com/users/evilsocket/received_events", "type": "User", "site_admin": false}, "parents": [{"sha": "398638d44e4a25a3f8f8febe4614316c1d6e1637", "url": "https://api.github.com/repos/evilsocket/altair/commits/398638d44e4a25a3f8f8febe4614316c1d6e1637", "html_url": "https://github.com/evilsocket/altair/commit/398638d44e4a25a3f8f8febe4614316c1d6e1637"}]}, {"sha": "398638d44e4a25a3f8f8febe4614316c1d6e1637", "node_id": "MDY6Q29tbWl0MTI4NDE2NzozOTg2MzhkNDRlNGEyNWEzZjhmOGZlYmU0NjE0MzE2YzFkNmUxNjM3", "commit": {"author": {"name": "evilsocket", "email": "evilsocket@gmail.com", "date": "2011-01-24T09:47:55Z"}, "committer": {"name": "evilsocket", "email": "evilsocket@gmail.com", "date": "2011-01-24T09:47:55Z"}, "message": "Fixed encoding support, implemented output to a file", "tree": {"sha": "cd78d89be49bfbb2c619f8e191db8e41b3c28629", "url": "https://api.github.com/repos/evilsocket/altair/git/trees/cd78d89be49bfbb2c619f8e191db8e41b3c28629"}, "url": "https://api.github.com/repos/evilsocket/altair/git/commits/398638d44e4a25a3f8f8febe4614316c1d6e1637", "comment_count": 0, "verification": {"verified": false, "reason": "unsigned", "signature": null, "payload": null}}, "url": "https://api.github.com/repos/evilsocket/altair/commits/398638d44e4a25a3f8f8febe4614316c1d6e1637", "html_url": "https://github.com/evilsocket/altair/commit/398638d44e4a25a3f8f8febe4614316c1d6e1637", "comments_url": "https://api.github.com/repos/evilsocket/altair/commits/398638d44e4a25a3f8f8febe4614316c1d6e1637/comments", "author": {"login": "evilsocket", "id": 86922, "node_id": "MDQ6VXNlcjg2OTIy", "avatar_url": "https://avatars.githubusercontent.com/u/86922?v=4", "gravatar_id": "", "url": "https://api.github.com/users/evilsocket", "html_url": "https://github.com/evilsocket", "followers_url": "https://api.github.com/users/evilsocket/followers", "following_url": "https://api.github.com/users/evilsocket/following{/other_user}", "gists_url": "https://api.github.com/users/evilsocket/gists{/gist_id}", "starred_url": "https://api.github.com/users/evilsocket/starred{/owner}{/repo}", "subscriptions_url": "https://api.github.com/users/evilsocket/subscriptions", "organizations_url": "https://api.github.com/users/evilsocket/orgs", "repos_url": "https://api.github.com/users/evilsocket/repos", "events_url": "https://api.github.com/users/evilsocket/events{/privacy}", "received_events_url": "https://api.github.com/users/evilsocket/received_events", "type": "User", "site_admin": false}, "committer": {"login": "evilsocket", "id": 86922, "node_id": "MDQ6VXNlcjg2OTIy", "avatar_url": "https://avatars.githubusercontent.com/u/86922?v=4", "gravatar_id": "", "url": "https://api.github.com/users/evilsocket", "html_url": "https://github.com/evilsocket", "followers_url": "https://api.github.com/users/evilsocket/followers", "following_url": "https://api.github.com/users/evilsocket/following{/other_user}", "gists_url": "https://api.github.com/users/evilsocket/gists{/gist_id}", "starred_url": "https://api.github.com/users/evilsocket/starred{/owner}{/repo}", "subscriptions_url": "https://api.github.com/users/evilsocket/subscriptions", "organizations_url": "https://api.github.com/users/evilsocket/orgs", "repos_url": "https://api.github.com/users/evilsocket/repos", "events_url": "https://api.github.com/users/evilsocket/events{/privacy}", "received_events_url": "https://api.github.com/users/evilsocket/received_events", "type": "User", "site_admin": false}, "parents": [{"sha": "f26e159734c8740bf0d0d31a3f1bd1d5f2e06847", "url": "https://api.github.com/repos/evilsocket/altair/commits/f26e159734c8740bf0d0d31a3f1bd1d5f2e06847", "html_url": "https://github.com/evilsocket/altair/commit/f26e159734c8740bf0d0d31a3f1bd1d5f2e06847"}]}, {"sha": "f26e159734c8740bf0d0d31a3f1bd1d5f2e06847", "node_id": "MDY6Q29tbWl0MTI4NDE2NzpmMjZlMTU5NzM0Yzg3NDBiZjBkMGQzMWEzZjFiZDFkNWYyZTA2ODQ3", "commit": {"author": {"name": "evilsocket", "email": "evilsocket@gmail.com", "date": "2011-01-23T18:23:45Z"}, "committer": {"name": "evilsocket", "email": "evilsocket@gmail.com", "date": "2011-01-23T18:23:45Z"}, "message": "small fixes", "tree": {"sha": "59f63e3c02776990a853e1e8a78d853798b1845d", "url": "https://api.github.com/repos/evilsocket/altair/git/trees/59f63e3c02776990a853e1e8a78d853798b1845d"}, "url": "https://api.github.com/repos/evilsocket/altair/git/commits/f26e159734c8740bf0d0d31a3f1bd1d5f2e06847", "comment_count": 0, "verification": {"verified": false, "reason": "unsigned", "signature": null, "payload": null}}, "url": "https://api.github.com/repos/evilsocket/altair/commits/f26e159734c8740bf0d0d31a3f1bd1d5f2e06847", "html_url": "https://github.com/evilsocket/altair/commit/f26e159734c8740bf0d0d31a3f1bd1d5f2e06847", "comments_url": "https://api.github.com/repos/evilsocket/altair/commits/f26e159734c8740bf0d0d31a3f1bd1d5f2e06847/comments", "author": {"login": "evilsocket", "id": 86922, "node_id": "MDQ6VXNlcjg2OTIy", "avatar_url": "https://avatars.githubusercontent.com/u/86922?v=4", "gravatar_id": "", "url": "https://api.github.com/users/evilsocket", "html_url": "https://github.com/evilsocket", "followers_url": "https://api.github.com/users/evilsocket/followers", "following_url": "https://api.github.com/users/evilsocket/following{/other_user}", "gists_url": "https://api.github.com/users/evilsocket/gists{/gist_id}", "starred_url": "https://api.github.com/users/evilsocket/starred{/owner}{/repo}", "subscriptions_url": "https://api.github.com/users/evilsocket/subscriptions", "organizations_url": "https://api.github.com/users/evilsocket/orgs", "repos_url": "https://api.github.com/users/evilsocket/repos", "events_url": "https://api.github.com/users/evilsocket/events{/privacy}", "received_events_url": "https://api.github.com/users/evilsocket/received_events", "type": "User", "site_admin": false}, "committer": {"login": "evilsocket", "id": 86922, "node_id": "MDQ6VXNlcjg2OTIy", "avatar_url": "https://avatars.githubusercontent.com/u/86922?v=4", "gravatar_id": "", "url": "https://api.github.com/users/evilsocket", "html_url": "https://github.com/evilsocket", "followers_url": "https://api.github.com/users/evilsocket/followers", "following_url": "https://api.github.com/users/evilsocket/following{/other_user}", "gists_url": "https://api.github.com/users/evilsocket/gists{/gist_id}", "starred_url": "https://api.github.com/users/evilsocket/starred{/owner}{/repo}", "subscriptions_url": "https://api.github.com/users/evilsocket/subscriptions", "organizations_url": "https://api.github.com/users/evilsocket/orgs", "repos_url": "https://api.github.com/users/evilsocket/repos", "events_url": "https://api.github.com/users/evilsocket/events{/privacy}", "received_events_url": "https://api.github.com/users/evilsocket/received_events", "type": "User", "site_admin": false}, "parents": [{"sha": "9ceb58aea84dd7dd83b3b3793477515b19cd8e6b", "url": "https://api.github.com/repos/evilsocket/altair/commits/9ceb58aea84dd7dd83b3b3793477515b19cd8e6b", "html_url": "https://github.com/evilsocket/altair/commit/9ceb58aea84dd7dd83b3b3793477515b19cd8e6b"}]}, {"sha": "9ceb58aea84dd7dd83b3b3793477515b19cd8e6b", "node_id": "MDY6Q29tbWl0MTI4NDE2Nzo5Y2ViNThhZWE4NGRkN2RkODNiM2IzNzkzNDc3NTE1YjE5Y2Q4ZTZi", "commit": {"author": {"name": "evilsocket", "email": "evilsocket@gmail.com", "date": "2011-01-23T17:53:56Z"}, "committer": {"name": "evilsocket", "email": "evilsocket@gmail.com", "date": "2011-01-23T17:53:56Z"}, "message": "Fixed SQLi rules", "tree": {"sha": "1a6d524f0e9eeddc0a43463e1510df91b080f70d", "url": "https://api.github.com/repos/evilsocket/altair/git/trees/1a6d524f0e9eeddc0a43463e1510df91b080f70d"}, "url": "https://api.github.com/repos/evilsocket/altair/git/commits/9ceb58aea84dd7dd83b3b3793477515b19cd8e6b", "comment_count": 0, "verification": {"verified": false, "reason": "unsigned", "signature": null, "payload": null}}, "url": "https://api.github.com/repos/evilsocket/altair/commits/9ceb58aea84dd7dd83b3b3793477515b19cd8e6b", "html_url": "https://github.com/evilsocket/altair/commit/9ceb58aea84dd7dd83b3b3793477515b19cd8e6b", "comments_url": "https://api.github.com/repos/evilsocket/altair/commits/9ceb58aea84dd7dd83b3b3793477515b19cd8e6b/comments", "author": {"login": "evilsocket", "id": 86922, "node_id": "MDQ6VXNlcjg2OTIy", "avatar_url": "https://avatars.githubusercontent.com/u/86922?v=4", "gravatar_id": "", "url": "https://api.github.com/users/evilsocket", "html_url": "https://github.com/evilsocket", "followers_url": "https://api.github.com/users/evilsocket/followers", "following_url": "https://api.github.com/users/evilsocket/following{/other_user}", "gists_url": "https://api.github.com/users/evilsocket/gists{/gist_id}", "starred_url": "https://api.github.com/users/evilsocket/starred{/owner}{/repo}", "subscriptions_url": "https://api.github.com/users/evilsocket/subscriptions", "organizations_url": "https://api.github.com/users/evilsocket/orgs", "repos_url": "https://api.github.com/users/evilsocket/repos", "events_url": "https://api.github.com/users/evilsocket/events{/privacy}", "received_events_url": "https://api.github.com/users/evilsocket/received_events", "type": "User", "site_admin": false}, "committer": {"login": "evilsocket", "id": 86922, "node_id": "MDQ6VXNlcjg2OTIy", "avatar_url": "https://avatars.githubusercontent.com/u/86922?v=4", "gravatar_id": "", "url": "https://api.github.com/users/evilsocket", "html_url": "https://github.com/evilsocket", "followers_url": "https://api.github.com/users/evilsocket/followers", "following_url": "https://api.github.com/users/evilsocket/following{/other_user}", "gists_url": "https://api.github.com/users/evilsocket/gists{/gist_id}", "starred_url": "https://api.github.com/users/evilsocket/starred{/owner}{/repo}", "subscriptions_url": "https://api.github.com/users/evilsocket/subscriptions", "organizations_url": "https://api.github.com/users/evilsocket/orgs", "repos_url": "https://api.github.com/users/evilsocket/repos", "events_url": "https://api.github.com/users/evilsocket/events{/privacy}", "received_events_url": "https://api.github.com/users/evilsocket/received_events", "type": "User", "site_admin": false}, "parents": [{"sha": "e418df5d6b8b72c592dcde76d213e4cde963fa81", "url": "https://api.github.com/repos/evilsocket/altair/commits/e418df5d6b8b72c592dcde76d213e4cde963fa81", "html_url": "https://github.com/evilsocket/altair/commit/e418df5d6b8b72c592dcde76d213e4cde963fa81"}]}, {"sha": "e418df5d6b8b72c592dcde76d213e4cde963fa81", "node_id": "MDY6Q29tbWl0MTI4NDE2NzplNDE4ZGY1ZDZiOGI3MmM1OTJkY2RlNzZkMjEzZTRjZGU5NjNmYTgx", "commit": {"author": {"name": "evilsocket", "email": "evilsocket@gmail.com", "date": "2011-01-23T17:32:23Z"}, "committer": {"name": "evilsocket", "email": "evilsocket@gmail.com", "date": "2011-01-23T17:32:23Z"}, "message": "verbosity fix", "tree": {"sha": "625a7ad76dcd502782c3074ee4e7a5958a2114b9", "url": "https://api.github.com/repos/evilsocket/altair/git/trees/625a7ad76dcd502782c3074ee4e7a5958a2114b9"}, "url": "https://api.github.com/repos/evilsocket/altair/git/commits/e418df5d6b8b72c592dcde76d213e4cde963fa81", "comment_count": 0, "verification": {"verified": false, "reason": "unsigned", "signature": null, "payload": null}}, "url": "https://api.github.com/repos/evilsocket/altair/commits/e418df5d6b8b72c592dcde76d213e4cde963fa81", "html_url": "https://github.com/evilsocket/altair/commit/e418df5d6b8b72c592dcde76d213e4cde963fa81", "comments_url": "https://api.github.com/repos/evilsocket/altair/commits/e418df5d6b8b72c592dcde76d213e4cde963fa81/comments", "author": {"login": "evilsocket", "id": 86922, "node_id": "MDQ6VXNlcjg2OTIy", "avatar_url": "https://avatars.githubusercontent.com/u/86922?v=4", "gravatar_id": "", "url": "https://api.github.com/users/evilsocket", "html_url": "https://github.com/evilsocket", "followers_url": "https://api.github.com/users/evilsocket/followers", "following_url": "https://api.github.com/users/evilsocket/following{/other_user}", "gists_url": "https://api.github.com/users/evilsocket/gists{/gist_id}", "starred_url": "https://api.github.com/users/evilsocket/starred{/owner}{/repo}", "subscriptions_url": "https://api.github.com/users/evilsocket/subscriptions", "organizations_url": "https://api.github.com/users/evilsocket/orgs", "repos_url": "https://api.github.com/users/evilsocket/repos", "events_url": "https://api.github.com/users/evilsocket/events{/privacy}", "received_events_url": "https://api.github.com/users/evilsocket/received_events", "type": "User", "site_admin": false}, "committer": {"login": "evilsocket", "id": 86922, "node_id": "MDQ6VXNlcjg2OTIy", "avatar_url": "https://avatars.githubusercontent.com/u/86922?v=4", "gravatar_id": "", "url": "https://api.github.com/users/evilsocket", "html_url": "https://github.com/evilsocket", "followers_url": "https://api.github.com/users/evilsocket/followers", "following_url": "https://api.github.com/users/evilsocket/following{/other_user}", "gists_url": "https://api.github.com/users/evilsocket/gists{/gist_id}", "starred_url": "https://api.github.com/users/evilsocket/starred{/owner}{/repo}", "subscriptions_url": "https://api.github.com/users/evilsocket/subscriptions", "organizations_url": "https://api.github.com/users/evilsocket/orgs", "repos_url": "https://api.github.com/users/evilsocket/repos", "events_url": "https://api.github.com/users/evilsocket/events{/privacy}", "received_events_url": "https://api.github.com/users/evilsocket/received_events", "type": "User", "site_admin": false}, "parents": [{"sha": "5d7b1187896d70ef24628b2561b95e3a74656c23", "url": "https://api.github.com/repos/evilsocket/altair/commits/5d7b1187896d70ef24628b2561b95e3a74656c23", "html_url": "https://github.com/evilsocket/altair/commit/5d7b1187896d70ef24628b2561b95e3a74656c23"}]}, {"sha": "5d7b1187896d70ef24628b2561b95e3a74656c23", "node_id": "MDY6Q29tbWl0MTI4NDE2Nzo1ZDdiMTE4Nzg5NmQ3MGVmMjQ2MjhiMjU2MWI5NWUzYTc0NjU2YzIz", "commit": {"author": {"name": "evilsocket", "email": "evilsocket@gmail.com", "date": "2011-01-23T17:26:33Z"}, "committer": {"name": "evilsocket", "email": "evilsocket@gmail.com", "date": "2011-01-23T17:26:33Z"}, "message": "Hopefully fixed all encoding issues", "tree": {"sha": "65f87ea28dc455ecae8fa8717002e543b0ee08fd", "url": "https://api.github.com/repos/evilsocket/altair/git/trees/65f87ea28dc455ecae8fa8717002e543b0ee08fd"}, "url": "https://api.github.com/repos/evilsocket/altair/git/commits/5d7b1187896d70ef24628b2561b95e3a74656c23", "comment_count": 0, "verification": {"verified": false, "reason": "unsigned", "signature": null, "payload": null}}, "url": "https://api.github.com/repos/evilsocket/altair/commits/5d7b1187896d70ef24628b2561b95e3a74656c23", "html_url": "https://github.com/evilsocket/altair/commit/5d7b1187896d70ef24628b2561b95e3a74656c23", "comments_url": "https://api.github.com/repos/evilsocket/altair/commits/5d7b1187896d70ef24628b2561b95e3a74656c23/comments", "author": {"login": "evilsocket", "id": 86922, "node_id": "MDQ6VXNlcjg2OTIy", "avatar_url": "https://avatars.githubusercontent.com/u/86922?v=4", "gravatar_id": "", "url": "https://api.github.com/users/evilsocket", "html_url": "https://github.com/evilsocket", "followers_url": "https://api.github.com/users/evilsocket/followers", "following_url": "https://api.github.com/users/evilsocket/following{/other_user}", "gists_url": "https://api.github.com/users/evilsocket/gists{/gist_id}", "starred_url": "https://api.github.com/users/evilsocket/starred{/owner}{/repo}", "subscriptions_url": "https://api.github.com/users/evilsocket/subscriptions", "organizations_url": "https://api.github.com/users/evilsocket/orgs", "repos_url": "https://api.github.com/users/evilsocket/repos", "events_url": "https://api.github.com/users/evilsocket/events{/privacy}", "received_events_url": "https://api.github.com/users/evilsocket/received_events", "type": "User", "site_admin": false}, "committer": {"login": "evilsocket", "id": 86922, "node_id": "MDQ6VXNlcjg2OTIy", "avatar_url": "https://avatars.githubusercontent.com/u/86922?v=4", "gravatar_id": "", "url": "https://api.github.com/users/evilsocket", "html_url": "https://github.com/evilsocket", "followers_url": "https://api.github.com/users/evilsocket/followers", "following_url": "https://api.github.com/users/evilsocket/following{/other_user}", "gists_url": "https://api.github.com/users/evilsocket/gists{/gist_id}", "starred_url": "https://api.github.com/users/evilsocket/starred{/owner}{/repo}", "subscriptions_url": "https://api.github.com/users/evilsocket/subscriptions", "organizations_url": "https://api.github.com/users/evilsocket/orgs", "repos_url": "https://api.github.com/users/evilsocket/repos", "events_url": "https://api.github.com/users/evilsocket/events{/privacy}", "received_events_url": "https://api.github.com/users/evilsocket/received_events", "type": "User", "site_admin": false}, "parents": [{"sha": "12f0da30b0668afc57796bd4ee72e80508fbf475", "url": "https://api.github.com/repos/evilsocket/altair/commits/12f0da30b0668afc57796bd4ee72e80508fbf475", "html_url": "https://github.com/evilsocket/altair/commit/12f0da30b0668afc57796bd4ee72e80508fbf475"}]}, {"sha": "12f0da30b0668afc57796bd4ee72e80508fbf475", "node_id": "MDY6Q29tbWl0MTI4NDE2NzoxMmYwZGEzMGIwNjY4YWZjNTc3OTZiZDRlZTcyZTgwNTA4ZmJmNDc1", "commit": {"author": {"name": "evilsocket", "email": "evilsocket@gmail.com", "date": "2011-01-23T16:51:04Z"}, "committer": {"name": "evilsocket", "email": "evilsocket@gmail.com", "date": "2011-01-23T16:51:04Z"}, "message": "Fixed encoding issue", "tree": {"sha": "c633b7a00fde7a6c6e5eec135187c26937de1e1e", "url": "https://api.github.com/repos/evilsocket/altair/git/trees/c633b7a00fde7a6c6e5eec135187c26937de1e1e"}, "url": "https://api.github.com/repos/evilsocket/altair/git/commits/12f0da30b0668afc57796bd4ee72e80508fbf475", "comment_count": 0, "verification": {"verified": false, "reason": "unsigned", "signature": null, "payload": null}}, "url": "https://api.github.com/repos/evilsocket/altair/commits/12f0da30b0668afc57796bd4ee72e80508fbf475", "html_url": "https://github.com/evilsocket/altair/commit/12f0da30b0668afc57796bd4ee72e80508fbf475", "comments_url": "https://api.github.com/repos/evilsocket/altair/commits/12f0da30b0668afc57796bd4ee72e80508fbf475/comments", "author": {"login": "evilsocket", "id": 86922, "node_id": "MDQ6VXNlcjg2OTIy", "avatar_url": "https://avatars.githubusercontent.com/u/86922?v=4", "gravatar_id": "", "url": "https://api.github.com/users/evilsocket", "html_url": "https://github.com/evilsocket", "followers_url": "https://api.github.com/users/evilsocket/followers", "following_url": "https://api.github.com/users/evilsocket/following{/other_user}", "gists_url": "https://api.github.com/users/evilsocket/gists{/gist_id}", "starred_url": "https://api.github.com/users/evilsocket/starred{/owner}{/repo}", "subscriptions_url": "https://api.github.com/users/evilsocket/subscriptions", "organizations_url": "https://api.github.com/users/evilsocket/orgs", "repos_url": "https://api.github.com/users/evilsocket/repos", "events_url": "https://api.github.com/users/evilsocket/events{/privacy}", "received_events_url": "https://api.github.com/users/evilsocket/received_events", "type": "User", "site_admin": false}, "committer": {"login": "evilsocket", "id": 86922, "node_id": "MDQ6VXNlcjg2OTIy", "avatar_url": "https://avatars.githubusercontent.com/u/86922?v=4", "gravatar_id": "", "url": "https://api.github.com/users/evilsocket", "html_url": "https://github.com/evilsocket", "followers_url": "https://api.github.com/users/evilsocket/followers", "following_url": "https://api.github.com/users/evilsocket/following{/other_user}", "gists_url": "https://api.github.com/users/evilsocket/gists{/gist_id}", "starred_url": "https://api.github.com/users/evilsocket/starred{/owner}{/repo}", "subscriptions_url": "https://api.github.com/users/evilsocket/subscriptions", "organizations_url": "https://api.github.com/users/evilsocket/orgs", "repos_url": "https://api.github.com/users/evilsocket/repos", "events_url": "https://api.github.com/users/evilsocket/events{/privacy}", "received_events_url": "https://api.github.com/users/evilsocket/received_events", "type": "User", "site_admin": false}, "parents": [{"sha": "ab24d2a0d8205ee226bef714d65dd9533a8a7158", "url": "https://api.github.com/repos/evilsocket/altair/commits/ab24d2a0d8205ee226bef714d65dd9533a8a7158", "html_url": "https://github.com/evilsocket/altair/commit/ab24d2a0d8205ee226bef714d65dd9533a8a7158"}]}, {"sha": "ab24d2a0d8205ee226bef714d65dd9533a8a7158", "node_id": "MDY6Q29tbWl0MTI4NDE2NzphYjI0ZDJhMGQ4MjA1ZWUyMjZiZWY3MTRkNjVkZDk1MzNhOGE3MTU4", "commit": {"author": {"name": "evilsocket", "email": "evilsocket@gmail.com", "date": "2011-01-23T14:23:28Z"}, "committer": {"name": "evilsocket", "email": "evilsocket@gmail.com", "date": "2011-01-23T14:23:28Z"}, "message": "Fixed html parsing, url fixing, error handling and more.", "tree": {"sha": "ed3d1a40e8a7913e4f805e638c0b23cf42d58f00", "url": "https://api.github.com/repos/evilsocket/altair/git/trees/ed3d1a40e8a7913e4f805e638c0b23cf42d58f00"}, "url": "https://api.github.com/repos/evilsocket/altair/git/commits/ab24d2a0d8205ee226bef714d65dd9533a8a7158", "comment_count": 0, "verification": {"verified": false, "reason": "unsigned", "signature": null, "payload": null}}, "url": "https://api.github.com/repos/evilsocket/altair/commits/ab24d2a0d8205ee226bef714d65dd9533a8a7158", "html_url": "https://github.com/evilsocket/altair/commit/ab24d2a0d8205ee226bef714d65dd9533a8a7158", "comments_url": "https://api.github.com/repos/evilsocket/altair/commits/ab24d2a0d8205ee226bef714d65dd9533a8a7158/comments", "author": {"login": "evilsocket", "id": 86922, "node_id": "MDQ6VXNlcjg2OTIy", "avatar_url": "https://avatars.githubusercontent.com/u/86922?v=4", "gravatar_id": "", "url": "https://api.github.com/users/evilsocket", "html_url": "https://github.com/evilsocket", "followers_url": "https://api.github.com/users/evilsocket/followers", "following_url": "https://api.github.com/users/evilsocket/following{/other_user}", "gists_url": "https://api.github.com/users/evilsocket/gists{/gist_id}", "starred_url": "https://api.github.com/users/evilsocket/starred{/owner}{/repo}", "subscriptions_url": "https://api.github.com/users/evilsocket/subscriptions", "organizations_url": "https://api.github.com/users/evilsocket/orgs", "repos_url": "https://api.github.com/users/evilsocket/repos", "events_url": "https://api.github.com/users/evilsocket/events{/privacy}", "received_events_url": "https://api.github.com/users/evilsocket/received_events", "type": "User", "site_admin": false}, "committer": {"login": "evilsocket", "id": 86922, "node_id": "MDQ6VXNlcjg2OTIy", "avatar_url": "https://avatars.githubusercontent.com/u/86922?v=4", "gravatar_id": "", "url": "https://api.github.com/users/evilsocket", "html_url": "https://github.com/evilsocket", "followers_url": "https://api.github.com/users/evilsocket/followers", "following_url": "https://api.github.com/users/evilsocket/following{/other_user}", "gists_url": "https://api.github.com/users/evilsocket/gists{/gist_id}", "starred_url": "https://api.github.com/users/evilsocket/starred{/owner}{/repo}", "subscriptions_url": "https://api.github.com/users/evilsocket/subscriptions", "organizations_url": "https://api.github.com/users/evilsocket/orgs", "repos_url": "https://api.github.com/users/evilsocket/repos", "events_url": "https://api.github.com/users/evilsocket/events{/privacy}", "received_events_url": "https://api.github.com/users/evilsocket/received_events", "type": "User", "site_admin": false}, "parents": [{"sha": "41c660ce8574bd153877c1637375663e07e6edaa", "url": "https://api.github.com/repos/evilsocket/altair/commits/41c660ce8574bd153877c1637375663e07e6edaa", "html_url": "https://github.com/evilsocket/altair/commit/41c660ce8574bd153877c1637375663e07e6edaa"}]}, {"sha": "41c660ce8574bd153877c1637375663e07e6edaa", "node_id": "MDY6Q29tbWl0MTI4NDE2Nzo0MWM2NjBjZTg1NzRiZDE1Mzg3N2MxNjM3Mzc1NjYzZTA3ZTZlZGFh", "commit": {"author": {"name": "evilsocket", "email": "evilsocket@gmail.com", "date": "2011-01-23T10:56:48Z"}, "committer": {"name": "evilsocket", "email": "evilsocket@gmail.com", "date": "2011-01-23T10:56:48Z"}, "message": "Fixed module loading with sym link to /usr/bin", "tree": {"sha": "3892ff161afb82bdecee6a90b0772242cb488050", "url": "https://api.github.com/repos/evilsocket/altair/git/trees/3892ff161afb82bdecee6a90b0772242cb488050"}, "url": "https://api.github.com/repos/evilsocket/altair/git/commits/41c660ce8574bd153877c1637375663e07e6edaa", "comment_count": 0, "verification": {"verified": false, "reason": "unsigned", "signature": null, "payload": null}}, "url": "https://api.github.com/repos/evilsocket/altair/commits/41c660ce8574bd153877c1637375663e07e6edaa", "html_url": "https://github.com/evilsocket/altair/commit/41c660ce8574bd153877c1637375663e07e6edaa", "comments_url": "https://api.github.com/repos/evilsocket/altair/commits/41c660ce8574bd153877c1637375663e07e6edaa/comments", "author": {"login": "evilsocket", "id": 86922, "node_id": "MDQ6VXNlcjg2OTIy", "avatar_url": "https://avatars.githubusercontent.com/u/86922?v=4", "gravatar_id": "", "url": "https://api.github.com/users/evilsocket", "html_url": "https://github.com/evilsocket", "followers_url": "https://api.github.com/users/evilsocket/followers", "following_url": "https://api.github.com/users/evilsocket/following{/other_user}", "gists_url": "https://api.github.com/users/evilsocket/gists{/gist_id}", "starred_url": "https://api.github.com/users/evilsocket/starred{/owner}{/repo}", "subscriptions_url": "https://api.github.com/users/evilsocket/subscriptions", "organizations_url": "https://api.github.com/users/evilsocket/orgs", "repos_url": "https://api.github.com/users/evilsocket/repos", "events_url": "https://api.github.com/users/evilsocket/events{/privacy}", "received_events_url": "https://api.github.com/users/evilsocket/received_events", "type": "User", "site_admin": false}, "committer": {"login": "evilsocket", "id": 86922, "node_id": "MDQ6VXNlcjg2OTIy", "avatar_url": "https://avatars.githubusercontent.com/u/86922?v=4", "gravatar_id": "", "url": "https://api.github.com/users/evilsocket", "html_url": "https://github.com/evilsocket", "followers_url": "https://api.github.com/users/evilsocket/followers", "following_url": "https://api.github.com/users/evilsocket/following{/other_user}", "gists_url": "https://api.github.com/users/evilsocket/gists{/gist_id}", "starred_url": "https://api.github.com/users/evilsocket/starred{/owner}{/repo}", "subscriptions_url": "https://api.github.com/users/evilsocket/subscriptions", "organizations_url": "https://api.github.com/users/evilsocket/orgs", "repos_url": "https://api.github.com/users/evilsocket/repos", "events_url": "https://api.github.com/users/evilsocket/events{/privacy}", "received_events_url": "https://api.github.com/users/evilsocket/received_events", "type": "User", "site_admin": false}, "parents": [{"sha": "dd888a58af4ff17700fb831206b18d9f23f858f7", "url": "https://api.github.com/repos/evilsocket/altair/commits/dd888a58af4ff17700fb831206b18d9f23f858f7", "html_url": "https://github.com/evilsocket/altair/commit/dd888a58af4ff17700fb831206b18d9f23f858f7"}]}, {"sha": "dd888a58af4ff17700fb831206b18d9f23f858f7", "node_id": "MDY6Q29tbWl0MTI4NDE2NzpkZDg4OGE1OGFmNGZmMTc3MDBmYjgzMTIwNmIxOGQ5ZjIzZjg1OGY3", "commit": {"author": {"name": "evilsocket", "email": "evilsocket@gmail.com", "date": "2011-01-23T10:56:17Z"}, "committer": {"name": "evilsocket", "email": "evilsocket@gmail.com", "date": "2011-01-23T10:56:17Z"}, "message": "Fixed module loading with sym link to /usr/bin", "tree": {"sha": "e6752b9759ec1af1cd776c62262fe0f59480cf03", "url": "https://api.github.com/repos/evilsocket/altair/git/trees/e6752b9759ec1af1cd776c62262fe0f59480cf03"}, "url": "https://api.github.com/repos/evilsocket/altair/git/commits/dd888a58af4ff17700fb831206b18d9f23f858f7", "comment_count": 0, "verification": {"verified": false, "reason": "unsigned", "signature": null, "payload": null}}, "url": "https://api.github.com/repos/evilsocket/altair/commits/dd888a58af4ff17700fb831206b18d9f23f858f7", "html_url": "https://github.com/evilsocket/altair/commit/dd888a58af4ff17700fb831206b18d9f23f858f7", "comments_url": "https://api.github.com/repos/evilsocket/altair/commits/dd888a58af4ff17700fb831206b18d9f23f858f7/comments", "author": {"login": "evilsocket", "id": 86922, "node_id": "MDQ6VXNlcjg2OTIy", "avatar_url": "https://avatars.githubusercontent.com/u/86922?v=4", "gravatar_id": "", "url": "https://api.github.com/users/evilsocket", "html_url": "https://github.com/evilsocket", "followers_url": "https://api.github.com/users/evilsocket/followers", "following_url": "https://api.github.com/users/evilsocket/following{/other_user}", "gists_url": "https://api.github.com/users/evilsocket/gists{/gist_id}", "starred_url": "https://api.github.com/users/evilsocket/starred{/owner}{/repo}", "subscriptions_url": "https://api.github.com/users/evilsocket/subscriptions", "organizations_url": "https://api.github.com/users/evilsocket/orgs", "repos_url": "https://api.github.com/users/evilsocket/repos", "events_url": "https://api.github.com/users/evilsocket/events{/privacy}", "received_events_url": "https://api.github.com/users/evilsocket/received_events", "type": "User", "site_admin": false}, "committer": {"login": "evilsocket", "id": 86922, "node_id": "MDQ6VXNlcjg2OTIy", "avatar_url": "https://avatars.githubusercontent.com/u/86922?v=4", "gravatar_id": "", "url": "https://api.github.com/users/evilsocket", "html_url": "https://github.com/evilsocket", "followers_url": "https://api.github.com/users/evilsocket/followers", "following_url": "https://api.github.com/users/evilsocket/following{/other_user}", "gists_url": "https://api.github.com/users/evilsocket/gists{/gist_id}", "starred_url": "https://api.github.com/users/evilsocket/starred{/owner}{/repo}", "subscriptions_url": "https://api.github.com/users/evilsocket/subscriptions", "organizations_url": "https://api.github.com/users/evilsocket/orgs", "repos_url": "https://api.github.com/users/evilsocket/repos", "events_url": "https://api.github.com/users/evilsocket/events{/privacy}", "received_events_url": "https://api.github.com/users/evilsocket/received_events", "type": "User", "site_admin": false}, "parents": [{"sha": "e43dc47eec423691366ed3c7736605f4d0299448", "url": "https://api.github.com/repos/evilsocket/altair/commits/e43dc47eec423691366ed3c7736605f4d0299448", "html_url": "https://github.com/evilsocket/altair/commit/e43dc47eec423691366ed3c7736605f4d0299448"}]}, {"sha": "e43dc47eec423691366ed3c7736605f4d0299448", "node_id": "MDY6Q29tbWl0MTI4NDE2NzplNDNkYzQ3ZWVjNDIzNjkxMzY2ZWQzYzc3MzY2MDVmNGQwMjk5NDQ4", "commit": {"author": {"name": "evilsocket", "email": "evilsocket@gmail.com", "date": "2011-01-23T10:28:11Z"}, "committer": {"name": "evilsocket", "email": "evilsocket@gmail.com", "date": "2011-01-23T10:28:11Z"}, "message": "Fixed error if there's a space inside comma separated items", "tree": {"sha": "2018576fc6ca5e2d05e7ee826a87758f6bf826eb", "url": "https://api.github.com/repos/evilsocket/altair/git/trees/2018576fc6ca5e2d05e7ee826a87758f6bf826eb"}, "url": "https://api.github.com/repos/evilsocket/altair/git/commits/e43dc47eec423691366ed3c7736605f4d0299448", "comment_count": 0, "verification": {"verified": false, "reason": "unsigned", "signature": null, "payload": null}}, "url": "https://api.github.com/repos/evilsocket/altair/commits/e43dc47eec423691366ed3c7736605f4d0299448", "html_url": "https://github.com/evilsocket/altair/commit/e43dc47eec423691366ed3c7736605f4d0299448", "comments_url": "https://api.github.com/repos/evilsocket/altair/commits/e43dc47eec423691366ed3c7736605f4d0299448/comments", "author": {"login": "evilsocket", "id": 86922, "node_id": "MDQ6VXNlcjg2OTIy", "avatar_url": "https://avatars.githubusercontent.com/u/86922?v=4", "gravatar_id": "", "url": "https://api.github.com/users/evilsocket", "html_url": "https://github.com/evilsocket", "followers_url": "https://api.github.com/users/evilsocket/followers", "following_url": "https://api.github.com/users/evilsocket/following{/other_user}", "gists_url": "https://api.github.com/users/evilsocket/gists{/gist_id}", "starred_url": "https://api.github.com/users/evilsocket/starred{/owner}{/repo}", "subscriptions_url": "https://api.github.com/users/evilsocket/subscriptions", "organizations_url": "https://api.github.com/users/evilsocket/orgs", "repos_url": "https://api.github.com/users/evilsocket/repos", "events_url": "https://api.github.com/users/evilsocket/events{/privacy}", "received_events_url": "https://api.github.com/users/evilsocket/received_events", "type": "User", "site_admin": false}, "committer": {"login": "evilsocket", "id": 86922, "node_id": "MDQ6VXNlcjg2OTIy", "avatar_url": "https://avatars.githubusercontent.com/u/86922?v=4", "gravatar_id": "", "url": "https://api.github.com/users/evilsocket", "html_url": "https://github.com/evilsocket", "followers_url": "https://api.github.com/users/evilsocket/followers", "following_url": "https://api.github.com/users/evilsocket/following{/other_user}", "gists_url": "https://api.github.com/users/evilsocket/gists{/gist_id}", "starred_url": "https://api.github.com/users/evilsocket/starred{/owner}{/repo}", "subscriptions_url": "https://api.github.com/users/evilsocket/subscriptions", "organizations_url": "https://api.github.com/users/evilsocket/orgs", "repos_url": "https://api.github.com/users/evilsocket/repos", "events_url": "https://api.github.com/users/evilsocket/events{/privacy}", "received_events_url": "https://api.github.com/users/evilsocket/received_events", "type": "User", "site_admin": false}, "parents": [{"sha": "9a43dadd89c408b0b0d398d2a10280f6bba798e3", "url": "https://api.github.com/repos/evilsocket/altair/commits/9a43dadd89c408b0b0d398d2a10280f6bba798e3", "html_url": "https://github.com/evilsocket/altair/commit/9a43dadd89c408b0b0d398d2a10280f6bba798e3"}]}, {"sha": "9a43dadd89c408b0b0d398d2a10280f6bba798e3", "node_id": "MDY6Q29tbWl0MTI4NDE2Nzo5YTQzZGFkZDg5YzQwOGIwYjBkMzk4ZDJhMTAyODBmNmJiYTc5OGUz", "commit": {"author": {"name": "evilsocket", "email": "evilsocket@gmail.com", "date": "2011-01-23T10:13:21Z"}, "committer": {"name": "evilsocket", "email": "evilsocket@gmail.com", "date": "2011-01-23T10:13:21Z"}, "message": "Updated sqlmap module", "tree": {"sha": "8464e6c97081c897171816db0e86024e190b44df", "url": "https://api.github.com/repos/evilsocket/altair/git/trees/8464e6c97081c897171816db0e86024e190b44df"}, "url": "https://api.github.com/repos/evilsocket/altair/git/commits/9a43dadd89c408b0b0d398d2a10280f6bba798e3", "comment_count": 0, "verification": {"verified": false, "reason": "unsigned", "signature": null, "payload": null}}, "url": "https://api.github.com/repos/evilsocket/altair/commits/9a43dadd89c408b0b0d398d2a10280f6bba798e3", "html_url": "https://github.com/evilsocket/altair/commit/9a43dadd89c408b0b0d398d2a10280f6bba798e3", "comments_url": "https://api.github.com/repos/evilsocket/altair/commits/9a43dadd89c408b0b0d398d2a10280f6bba798e3/comments", "author": {"login": "evilsocket", "id": 86922, "node_id": "MDQ6VXNlcjg2OTIy", "avatar_url": "https://avatars.githubusercontent.com/u/86922?v=4", "gravatar_id": "", "url": "https://api.github.com/users/evilsocket", "html_url": "https://github.com/evilsocket", "followers_url": "https://api.github.com/users/evilsocket/followers", "following_url": "https://api.github.com/users/evilsocket/following{/other_user}", "gists_url": "https://api.github.com/users/evilsocket/gists{/gist_id}", "starred_url": "https://api.github.com/users/evilsocket/starred{/owner}{/repo}", "subscriptions_url": "https://api.github.com/users/evilsocket/subscriptions", "organizations_url": "https://api.github.com/users/evilsocket/orgs", "repos_url": "https://api.github.com/users/evilsocket/repos", "events_url": "https://api.github.com/users/evilsocket/events{/privacy}", "received_events_url": "https://api.github.com/users/evilsocket/received_events", "type": "User", "site_admin": false}, "committer": {"login": "evilsocket", "id": 86922, "node_id": "MDQ6VXNlcjg2OTIy", "avatar_url": "https://avatars.githubusercontent.com/u/86922?v=4", "gravatar_id": "", "url": "https://api.github.com/users/evilsocket", "html_url": "https://github.com/evilsocket", "followers_url": "https://api.github.com/users/evilsocket/followers", "following_url": "https://api.github.com/users/evilsocket/following{/other_user}", "gists_url": "https://api.github.com/users/evilsocket/gists{/gist_id}", "starred_url": "https://api.github.com/users/evilsocket/starred{/owner}{/repo}", "subscriptions_url": "https://api.github.com/users/evilsocket/subscriptions", "organizations_url": "https://api.github.com/users/evilsocket/orgs", "repos_url": "https://api.github.com/users/evilsocket/repos", "events_url": "https://api.github.com/users/evilsocket/events{/privacy}", "received_events_url": "https://api.github.com/users/evilsocket/received_events", "type": "User", "site_admin": false}, "parents": [{"sha": "3d4a33d6bddd2b612a96522f35d07cd9e6beeefe", "url": "https://api.github.com/repos/evilsocket/altair/commits/3d4a33d6bddd2b612a96522f35d07cd9e6beeefe", "html_url": "https://github.com/evilsocket/altair/commit/3d4a33d6bddd2b612a96522f35d07cd9e6beeefe"}]}, {"sha": "3d4a33d6bddd2b612a96522f35d07cd9e6beeefe", "node_id": "MDY6Q29tbWl0MTI4NDE2NzozZDRhMzNkNmJkZGQyYjYxMmE5NjUyMmYzNWQwN2NkOWU2YmVlZWZl", "commit": {"author": {"name": "evilsocket", "email": "evilsocket@gmail.com", "date": "2011-01-23T09:37:10Z"}, "committer": {"name": "evilsocket", "email": "evilsocket@gmail.com", "date": "2011-01-23T09:37:10Z"}, "message": "Fixed import issue and update README", "tree": {"sha": "027b853ebbd281a2929fde942b00a63dc0c5eb41", "url": "https://api.github.com/repos/evilsocket/altair/git/trees/027b853ebbd281a2929fde942b00a63dc0c5eb41"}, "url": "https://api.github.com/repos/evilsocket/altair/git/commits/3d4a33d6bddd2b612a96522f35d07cd9e6beeefe", "comment_count": 0, "verification": {"verified": false, "reason": "unsigned", "signature": null, "payload": null}}, "url": "https://api.github.com/repos/evilsocket/altair/commits/3d4a33d6bddd2b612a96522f35d07cd9e6beeefe", "html_url": "https://github.com/evilsocket/altair/commit/3d4a33d6bddd2b612a96522f35d07cd9e6beeefe", "comments_url": "https://api.github.com/repos/evilsocket/altair/commits/3d4a33d6bddd2b612a96522f35d07cd9e6beeefe/comments", "author": {"login": "evilsocket", "id": 86922, "node_id": "MDQ6VXNlcjg2OTIy", "avatar_url": "https://avatars.githubusercontent.com/u/86922?v=4", "gravatar_id": "", "url": "https://api.github.com/users/evilsocket", "html_url": "https://github.com/evilsocket", "followers_url": "https://api.github.com/users/evilsocket/followers", "following_url": "https://api.github.com/users/evilsocket/following{/other_user}", "gists_url": "https://api.github.com/users/evilsocket/gists{/gist_id}", "starred_url": "https://api.github.com/users/evilsocket/starred{/owner}{/repo}", "subscriptions_url": "https://api.github.com/users/evilsocket/subscriptions", "organizations_url": "https://api.github.com/users/evilsocket/orgs", "repos_url": "https://api.github.com/users/evilsocket/repos", "events_url": "https://api.github.com/users/evilsocket/events{/privacy}", "received_events_url": "https://api.github.com/users/evilsocket/received_events", "type": "User", "site_admin": false}, "committer": {"login": "evilsocket", "id": 86922, "node_id": "MDQ6VXNlcjg2OTIy", "avatar_url": "https://avatars.githubusercontent.com/u/86922?v=4", "gravatar_id": "", "url": "https://api.github.com/users/evilsocket", "html_url": "https://github.com/evilsocket", "followers_url": "https://api.github.com/users/evilsocket/followers", "following_url": "https://api.github.com/users/evilsocket/following{/other_user}", "gists_url": "https://api.github.com/users/evilsocket/gists{/gist_id}", "starred_url": "https://api.github.com/users/evilsocket/starred{/owner}{/repo}", "subscriptions_url": "https://api.github.com/users/evilsocket/subscriptions", "organizations_url": "https://api.github.com/users/evilsocket/orgs", "repos_url": "https://api.github.com/users/evilsocket/repos", "events_url": "https://api.github.com/users/evilsocket/events{/privacy}", "received_events_url": "https://api.github.com/users/evilsocket/received_events", "type": "User", "site_admin": false}, "parents": [{"sha": "94dfa30fd0c8fd46fdd73642f5c62496a72dce42", "url": "https://api.github.com/repos/evilsocket/altair/commits/94dfa30fd0c8fd46fdd73642f5c62496a72dce42", "html_url": "https://github.com/evilsocket/altair/commit/94dfa30fd0c8fd46fdd73642f5c62496a72dce42"}]}, {"sha": "94dfa30fd0c8fd46fdd73642f5c62496a72dce42", "node_id": "MDY6Q29tbWl0MTI4NDE2Nzo5NGRmYTMwZmQwYzhmZDQ2ZmRkNzM2NDJmNWM2MjQ5NmE3MmRjZTQy", "commit": {"author": {"name": "evilsocket", "email": "evilsocket@gmail.com", "date": "2011-01-23T09:25:22Z"}, "committer": {"name": "evilsocket", "email": "evilsocket@gmail.com", "date": "2011-01-23T09:25:22Z"}, "message": "Removed pyc files", "tree": {"sha": "48e31dcc88fb64de5efad78006537ea37c2e0629", "url": "https://api.github.com/repos/evilsocket/altair/git/trees/48e31dcc88fb64de5efad78006537ea37c2e0629"}, "url": "https://api.github.com/repos/evilsocket/altair/git/commits/94dfa30fd0c8fd46fdd73642f5c62496a72dce42", "comment_count": 0, "verification": {"verified": false, "reason": "unsigned", "signature": null, "payload": null}}, "url": "https://api.github.com/repos/evilsocket/altair/commits/94dfa30fd0c8fd46fdd73642f5c62496a72dce42", "html_url": "https://github.com/evilsocket/altair/commit/94dfa30fd0c8fd46fdd73642f5c62496a72dce42", "comments_url": "https://api.github.com/repos/evilsocket/altair/commits/94dfa30fd0c8fd46fdd73642f5c62496a72dce42/comments", "author": {"login": "evilsocket", "id": 86922, "node_id": "MDQ6VXNlcjg2OTIy", "avatar_url": "https://avatars.githubusercontent.com/u/86922?v=4", "gravatar_id": "", "url": "https://api.github.com/users/evilsocket", "html_url": "https://github.com/evilsocket", "followers_url": "https://api.github.com/users/evilsocket/followers", "following_url": "https://api.github.com/users/evilsocket/following{/other_user}", "gists_url": "https://api.github.com/users/evilsocket/gists{/gist_id}", "starred_url": "https://api.github.com/users/evilsocket/starred{/owner}{/repo}", "subscriptions_url": "https://api.github.com/users/evilsocket/subscriptions", "organizations_url": "https://api.github.com/users/evilsocket/orgs", "repos_url": "https://api.github.com/users/evilsocket/repos", "events_url": "https://api.github.com/users/evilsocket/events{/privacy}", "received_events_url": "https://api.github.com/users/evilsocket/received_events", "type": "User", "site_admin": false}, "committer": {"login": "evilsocket", "id": 86922, "node_id": "MDQ6VXNlcjg2OTIy", "avatar_url": "https://avatars.githubusercontent.com/u/86922?v=4", "gravatar_id": "", "url": "https://api.github.com/users/evilsocket", "html_url": "https://github.com/evilsocket", "followers_url": "https://api.github.com/users/evilsocket/followers", "following_url": "https://api.github.com/users/evilsocket/following{/other_user}", "gists_url": "https://api.github.com/users/evilsocket/gists{/gist_id}", "starred_url": "https://api.github.com/users/evilsocket/starred{/owner}{/repo}", "subscriptions_url": "https://api.github.com/users/evilsocket/subscriptions", "organizations_url": "https://api.github.com/users/evilsocket/orgs", "repos_url": "https://api.github.com/users/evilsocket/repos", "events_url": "https://api.github.com/users/evilsocket/events{/privacy}", "received_events_url": "https://api.github.com/users/evilsocket/received_events", "type": "User", "site_admin": false}, "parents": [{"sha": "a3ca081b00933cdc3471372143ca717d268f9d08", "url": "https://api.github.com/repos/evilsocket/altair/commits/a3ca081b00933cdc3471372143ca717d268f9d08", "html_url": "https://github.com/evilsocket/altair/commit/a3ca081b00933cdc3471372143ca717d268f9d08"}]}, {"sha": "a3ca081b00933cdc3471372143ca717d268f9d08", "node_id": "MDY6Q29tbWl0MTI4NDE2NzphM2NhMDgxYjAwOTMzY2RjMzQ3MTM3MjE0M2NhNzE3ZDI2OGY5ZDA4", "commit": {"author": {"name": "evilsocket", "email": "evilsocket@gmail.com", "date": "2011-01-23T09:24:09Z"}, "committer": {"name": "evilsocket", "email": "evilsocket@gmail.com", "date": "2011-01-23T09:24:09Z"}, "message": "first commit", "tree": {"sha": "c4650ba499fa51f829b91d87f9ccdbcbf924b9e9", "url": "https://api.github.com/repos/evilsocket/altair/git/trees/c4650ba499fa51f829b91d87f9ccdbcbf924b9e9"}, "url": "https://api.github.com/repos/evilsocket/altair/git/commits/a3ca081b00933cdc3471372143ca717d268f9d08", "comment_count": 0, "verification": {"verified": false, "reason": "unsigned", "signature": null, "payload": null}}, "url": "https://api.github.com/repos/evilsocket/altair/commits/a3ca081b00933cdc3471372143ca717d268f9d08", "html_url": "https://github.com/evilsocket/altair/commit/a3ca081b00933cdc3471372143ca717d268f9d08", "comments_url": "https://api.github.com/repos/evilsocket/altair/commits/a3ca081b00933cdc3471372143ca717d268f9d08/comments", "author": {"login": "evilsocket", "id": 86922, "node_id": "MDQ6VXNlcjg2OTIy", "avatar_url": "https://avatars.githubusercontent.com/u/86922?v=4", "gravatar_id": "", "url": "https://api.github.com/users/evilsocket", "html_url": "https://github.com/evilsocket", "followers_url": "https://api.github.com/users/evilsocket/followers", "following_url": "https://api.github.com/users/evilsocket/following{/other_user}", "gists_url": "https://api.github.com/users/evilsocket/gists{/gist_id}", "starred_url": "https://api.github.com/users/evilsocket/starred{/owner}{/repo}", "subscriptions_url": "https://api.github.com/users/evilsocket/subscriptions", "organizations_url": "https://api.github.com/users/evilsocket/orgs", "repos_url": "https://api.github.com/users/evilsocket/repos", "events_url": "https://api.github.com/users/evilsocket/events{/privacy}", "received_events_url": "https://api.github.com/users/evilsocket/received_events", "type": "User", "site_admin": false}, "committer": {"login": "evilsocket", "id": 86922, "node_id": "MDQ6VXNlcjg2OTIy", "avatar_url": "https://avatars.githubusercontent.com/u/86922?v=4", "gravatar_id": "", "url": "https://api.github.com/users/evilsocket", "html_url": "https://github.com/evilsocket", "followers_url": "https://api.github.com/users/evilsocket/followers", "following_url": "https://api.github.com/users/evilsocket/following{/other_user}", "gists_url": "https://api.github.com/users/evilsocket/gists{/gist_id}", "starred_url": "https://api.github.com/users/evilsocket/starred{/owner}{/repo}", "subscriptions_url": "https://api.github.com/users/evilsocket/subscriptions", "organizations_url": "https://api.github.com/users/evilsocket/orgs", "repos_url": "https://api.github.com/users/evilsocket/repos", "events_url": "https://api.github.com/users/evilsocket/events{/privacy}", "received_events_url": "https://api.github.com/users/evilsocket/received_events", "type": "User", "site_admin": false}, "parents": []}]