[{"sha": "27a2d270df1eacd28aea6deeeeffdbdb8e436020", "node_id": "MDY6Q29tbWl0MTQyNDMxNjk6MjdhMmQyNzBkZjFlYWNkMjhhZWE2ZGVlZWVmZmRiZGI4ZTQzNjAyMA==", "commit": {"author": {"name": "feakk", "email": "psispeed@gmail.com", "date": "2015-04-29T05:37:56Z"}, "committer": {"name": "feakk", "email": "psispeed@gmail.com", "date": "2015-04-29T05:37:56Z"}, "message": "Code cleanup", "tree": {"sha": "7cf6a5eaf3e223629e208b53b1a4b74c2c4173e1", "url": "https://api.github.com/repos/feakk/xxxpwn/git/trees/7cf6a5eaf3e223629e208b53b1a4b74c2c4173e1"}, "url": "https://api.github.com/repos/feakk/xxxpwn/git/commits/27a2d270df1eacd28aea6deeeeffdbdb8e436020", "comment_count": 0, "verification": {"verified": false, "reason": "unsigned", "signature": null, "payload": null}}, "url": "https://api.github.com/repos/feakk/xxxpwn/commits/27a2d270df1eacd28aea6deeeeffdbdb8e436020", "html_url": "https://github.com/feakk/xxxpwn/commit/27a2d270df1eacd28aea6deeeeffdbdb8e436020", "comments_url": "https://api.github.com/repos/feakk/xxxpwn/commits/27a2d270df1eacd28aea6deeeeffdbdb8e436020/comments", "author": {"login": "feakk", "id": 4685010, "node_id": "MDQ6VXNlcjQ2ODUwMTA=", "avatar_url": "https://avatars.githubusercontent.com/u/4685010?v=4", "gravatar_id": "", "url": "https://api.github.com/users/feakk", "html_url": "https://github.com/feakk", "followers_url": "https://api.github.com/users/feakk/followers", "following_url": "https://api.github.com/users/feakk/following{/other_user}", "gists_url": "https://api.github.com/users/feakk/gists{/gist_id}", "starred_url": "https://api.github.com/users/feakk/starred{/owner}{/repo}", "subscriptions_url": "https://api.github.com/users/feakk/subscriptions", "organizations_url": "https://api.github.com/users/feakk/orgs", "repos_url": "https://api.github.com/users/feakk/repos", "events_url": "https://api.github.com/users/feakk/events{/privacy}", "received_events_url": "https://api.github.com/users/feakk/received_events", "type": "User", "site_admin": false}, "committer": {"login": "feakk", "id": 4685010, "node_id": "MDQ6VXNlcjQ2ODUwMTA=", "avatar_url": "https://avatars.githubusercontent.com/u/4685010?v=4", "gravatar_id": "", "url": "https://api.github.com/users/feakk", "html_url": "https://github.com/feakk", "followers_url": "https://api.github.com/users/feakk/followers", "following_url": "https://api.github.com/users/feakk/following{/other_user}", "gists_url": "https://api.github.com/users/feakk/gists{/gist_id}", "starred_url": "https://api.github.com/users/feakk/starred{/owner}{/repo}", "subscriptions_url": "https://api.github.com/users/feakk/subscriptions", "organizations_url": "https://api.github.com/users/feakk/orgs", "repos_url": "https://api.github.com/users/feakk/repos", "events_url": "https://api.github.com/users/feakk/events{/privacy}", "received_events_url": "https://api.github.com/users/feakk/received_events", "type": "User", "site_admin": false}, "parents": [{"sha": "7e8e253da321937086afca1ed47a29dd32ea717b", "url": "https://api.github.com/repos/feakk/xxxpwn/commits/7e8e253da321937086afca1ed47a29dd32ea717b", "html_url": "https://github.com/feakk/xxxpwn/commit/7e8e253da321937086afca1ed47a29dd32ea717b"}]}, {"sha": "7e8e253da321937086afca1ed47a29dd32ea717b", "node_id": "MDY6Q29tbWl0MTQyNDMxNjk6N2U4ZTI1M2RhMzIxOTM3MDg2YWZjYTFlZDQ3YTI5ZGQzMmVhNzE3Yg==", "commit": {"author": {"name": "feakk", "email": "psispeed@gmail.com", "date": "2015-04-29T05:29:19Z"}, "committer": {"name": "feakk", "email": "psispeed@gmail.com", "date": "2015-04-29T05:29:19Z"}, "message": "Added sample injection file", "tree": {"sha": "0acbebdaf279bfb927159746ea877d767d5c2161", "url": "https://api.github.com/repos/feakk/xxxpwn/git/trees/0acbebdaf279bfb927159746ea877d767d5c2161"}, "url": "https://api.github.com/repos/feakk/xxxpwn/git/commits/7e8e253da321937086afca1ed47a29dd32ea717b", "comment_count": 0, "verification": {"verified": false, "reason": "unsigned", "signature": null, "payload": null}}, "url": "https://api.github.com/repos/feakk/xxxpwn/commits/7e8e253da321937086afca1ed47a29dd32ea717b", "html_url": "https://github.com/feakk/xxxpwn/commit/7e8e253da321937086afca1ed47a29dd32ea717b", "comments_url": "https://api.github.com/repos/feakk/xxxpwn/commits/7e8e253da321937086afca1ed47a29dd32ea717b/comments", "author": {"login": "feakk", "id": 4685010, "node_id": "MDQ6VXNlcjQ2ODUwMTA=", "avatar_url": "https://avatars.githubusercontent.com/u/4685010?v=4", "gravatar_id": "", "url": "https://api.github.com/users/feakk", "html_url": "https://github.com/feakk", "followers_url": "https://api.github.com/users/feakk/followers", "following_url": "https://api.github.com/users/feakk/following{/other_user}", "gists_url": "https://api.github.com/users/feakk/gists{/gist_id}", "starred_url": "https://api.github.com/users/feakk/starred{/owner}{/repo}", "subscriptions_url": "https://api.github.com/users/feakk/subscriptions", "organizations_url": "https://api.github.com/users/feakk/orgs", "repos_url": "https://api.github.com/users/feakk/repos", "events_url": "https://api.github.com/users/feakk/events{/privacy}", "received_events_url": "https://api.github.com/users/feakk/received_events", "type": "User", "site_admin": false}, "committer": {"login": "feakk", "id": 4685010, "node_id": "MDQ6VXNlcjQ2ODUwMTA=", "avatar_url": "https://avatars.githubusercontent.com/u/4685010?v=4", "gravatar_id": "", "url": "https://api.github.com/users/feakk", "html_url": "https://github.com/feakk", "followers_url": "https://api.github.com/users/feakk/followers", "following_url": "https://api.github.com/users/feakk/following{/other_user}", "gists_url": "https://api.github.com/users/feakk/gists{/gist_id}", "starred_url": "https://api.github.com/users/feakk/starred{/owner}{/repo}", "subscriptions_url": "https://api.github.com/users/feakk/subscriptions", "organizations_url": "https://api.github.com/users/feakk/orgs", "repos_url": "https://api.github.com/users/feakk/repos", "events_url": "https://api.github.com/users/feakk/events{/privacy}", "received_events_url": "https://api.github.com/users/feakk/received_events", "type": "User", "site_admin": false}, "parents": [{"sha": "c61b6ed617fda18c0e8311953910d8f80a015335", "url": "https://api.github.com/repos/feakk/xxxpwn/commits/c61b6ed617fda18c0e8311953910d8f80a015335", "html_url": "https://github.com/feakk/xxxpwn/commit/c61b6ed617fda18c0e8311953910d8f80a015335"}]}, {"sha": "c61b6ed617fda18c0e8311953910d8f80a015335", "node_id": "MDY6Q29tbWl0MTQyNDMxNjk6YzYxYjZlZDYxN2ZkYTE4YzBlODMxMTk1MzkxMGQ4ZjgwYTAxNTMzNQ==", "commit": {"author": {"name": "feakk", "email": "psispeed@gmail.com", "date": "2014-05-06T17:02:50Z"}, "committer": {"name": "feakk", "email": "psispeed@gmail.com", "date": "2014-05-06T17:02:50Z"}, "message": "Merge pull request #3 from unicornFurnace/master\n\nfix for encoding issue", "tree": {"sha": "af9b63ef44752bc220b2aba814fc999485741a63", "url": "https://api.github.com/repos/feakk/xxxpwn/git/trees/af9b63ef44752bc220b2aba814fc999485741a63"}, "url": "https://api.github.com/repos/feakk/xxxpwn/git/commits/c61b6ed617fda18c0e8311953910d8f80a015335", "comment_count": 0, "verification": {"verified": false, "reason": "unsigned", "signature": null, "payload": null}}, "url": "https://api.github.com/repos/feakk/xxxpwn/commits/c61b6ed617fda18c0e8311953910d8f80a015335", "html_url": "https://github.com/feakk/xxxpwn/commit/c61b6ed617fda18c0e8311953910d8f80a015335", "comments_url": "https://api.github.com/repos/feakk/xxxpwn/commits/c61b6ed617fda18c0e8311953910d8f80a015335/comments", "author": {"login": "feakk", "id": 4685010, "node_id": "MDQ6VXNlcjQ2ODUwMTA=", "avatar_url": "https://avatars.githubusercontent.com/u/4685010?v=4", "gravatar_id": "", "url": "https://api.github.com/users/feakk", "html_url": "https://github.com/feakk", "followers_url": "https://api.github.com/users/feakk/followers", "following_url": "https://api.github.com/users/feakk/following{/other_user}", "gists_url": "https://api.github.com/users/feakk/gists{/gist_id}", "starred_url": "https://api.github.com/users/feakk/starred{/owner}{/repo}", "subscriptions_url": "https://api.github.com/users/feakk/subscriptions", "organizations_url": "https://api.github.com/users/feakk/orgs", "repos_url": "https://api.github.com/users/feakk/repos", "events_url": "https://api.github.com/users/feakk/events{/privacy}", "received_events_url": "https://api.github.com/users/feakk/received_events", "type": "User", "site_admin": false}, "committer": {"login": "feakk", "id": 4685010, "node_id": "MDQ6VXNlcjQ2ODUwMTA=", "avatar_url": "https://avatars.githubusercontent.com/u/4685010?v=4", "gravatar_id": "", "url": "https://api.github.com/users/feakk", "html_url": "https://github.com/feakk", "followers_url": "https://api.github.com/users/feakk/followers", "following_url": "https://api.github.com/users/feakk/following{/other_user}", "gists_url": "https://api.github.com/users/feakk/gists{/gist_id}", "starred_url": "https://api.github.com/users/feakk/starred{/owner}{/repo}", "subscriptions_url": "https://api.github.com/users/feakk/subscriptions", "organizations_url": "https://api.github.com/users/feakk/orgs", "repos_url": "https://api.github.com/users/feakk/repos", "events_url": "https://api.github.com/users/feakk/events{/privacy}", "received_events_url": "https://api.github.com/users/feakk/received_events", "type": "User", "site_admin": false}, "parents": [{"sha": "238251d3be19bd7986c696e70f4d86de8dd959ac", "url": "https://api.github.com/repos/feakk/xxxpwn/commits/238251d3be19bd7986c696e70f4d86de8dd959ac", "html_url": "https://github.com/feakk/xxxpwn/commit/238251d3be19bd7986c696e70f4d86de8dd959ac"}, {"sha": "8870535289a94c4938324ac1c72c6b9d3ca55543", "url": "https://api.github.com/repos/feakk/xxxpwn/commits/8870535289a94c4938324ac1c72c6b9d3ca55543", "html_url": "https://github.com/feakk/xxxpwn/commit/8870535289a94c4938324ac1c72c6b9d3ca55543"}]}, {"sha": "8870535289a94c4938324ac1c72c6b9d3ca55543", "node_id": "MDY6Q29tbWl0MTQyNDMxNjk6ODg3MDUzNTI4OWE5NGM0OTM4MzI0YWMxYzcyYzZiOWQzY2E1NTU0Mw==", "commit": {"author": {"name": "unicornFurnace", "email": "dcrowley@trustwave.com", "date": "2014-04-24T18:21:29Z"}, "committer": {"name": "unicornFurnace", "email": "dcrowley@trustwave.com", "date": "2014-04-24T18:21:29Z"}, "message": "Added test attack script for XMLmao", "tree": {"sha": "af9b63ef44752bc220b2aba814fc999485741a63", "url": "https://api.github.com/repos/feakk/xxxpwn/git/trees/af9b63ef44752bc220b2aba814fc999485741a63"}, "url": "https://api.github.com/repos/feakk/xxxpwn/git/commits/8870535289a94c4938324ac1c72c6b9d3ca55543", "comment_count": 0, "verification": {"verified": false, "reason": "unsigned", "signature": null, "payload": null}}, "url": "https://api.github.com/repos/feakk/xxxpwn/commits/8870535289a94c4938324ac1c72c6b9d3ca55543", "html_url": "https://github.com/feakk/xxxpwn/commit/8870535289a94c4938324ac1c72c6b9d3ca55543", "comments_url": "https://api.github.com/repos/feakk/xxxpwn/commits/8870535289a94c4938324ac1c72c6b9d3ca55543/comments", "author": {"login": "unicornFurnace", "id": 1309613, "node_id": "MDQ6VXNlcjEzMDk2MTM=", "avatar_url": "https://avatars.githubusercontent.com/u/1309613?v=4", "gravatar_id": "", "url": "https://api.github.com/users/unicornFurnace", "html_url": "https://github.com/unicornFurnace", "followers_url": "https://api.github.com/users/unicornFurnace/followers", "following_url": "https://api.github.com/users/unicornFurnace/following{/other_user}", "gists_url": "https://api.github.com/users/unicornFurnace/gists{/gist_id}", "starred_url": "https://api.github.com/users/unicornFurnace/starred{/owner}{/repo}", "subscriptions_url": "https://api.github.com/users/unicornFurnace/subscriptions", "organizations_url": "https://api.github.com/users/unicornFurnace/orgs", "repos_url": "https://api.github.com/users/unicornFurnace/repos", "events_url": "https://api.github.com/users/unicornFurnace/events{/privacy}", "received_events_url": "https://api.github.com/users/unicornFurnace/received_events", "type": "User", "site_admin": false}, "committer": {"login": "unicornFurnace", "id": 1309613, "node_id": "MDQ6VXNlcjEzMDk2MTM=", "avatar_url": "https://avatars.githubusercontent.com/u/1309613?v=4", "gravatar_id": "", "url": "https://api.github.com/users/unicornFurnace", "html_url": "https://github.com/unicornFurnace", "followers_url": "https://api.github.com/users/unicornFurnace/followers", "following_url": "https://api.github.com/users/unicornFurnace/following{/other_user}", "gists_url": "https://api.github.com/users/unicornFurnace/gists{/gist_id}", "starred_url": "https://api.github.com/users/unicornFurnace/starred{/owner}{/repo}", "subscriptions_url": "https://api.github.com/users/unicornFurnace/subscriptions", "organizations_url": "https://api.github.com/users/unicornFurnace/orgs", "repos_url": "https://api.github.com/users/unicornFurnace/repos", "events_url": "https://api.github.com/users/unicornFurnace/events{/privacy}", "received_events_url": "https://api.github.com/users/unicornFurnace/received_events", "type": "User", "site_admin": false}, "parents": [{"sha": "d539a4007f95aa92389e6dd0e9cf816eff0767ec", "url": "https://api.github.com/repos/feakk/xxxpwn/commits/d539a4007f95aa92389e6dd0e9cf816eff0767ec", "html_url": "https://github.com/feakk/xxxpwn/commit/d539a4007f95aa92389e6dd0e9cf816eff0767ec"}]}, {"sha": "d539a4007f95aa92389e6dd0e9cf816eff0767ec", "node_id": "MDY6Q29tbWl0MTQyNDMxNjk6ZDUzOWE0MDA3Zjk1YWE5MjM4OWU2ZGQwZTljZjgxNmVmZjA3NjdlYw==", "commit": {"author": {"name": "unicornFurnace", "email": "dcrowley@trustwave.com", "date": "2014-04-24T18:09:15Z"}, "committer": {"name": "unicornFurnace", "email": "dcrowley@trustwave.com", "date": "2014-04-24T18:09:15Z"}, "message": "Patch for issue with connections hanging with servers that don't close connections", "tree": {"sha": "e43316d98e7b172e64a3703d48be07b9122423e3", "url": "https://api.github.com/repos/feakk/xxxpwn/git/trees/e43316d98e7b172e64a3703d48be07b9122423e3"}, "url": "https://api.github.com/repos/feakk/xxxpwn/git/commits/d539a4007f95aa92389e6dd0e9cf816eff0767ec", "comment_count": 0, "verification": {"verified": false, "reason": "unsigned", "signature": null, "payload": null}}, "url": "https://api.github.com/repos/feakk/xxxpwn/commits/d539a4007f95aa92389e6dd0e9cf816eff0767ec", "html_url": "https://github.com/feakk/xxxpwn/commit/d539a4007f95aa92389e6dd0e9cf816eff0767ec", "comments_url": "https://api.github.com/repos/feakk/xxxpwn/commits/d539a4007f95aa92389e6dd0e9cf816eff0767ec/comments", "author": {"login": "unicornFurnace", "id": 1309613, "node_id": "MDQ6VXNlcjEzMDk2MTM=", "avatar_url": "https://avatars.githubusercontent.com/u/1309613?v=4", "gravatar_id": "", "url": "https://api.github.com/users/unicornFurnace", "html_url": "https://github.com/unicornFurnace", "followers_url": "https://api.github.com/users/unicornFurnace/followers", "following_url": "https://api.github.com/users/unicornFurnace/following{/other_user}", "gists_url": "https://api.github.com/users/unicornFurnace/gists{/gist_id}", "starred_url": "https://api.github.com/users/unicornFurnace/starred{/owner}{/repo}", "subscriptions_url": "https://api.github.com/users/unicornFurnace/subscriptions", "organizations_url": "https://api.github.com/users/unicornFurnace/orgs", "repos_url": "https://api.github.com/users/unicornFurnace/repos", "events_url": "https://api.github.com/users/unicornFurnace/events{/privacy}", "received_events_url": "https://api.github.com/users/unicornFurnace/received_events", "type": "User", "site_admin": false}, "committer": {"login": "unicornFurnace", "id": 1309613, "node_id": "MDQ6VXNlcjEzMDk2MTM=", "avatar_url": "https://avatars.githubusercontent.com/u/1309613?v=4", "gravatar_id": "", "url": "https://api.github.com/users/unicornFurnace", "html_url": "https://github.com/unicornFurnace", "followers_url": "https://api.github.com/users/unicornFurnace/followers", "following_url": "https://api.github.com/users/unicornFurnace/following{/other_user}", "gists_url": "https://api.github.com/users/unicornFurnace/gists{/gist_id}", "starred_url": "https://api.github.com/users/unicornFurnace/starred{/owner}{/repo}", "subscriptions_url": "https://api.github.com/users/unicornFurnace/subscriptions", "organizations_url": "https://api.github.com/users/unicornFurnace/orgs", "repos_url": "https://api.github.com/users/unicornFurnace/repos", "events_url": "https://api.github.com/users/unicornFurnace/events{/privacy}", "received_events_url": "https://api.github.com/users/unicornFurnace/received_events", "type": "User", "site_admin": false}, "parents": [{"sha": "4b26c28b40f6e97ec38ed7c2cb4b0d6a13913441", "url": "https://api.github.com/repos/feakk/xxxpwn/commits/4b26c28b40f6e97ec38ed7c2cb4b0d6a13913441", "html_url": "https://github.com/feakk/xxxpwn/commit/4b26c28b40f6e97ec38ed7c2cb4b0d6a13913441"}]}, {"sha": "4b26c28b40f6e97ec38ed7c2cb4b0d6a13913441", "node_id": "MDY6Q29tbWl0MTQyNDMxNjk6NGIyNmMyOGI0MGY2ZTk3ZWMzOGVkN2MyY2I0YjBkNmExMzkxMzQ0MQ==", "commit": {"author": {"name": "unicornFurnace", "email": "dcrowley@trustwave.com", "date": "2014-04-14T21:40:14Z"}, "committer": {"name": "unicornFurnace", "email": "dcrowley@trustwave.com", "date": "2014-04-14T21:40:14Z"}, "message": "fix for encoding issue", "tree": {"sha": "6691213fb2cf78961a916c00bbbcd05c89a96304", "url": "https://api.github.com/repos/feakk/xxxpwn/git/trees/6691213fb2cf78961a916c00bbbcd05c89a96304"}, "url": "https://api.github.com/repos/feakk/xxxpwn/git/commits/4b26c28b40f6e97ec38ed7c2cb4b0d6a13913441", "comment_count": 0, "verification": {"verified": false, "reason": "unsigned", "signature": null, "payload": null}}, "url": "https://api.github.com/repos/feakk/xxxpwn/commits/4b26c28b40f6e97ec38ed7c2cb4b0d6a13913441", "html_url": "https://github.com/feakk/xxxpwn/commit/4b26c28b40f6e97ec38ed7c2cb4b0d6a13913441", "comments_url": "https://api.github.com/repos/feakk/xxxpwn/commits/4b26c28b40f6e97ec38ed7c2cb4b0d6a13913441/comments", "author": {"login": "unicornFurnace", "id": 1309613, "node_id": "MDQ6VXNlcjEzMDk2MTM=", "avatar_url": "https://avatars.githubusercontent.com/u/1309613?v=4", "gravatar_id": "", "url": "https://api.github.com/users/unicornFurnace", "html_url": "https://github.com/unicornFurnace", "followers_url": "https://api.github.com/users/unicornFurnace/followers", "following_url": "https://api.github.com/users/unicornFurnace/following{/other_user}", "gists_url": "https://api.github.com/users/unicornFurnace/gists{/gist_id}", "starred_url": "https://api.github.com/users/unicornFurnace/starred{/owner}{/repo}", "subscriptions_url": "https://api.github.com/users/unicornFurnace/subscriptions", "organizations_url": "https://api.github.com/users/unicornFurnace/orgs", "repos_url": "https://api.github.com/users/unicornFurnace/repos", "events_url": "https://api.github.com/users/unicornFurnace/events{/privacy}", "received_events_url": "https://api.github.com/users/unicornFurnace/received_events", "type": "User", "site_admin": false}, "committer": {"login": "unicornFurnace", "id": 1309613, "node_id": "MDQ6VXNlcjEzMDk2MTM=", "avatar_url": "https://avatars.githubusercontent.com/u/1309613?v=4", "gravatar_id": "", "url": "https://api.github.com/users/unicornFurnace", "html_url": "https://github.com/unicornFurnace", "followers_url": "https://api.github.com/users/unicornFurnace/followers", "following_url": "https://api.github.com/users/unicornFurnace/following{/other_user}", "gists_url": "https://api.github.com/users/unicornFurnace/gists{/gist_id}", "starred_url": "https://api.github.com/users/unicornFurnace/starred{/owner}{/repo}", "subscriptions_url": "https://api.github.com/users/unicornFurnace/subscriptions", "organizations_url": "https://api.github.com/users/unicornFurnace/orgs", "repos_url": "https://api.github.com/users/unicornFurnace/repos", "events_url": "https://api.github.com/users/unicornFurnace/events{/privacy}", "received_events_url": "https://api.github.com/users/unicornFurnace/received_events", "type": "User", "site_admin": false}, "parents": [{"sha": "238251d3be19bd7986c696e70f4d86de8dd959ac", "url": "https://api.github.com/repos/feakk/xxxpwn/commits/238251d3be19bd7986c696e70f4d86de8dd959ac", "html_url": "https://github.com/feakk/xxxpwn/commit/238251d3be19bd7986c696e70f4d86de8dd959ac"}]}, {"sha": "238251d3be19bd7986c696e70f4d86de8dd959ac", "node_id": "MDY6Q29tbWl0MTQyNDMxNjk6MjM4MjUxZDNiZTE5YmQ3OTg2YzY5NmU3MGY0ZDg2ZGU4ZGQ5NTlhYw==", "commit": {"author": {"name": "feakk", "email": "Paul.J.Haas@gmail.com", "date": "2013-12-05T02:57:01Z"}, "committer": {"name": "feakk", "email": "Paul.J.Haas@gmail.com", "date": "2013-12-05T02:57:01Z"}, "message": "Moved attacks to separate directory", "tree": {"sha": "bf7377f80281c4fb970e2feeb918d32eacc7b22f", "url": "https://api.github.com/repos/feakk/xxxpwn/git/trees/bf7377f80281c4fb970e2feeb918d32eacc7b22f"}, "url": "https://api.github.com/repos/feakk/xxxpwn/git/commits/238251d3be19bd7986c696e70f4d86de8dd959ac", "comment_count": 0, "verification": {"verified": false, "reason": "unsigned", "signature": null, "payload": null}}, "url": "https://api.github.com/repos/feakk/xxxpwn/commits/238251d3be19bd7986c696e70f4d86de8dd959ac", "html_url": "https://github.com/feakk/xxxpwn/commit/238251d3be19bd7986c696e70f4d86de8dd959ac", "comments_url": "https://api.github.com/repos/feakk/xxxpwn/commits/238251d3be19bd7986c696e70f4d86de8dd959ac/comments", "author": null, "committer": null, "parents": [{"sha": "dd7f3a99770a0e4203dd635915e665d587981dc4", "url": "https://api.github.com/repos/feakk/xxxpwn/commits/dd7f3a99770a0e4203dd635915e665d587981dc4", "html_url": "https://github.com/feakk/xxxpwn/commit/dd7f3a99770a0e4203dd635915e665d587981dc4"}]}, {"sha": "dd7f3a99770a0e4203dd635915e665d587981dc4", "node_id": "MDY6Q29tbWl0MTQyNDMxNjk6ZGQ3ZjNhOTk3NzBhMGU0MjAzZGQ2MzU5MTVlNjY1ZDU4Nzk4MWRjNA==", "commit": {"author": {"name": "feakk", "email": "Paul.J.Haas@gmail.com", "date": "2013-11-18T21:46:08Z"}, "committer": {"name": "feakk", "email": "Paul.J.Haas@gmail.com", "date": "2013-11-18T21:46:08Z"}, "message": "Adding Presentation Material", "tree": {"sha": "25aedd0193ed10e976ead4103070fdc62c0380ea", "url": "https://api.github.com/repos/feakk/xxxpwn/git/trees/25aedd0193ed10e976ead4103070fdc62c0380ea"}, "url": "https://api.github.com/repos/feakk/xxxpwn/git/commits/dd7f3a99770a0e4203dd635915e665d587981dc4", "comment_count": 0, "verification": {"verified": false, "reason": "unsigned", "signature": null, "payload": null}}, "url": "https://api.github.com/repos/feakk/xxxpwn/commits/dd7f3a99770a0e4203dd635915e665d587981dc4", "html_url": "https://github.com/feakk/xxxpwn/commit/dd7f3a99770a0e4203dd635915e665d587981dc4", "comments_url": "https://api.github.com/repos/feakk/xxxpwn/commits/dd7f3a99770a0e4203dd635915e665d587981dc4/comments", "author": null, "committer": null, "parents": [{"sha": "e8f37598b0bb4cbf060fd26a18ce5cd1fb408c50", "url": "https://api.github.com/repos/feakk/xxxpwn/commits/e8f37598b0bb4cbf060fd26a18ce5cd1fb408c50", "html_url": "https://github.com/feakk/xxxpwn/commit/e8f37598b0bb4cbf060fd26a18ce5cd1fb408c50"}]}, {"sha": "e8f37598b0bb4cbf060fd26a18ce5cd1fb408c50", "node_id": "MDY6Q29tbWl0MTQyNDMxNjk6ZThmMzc1OThiMGJiNGNiZjA2MGZkMjZhMThjZTVjZDFmYjQwOGM1MA==", "commit": {"author": {"name": "feakk", "email": "Paul.J.Haas@gmail.com", "date": "2013-11-18T21:40:46Z"}, "committer": {"name": "feakk", "email": "Paul.J.Haas@gmail.com", "date": "2013-11-18T21:40:46Z"}, "message": "Adding actual code", "tree": {"sha": "a9f7cf380917c0271e186a517d979d1e22b208f2", "url": "https://api.github.com/repos/feakk/xxxpwn/git/trees/a9f7cf380917c0271e186a517d979d1e22b208f2"}, "url": "https://api.github.com/repos/feakk/xxxpwn/git/commits/e8f37598b0bb4cbf060fd26a18ce5cd1fb408c50", "comment_count": 0, "verification": {"verified": false, "reason": "unsigned", "signature": null, "payload": null}}, "url": "https://api.github.com/repos/feakk/xxxpwn/commits/e8f37598b0bb4cbf060fd26a18ce5cd1fb408c50", "html_url": "https://github.com/feakk/xxxpwn/commit/e8f37598b0bb4cbf060fd26a18ce5cd1fb408c50", "comments_url": "https://api.github.com/repos/feakk/xxxpwn/commits/e8f37598b0bb4cbf060fd26a18ce5cd1fb408c50/comments", "author": null, "committer": null, "parents": [{"sha": "7f0d030e3dff384c8d3fa412a6bffe49bc7e507c", "url": "https://api.github.com/repos/feakk/xxxpwn/commits/7f0d030e3dff384c8d3fa412a6bffe49bc7e507c", "html_url": "https://github.com/feakk/xxxpwn/commit/7f0d030e3dff384c8d3fa412a6bffe49bc7e507c"}]}, {"sha": "7f0d030e3dff384c8d3fa412a6bffe49bc7e507c", "node_id": "MDY6Q29tbWl0MTQyNDMxNjk6N2YwZDAzMGUzZGZmMzg0YzhkM2ZhNDEyYTZiZmZlNDliYzdlNTA3Yw==", "commit": {"author": {"name": "feakk", "email": "Paul dot J dot Haas at gmail.com", "date": "2013-11-18T21:07:01Z"}, "committer": {"name": "feakk", "email": "feakk@BigKahuna.(none)", "date": "2013-11-18T21:08:46Z"}, "message": "first commit", "tree": {"sha": "f93e3a1a1525fb5b91020da86e44810c87a2d7bc", "url": "https://api.github.com/repos/feakk/xxxpwn/git/trees/f93e3a1a1525fb5b91020da86e44810c87a2d7bc"}, "url": "https://api.github.com/repos/feakk/xxxpwn/git/commits/7f0d030e3dff384c8d3fa412a6bffe49bc7e507c", "comment_count": 0, "verification": {"verified": false, "reason": "unsigned", "signature": null, "payload": null}}, "url": "https://api.github.com/repos/feakk/xxxpwn/commits/7f0d030e3dff384c8d3fa412a6bffe49bc7e507c", "html_url": "https://github.com/feakk/xxxpwn/commit/7f0d030e3dff384c8d3fa412a6bffe49bc7e507c", "comments_url": "https://api.github.com/repos/feakk/xxxpwn/commits/7f0d030e3dff384c8d3fa412a6bffe49bc7e507c/comments", "author": null, "committer": null, "parents": []}]