[{"sha": "d3b8ad44a8e03b8e3e8d65d709eb684ccf0d2736", "node_id": "C_kwDOFJN2mNoAKGQzYjhhZDQ0YThlMDNiOGUzZThkNjVkNzA5ZWI2ODRjY2YwZDI3MzY", "commit": {"author": {"name": "ENOENT", "email": "FlorianPicca@users.noreply.github.com", "date": "2021-09-26T11:34:35Z"}, "committer": {"name": "ENOENT", "email": "FlorianPicca@users.noreply.github.com", "date": "2021-09-26T11:34:35Z"}, "message": "Added -f argument", "tree": {"sha": "a2d3ab30fc93a4e5e5b938c7b0db7c0a7e4abf35", "url": "https://api.github.com/repos/FlorianPicca/JWT-Key-Recovery/git/trees/a2d3ab30fc93a4e5e5b938c7b0db7c0a7e4abf35"}, "url": "https://api.github.com/repos/FlorianPicca/JWT-Key-Recovery/git/commits/d3b8ad44a8e03b8e3e8d65d709eb684ccf0d2736", "comment_count": 0, "verification": {"verified": false, "reason": "unsigned", "signature": null, "payload": null}}, "url": "https://api.github.com/repos/FlorianPicca/JWT-Key-Recovery/commits/d3b8ad44a8e03b8e3e8d65d709eb684ccf0d2736", "html_url": "https://github.com/FlorianPicca/JWT-Key-Recovery/commit/d3b8ad44a8e03b8e3e8d65d709eb684ccf0d2736", "comments_url": "https://api.github.com/repos/FlorianPicca/JWT-Key-Recovery/commits/d3b8ad44a8e03b8e3e8d65d709eb684ccf0d2736/comments", "author": {"login": "FlorianPicca", "id": 25284638, "node_id": "MDQ6VXNlcjI1Mjg0NjM4", "avatar_url": "https://avatars.githubusercontent.com/u/25284638?v=4", "gravatar_id": "", "url": "https://api.github.com/users/FlorianPicca", "html_url": "https://github.com/FlorianPicca", "followers_url": "https://api.github.com/users/FlorianPicca/followers", "following_url": "https://api.github.com/users/FlorianPicca/following{/other_user}", "gists_url": "https://api.github.com/users/FlorianPicca/gists{/gist_id}", "starred_url": "https://api.github.com/users/FlorianPicca/starred{/owner}{/repo}", "subscriptions_url": "https://api.github.com/users/FlorianPicca/subscriptions", "organizations_url": "https://api.github.com/users/FlorianPicca/orgs", "repos_url": "https://api.github.com/users/FlorianPicca/repos", "events_url": "https://api.github.com/users/FlorianPicca/events{/privacy}", "received_events_url": "https://api.github.com/users/FlorianPicca/received_events", "type": "User", "site_admin": false}, "committer": {"login": "FlorianPicca", "id": 25284638, "node_id": "MDQ6VXNlcjI1Mjg0NjM4", "avatar_url": "https://avatars.githubusercontent.com/u/25284638?v=4", "gravatar_id": "", "url": "https://api.github.com/users/FlorianPicca", "html_url": "https://github.com/FlorianPicca", "followers_url": "https://api.github.com/users/FlorianPicca/followers", "following_url": "https://api.github.com/users/FlorianPicca/following{/other_user}", "gists_url": "https://api.github.com/users/FlorianPicca/gists{/gist_id}", "starred_url": "https://api.github.com/users/FlorianPicca/starred{/owner}{/repo}", "subscriptions_url": "https://api.github.com/users/FlorianPicca/subscriptions", "organizations_url": "https://api.github.com/users/FlorianPicca/orgs", "repos_url": "https://api.github.com/users/FlorianPicca/repos", "events_url": "https://api.github.com/users/FlorianPicca/events{/privacy}", "received_events_url": "https://api.github.com/users/FlorianPicca/received_events", "type": "User", "site_admin": false}, "parents": [{"sha": "12481a7c3c6318d419e1757887048245524ea855", "url": "https://api.github.com/repos/FlorianPicca/JWT-Key-Recovery/commits/12481a7c3c6318d419e1757887048245524ea855", "html_url": "https://github.com/FlorianPicca/JWT-Key-Recovery/commit/12481a7c3c6318d419e1757887048245524ea855"}]}, {"sha": "12481a7c3c6318d419e1757887048245524ea855", "node_id": "C_kwDOFJN2mNoAKDEyNDgxYTdjM2M2MzE4ZDQxOWUxNzU3ODg3MDQ4MjQ1NTI0ZWE4NTU", "commit": {"author": {"name": "ENOENT", "email": "FlorianPicca@users.noreply.github.com", "date": "2021-09-26T11:30:12Z"}, "committer": {"name": "ENOENT", "email": "FlorianPicca@users.noreply.github.com", "date": "2021-09-26T11:30:12Z"}, "message": "added prime check", "tree": {"sha": "8242f40e53f7491f99fc297be2744dbc1f30a8dc", "url": "https://api.github.com/repos/FlorianPicca/JWT-Key-Recovery/git/trees/8242f40e53f7491f99fc297be2744dbc1f30a8dc"}, "url": "https://api.github.com/repos/FlorianPicca/JWT-Key-Recovery/git/commits/12481a7c3c6318d419e1757887048245524ea855", "comment_count": 0, "verification": {"verified": false, "reason": "unsigned", "signature": null, "payload": null}}, "url": "https://api.github.com/repos/FlorianPicca/JWT-Key-Recovery/commits/12481a7c3c6318d419e1757887048245524ea855", "html_url": "https://github.com/FlorianPicca/JWT-Key-Recovery/commit/12481a7c3c6318d419e1757887048245524ea855", "comments_url": "https://api.github.com/repos/FlorianPicca/JWT-Key-Recovery/commits/12481a7c3c6318d419e1757887048245524ea855/comments", "author": {"login": "FlorianPicca", "id": 25284638, "node_id": "MDQ6VXNlcjI1Mjg0NjM4", "avatar_url": "https://avatars.githubusercontent.com/u/25284638?v=4", "gravatar_id": "", "url": "https://api.github.com/users/FlorianPicca", "html_url": "https://github.com/FlorianPicca", "followers_url": "https://api.github.com/users/FlorianPicca/followers", "following_url": "https://api.github.com/users/FlorianPicca/following{/other_user}", "gists_url": "https://api.github.com/users/FlorianPicca/gists{/gist_id}", "starred_url": "https://api.github.com/users/FlorianPicca/starred{/owner}{/repo}", "subscriptions_url": "https://api.github.com/users/FlorianPicca/subscriptions", "organizations_url": "https://api.github.com/users/FlorianPicca/orgs", "repos_url": "https://api.github.com/users/FlorianPicca/repos", "events_url": "https://api.github.com/users/FlorianPicca/events{/privacy}", "received_events_url": "https://api.github.com/users/FlorianPicca/received_events", "type": "User", "site_admin": false}, "committer": {"login": "FlorianPicca", "id": 25284638, "node_id": "MDQ6VXNlcjI1Mjg0NjM4", "avatar_url": "https://avatars.githubusercontent.com/u/25284638?v=4", "gravatar_id": "", "url": "https://api.github.com/users/FlorianPicca", "html_url": "https://github.com/FlorianPicca", "followers_url": "https://api.github.com/users/FlorianPicca/followers", "following_url": "https://api.github.com/users/FlorianPicca/following{/other_user}", "gists_url": "https://api.github.com/users/FlorianPicca/gists{/gist_id}", "starred_url": "https://api.github.com/users/FlorianPicca/starred{/owner}{/repo}", "subscriptions_url": "https://api.github.com/users/FlorianPicca/subscriptions", "organizations_url": "https://api.github.com/users/FlorianPicca/orgs", "repos_url": "https://api.github.com/users/FlorianPicca/repos", "events_url": "https://api.github.com/users/FlorianPicca/events{/privacy}", "received_events_url": "https://api.github.com/users/FlorianPicca/received_events", "type": "User", "site_admin": false}, "parents": [{"sha": "931f2ee4d1ee5f0c6fbedf7f03e3a6b71f7a3001", "url": "https://api.github.com/repos/FlorianPicca/JWT-Key-Recovery/commits/931f2ee4d1ee5f0c6fbedf7f03e3a6b71f7a3001", "html_url": "https://github.com/FlorianPicca/JWT-Key-Recovery/commit/931f2ee4d1ee5f0c6fbedf7f03e3a6b71f7a3001"}]}, {"sha": "931f2ee4d1ee5f0c6fbedf7f03e3a6b71f7a3001", "node_id": "C_kwDOFJN2mNoAKDkzMWYyZWU0ZDFlZTVmMGM2ZmJlZGY3ZjAzZTNhNmI3MWY3YTMwMDE", "commit": {"author": {"name": "ENOENT", "email": "FlorianPicca@users.noreply.github.com", "date": "2021-09-26T11:23:16Z"}, "committer": {"name": "ENOENT", "email": "FlorianPicca@users.noreply.github.com", "date": "2021-09-26T11:23:16Z"}, "message": "added verbose mode", "tree": {"sha": "a2a7482149b1e49a4104a2843213314b80214d4f", "url": "https://api.github.com/repos/FlorianPicca/JWT-Key-Recovery/git/trees/a2a7482149b1e49a4104a2843213314b80214d4f"}, "url": "https://api.github.com/repos/FlorianPicca/JWT-Key-Recovery/git/commits/931f2ee4d1ee5f0c6fbedf7f03e3a6b71f7a3001", "comment_count": 0, "verification": {"verified": false, "reason": "unsigned", "signature": null, "payload": null}}, "url": "https://api.github.com/repos/FlorianPicca/JWT-Key-Recovery/commits/931f2ee4d1ee5f0c6fbedf7f03e3a6b71f7a3001", "html_url": "https://github.com/FlorianPicca/JWT-Key-Recovery/commit/931f2ee4d1ee5f0c6fbedf7f03e3a6b71f7a3001", "comments_url": "https://api.github.com/repos/FlorianPicca/JWT-Key-Recovery/commits/931f2ee4d1ee5f0c6fbedf7f03e3a6b71f7a3001/comments", "author": {"login": "FlorianPicca", "id": 25284638, "node_id": "MDQ6VXNlcjI1Mjg0NjM4", "avatar_url": "https://avatars.githubusercontent.com/u/25284638?v=4", "gravatar_id": "", "url": "https://api.github.com/users/FlorianPicca", "html_url": "https://github.com/FlorianPicca", "followers_url": "https://api.github.com/users/FlorianPicca/followers", "following_url": "https://api.github.com/users/FlorianPicca/following{/other_user}", "gists_url": "https://api.github.com/users/FlorianPicca/gists{/gist_id}", "starred_url": "https://api.github.com/users/FlorianPicca/starred{/owner}{/repo}", "subscriptions_url": "https://api.github.com/users/FlorianPicca/subscriptions", "organizations_url": "https://api.github.com/users/FlorianPicca/orgs", "repos_url": "https://api.github.com/users/FlorianPicca/repos", "events_url": "https://api.github.com/users/FlorianPicca/events{/privacy}", "received_events_url": "https://api.github.com/users/FlorianPicca/received_events", "type": "User", "site_admin": false}, "committer": {"login": "FlorianPicca", "id": 25284638, "node_id": "MDQ6VXNlcjI1Mjg0NjM4", "avatar_url": "https://avatars.githubusercontent.com/u/25284638?v=4", "gravatar_id": "", "url": "https://api.github.com/users/FlorianPicca", "html_url": "https://github.com/FlorianPicca", "followers_url": "https://api.github.com/users/FlorianPicca/followers", "following_url": "https://api.github.com/users/FlorianPicca/following{/other_user}", "gists_url": "https://api.github.com/users/FlorianPicca/gists{/gist_id}", "starred_url": "https://api.github.com/users/FlorianPicca/starred{/owner}{/repo}", "subscriptions_url": "https://api.github.com/users/FlorianPicca/subscriptions", "organizations_url": "https://api.github.com/users/FlorianPicca/orgs", "repos_url": "https://api.github.com/users/FlorianPicca/repos", "events_url": "https://api.github.com/users/FlorianPicca/events{/privacy}", "received_events_url": "https://api.github.com/users/FlorianPicca/received_events", "type": "User", "site_admin": false}, "parents": [{"sha": "d6ba3c883a0961e6b35a63ae0a4e75f11291a201", "url": "https://api.github.com/repos/FlorianPicca/JWT-Key-Recovery/commits/d6ba3c883a0961e6b35a63ae0a4e75f11291a201", "html_url": "https://github.com/FlorianPicca/JWT-Key-Recovery/commit/d6ba3c883a0961e6b35a63ae0a4e75f11291a201"}]}, {"sha": "d6ba3c883a0961e6b35a63ae0a4e75f11291a201", "node_id": "C_kwDOFJN2mNoAKGQ2YmEzYzg4M2EwOTYxZTZiMzVhNjNhZTBhNGU3NWYxMTI5MWEyMDE", "commit": {"author": {"name": "ENOENT", "email": "FlorianPicca@users.noreply.github.com", "date": "2021-09-25T11:00:58Z"}, "committer": {"name": "ENOENT", "email": "FlorianPicca@users.noreply.github.com", "date": "2021-09-25T11:00:58Z"}, "message": "remove key size approximation", "tree": {"sha": "3db59df9a44faef9d97f59e46960f8aa9136e503", "url": "https://api.github.com/repos/FlorianPicca/JWT-Key-Recovery/git/trees/3db59df9a44faef9d97f59e46960f8aa9136e503"}, "url": "https://api.github.com/repos/FlorianPicca/JWT-Key-Recovery/git/commits/d6ba3c883a0961e6b35a63ae0a4e75f11291a201", "comment_count": 0, "verification": {"verified": false, "reason": "unsigned", "signature": null, "payload": null}}, "url": "https://api.github.com/repos/FlorianPicca/JWT-Key-Recovery/commits/d6ba3c883a0961e6b35a63ae0a4e75f11291a201", "html_url": "https://github.com/FlorianPicca/JWT-Key-Recovery/commit/d6ba3c883a0961e6b35a63ae0a4e75f11291a201", "comments_url": "https://api.github.com/repos/FlorianPicca/JWT-Key-Recovery/commits/d6ba3c883a0961e6b35a63ae0a4e75f11291a201/comments", "author": {"login": "FlorianPicca", "id": 25284638, "node_id": "MDQ6VXNlcjI1Mjg0NjM4", "avatar_url": "https://avatars.githubusercontent.com/u/25284638?v=4", "gravatar_id": "", "url": "https://api.github.com/users/FlorianPicca", "html_url": "https://github.com/FlorianPicca", "followers_url": "https://api.github.com/users/FlorianPicca/followers", "following_url": "https://api.github.com/users/FlorianPicca/following{/other_user}", "gists_url": "https://api.github.com/users/FlorianPicca/gists{/gist_id}", "starred_url": "https://api.github.com/users/FlorianPicca/starred{/owner}{/repo}", "subscriptions_url": "https://api.github.com/users/FlorianPicca/subscriptions", "organizations_url": "https://api.github.com/users/FlorianPicca/orgs", "repos_url": "https://api.github.com/users/FlorianPicca/repos", "events_url": "https://api.github.com/users/FlorianPicca/events{/privacy}", "received_events_url": "https://api.github.com/users/FlorianPicca/received_events", "type": "User", "site_admin": false}, "committer": {"login": "FlorianPicca", "id": 25284638, "node_id": "MDQ6VXNlcjI1Mjg0NjM4", "avatar_url": "https://avatars.githubusercontent.com/u/25284638?v=4", "gravatar_id": "", "url": "https://api.github.com/users/FlorianPicca", "html_url": "https://github.com/FlorianPicca", "followers_url": "https://api.github.com/users/FlorianPicca/followers", "following_url": "https://api.github.com/users/FlorianPicca/following{/other_user}", "gists_url": "https://api.github.com/users/FlorianPicca/gists{/gist_id}", "starred_url": "https://api.github.com/users/FlorianPicca/starred{/owner}{/repo}", "subscriptions_url": "https://api.github.com/users/FlorianPicca/subscriptions", "organizations_url": "https://api.github.com/users/FlorianPicca/orgs", "repos_url": "https://api.github.com/users/FlorianPicca/repos", "events_url": "https://api.github.com/users/FlorianPicca/events{/privacy}", "received_events_url": "https://api.github.com/users/FlorianPicca/received_events", "type": "User", "site_admin": false}, "parents": [{"sha": "77009ea46f8335e35fd562bc0c06481606e758be", "url": "https://api.github.com/repos/FlorianPicca/JWT-Key-Recovery/commits/77009ea46f8335e35fd562bc0c06481606e758be", "html_url": "https://github.com/FlorianPicca/JWT-Key-Recovery/commit/77009ea46f8335e35fd562bc0c06481606e758be"}]}, {"sha": "77009ea46f8335e35fd562bc0c06481606e758be", "node_id": "MDY6Q29tbWl0MzQ1MjA4NDcyOjc3MDA5ZWE0NmY4MzM1ZTM1ZmQ1NjJiYzBjMDY0ODE2MDZlNzU4YmU=", "commit": {"author": {"name": "ENOENT", "email": "FlorianPicca@users.noreply.github.com", "date": "2021-05-25T18:11:57Z"}, "committer": {"name": "ENOENT", "email": "FlorianPicca@users.noreply.github.com", "date": "2021-05-25T18:11:57Z"}, "message": "improved ECDSA key recovery", "tree": {"sha": "86b07ae3427f5c69a88bebd8b1908338840a32a4", "url": "https://api.github.com/repos/FlorianPicca/JWT-Key-Recovery/git/trees/86b07ae3427f5c69a88bebd8b1908338840a32a4"}, "url": "https://api.github.com/repos/FlorianPicca/JWT-Key-Recovery/git/commits/77009ea46f8335e35fd562bc0c06481606e758be", "comment_count": 0, "verification": {"verified": false, "reason": "unsigned", "signature": null, "payload": null}}, "url": "https://api.github.com/repos/FlorianPicca/JWT-Key-Recovery/commits/77009ea46f8335e35fd562bc0c06481606e758be", "html_url": "https://github.com/FlorianPicca/JWT-Key-Recovery/commit/77009ea46f8335e35fd562bc0c06481606e758be", "comments_url": "https://api.github.com/repos/FlorianPicca/JWT-Key-Recovery/commits/77009ea46f8335e35fd562bc0c06481606e758be/comments", "author": {"login": "FlorianPicca", "id": 25284638, "node_id": "MDQ6VXNlcjI1Mjg0NjM4", "avatar_url": "https://avatars.githubusercontent.com/u/25284638?v=4", "gravatar_id": "", "url": "https://api.github.com/users/FlorianPicca", "html_url": "https://github.com/FlorianPicca", "followers_url": "https://api.github.com/users/FlorianPicca/followers", "following_url": "https://api.github.com/users/FlorianPicca/following{/other_user}", "gists_url": "https://api.github.com/users/FlorianPicca/gists{/gist_id}", "starred_url": "https://api.github.com/users/FlorianPicca/starred{/owner}{/repo}", "subscriptions_url": "https://api.github.com/users/FlorianPicca/subscriptions", "organizations_url": "https://api.github.com/users/FlorianPicca/orgs", "repos_url": "https://api.github.com/users/FlorianPicca/repos", "events_url": "https://api.github.com/users/FlorianPicca/events{/privacy}", "received_events_url": "https://api.github.com/users/FlorianPicca/received_events", "type": "User", "site_admin": false}, "committer": {"login": "FlorianPicca", "id": 25284638, "node_id": "MDQ6VXNlcjI1Mjg0NjM4", "avatar_url": "https://avatars.githubusercontent.com/u/25284638?v=4", "gravatar_id": "", "url": "https://api.github.com/users/FlorianPicca", "html_url": "https://github.com/FlorianPicca", "followers_url": "https://api.github.com/users/FlorianPicca/followers", "following_url": "https://api.github.com/users/FlorianPicca/following{/other_user}", "gists_url": "https://api.github.com/users/FlorianPicca/gists{/gist_id}", "starred_url": "https://api.github.com/users/FlorianPicca/starred{/owner}{/repo}", "subscriptions_url": "https://api.github.com/users/FlorianPicca/subscriptions", "organizations_url": "https://api.github.com/users/FlorianPicca/orgs", "repos_url": "https://api.github.com/users/FlorianPicca/repos", "events_url": "https://api.github.com/users/FlorianPicca/events{/privacy}", "received_events_url": "https://api.github.com/users/FlorianPicca/received_events", "type": "User", "site_admin": false}, "parents": [{"sha": "53c14666d528130371a95bdcbedd54e4ec57f16f", "url": "https://api.github.com/repos/FlorianPicca/JWT-Key-Recovery/commits/53c14666d528130371a95bdcbedd54e4ec57f16f", "html_url": "https://github.com/FlorianPicca/JWT-Key-Recovery/commit/53c14666d528130371a95bdcbedd54e4ec57f16f"}]}, {"sha": "53c14666d528130371a95bdcbedd54e4ec57f16f", "node_id": "MDY6Q29tbWl0MzQ1MjA4NDcyOjUzYzE0NjY2ZDUyODEzMDM3MWE5NWJkY2JlZGQ1NGU0ZWM1N2YxNmY=", "commit": {"author": {"name": "ENOENT", "email": "FlorianPicca@users.noreply.github.com", "date": "2021-03-08T18:24:43Z"}, "committer": {"name": "ENOENT", "email": "FlorianPicca@users.noreply.github.com", "date": "2021-03-08T18:24:43Z"}, "message": "fix comment", "tree": {"sha": "b7ce5f4fce8f0be00fcd9df794e2ed52d8d897cc", "url": "https://api.github.com/repos/FlorianPicca/JWT-Key-Recovery/git/trees/b7ce5f4fce8f0be00fcd9df794e2ed52d8d897cc"}, "url": "https://api.github.com/repos/FlorianPicca/JWT-Key-Recovery/git/commits/53c14666d528130371a95bdcbedd54e4ec57f16f", "comment_count": 0, "verification": {"verified": false, "reason": "unsigned", "signature": null, "payload": null}}, "url": "https://api.github.com/repos/FlorianPicca/JWT-Key-Recovery/commits/53c14666d528130371a95bdcbedd54e4ec57f16f", "html_url": "https://github.com/FlorianPicca/JWT-Key-Recovery/commit/53c14666d528130371a95bdcbedd54e4ec57f16f", "comments_url": "https://api.github.com/repos/FlorianPicca/JWT-Key-Recovery/commits/53c14666d528130371a95bdcbedd54e4ec57f16f/comments", "author": {"login": "FlorianPicca", "id": 25284638, "node_id": "MDQ6VXNlcjI1Mjg0NjM4", "avatar_url": "https://avatars.githubusercontent.com/u/25284638?v=4", "gravatar_id": "", "url": "https://api.github.com/users/FlorianPicca", "html_url": "https://github.com/FlorianPicca", "followers_url": "https://api.github.com/users/FlorianPicca/followers", "following_url": "https://api.github.com/users/FlorianPicca/following{/other_user}", "gists_url": "https://api.github.com/users/FlorianPicca/gists{/gist_id}", "starred_url": "https://api.github.com/users/FlorianPicca/starred{/owner}{/repo}", "subscriptions_url": "https://api.github.com/users/FlorianPicca/subscriptions", "organizations_url": "https://api.github.com/users/FlorianPicca/orgs", "repos_url": "https://api.github.com/users/FlorianPicca/repos", "events_url": "https://api.github.com/users/FlorianPicca/events{/privacy}", "received_events_url": "https://api.github.com/users/FlorianPicca/received_events", "type": "User", "site_admin": false}, "committer": {"login": "FlorianPicca", "id": 25284638, "node_id": "MDQ6VXNlcjI1Mjg0NjM4", "avatar_url": "https://avatars.githubusercontent.com/u/25284638?v=4", "gravatar_id": "", "url": "https://api.github.com/users/FlorianPicca", "html_url": "https://github.com/FlorianPicca", "followers_url": "https://api.github.com/users/FlorianPicca/followers", "following_url": "https://api.github.com/users/FlorianPicca/following{/other_user}", "gists_url": "https://api.github.com/users/FlorianPicca/gists{/gist_id}", "starred_url": "https://api.github.com/users/FlorianPicca/starred{/owner}{/repo}", "subscriptions_url": "https://api.github.com/users/FlorianPicca/subscriptions", "organizations_url": "https://api.github.com/users/FlorianPicca/orgs", "repos_url": "https://api.github.com/users/FlorianPicca/repos", "events_url": "https://api.github.com/users/FlorianPicca/events{/privacy}", "received_events_url": "https://api.github.com/users/FlorianPicca/received_events", "type": "User", "site_admin": false}, "parents": [{"sha": "6b18e5098578eb9e39cbe0fbef93b1e1146c029e", "url": "https://api.github.com/repos/FlorianPicca/JWT-Key-Recovery/commits/6b18e5098578eb9e39cbe0fbef93b1e1146c029e", "html_url": "https://github.com/FlorianPicca/JWT-Key-Recovery/commit/6b18e5098578eb9e39cbe0fbef93b1e1146c029e"}]}, {"sha": "6b18e5098578eb9e39cbe0fbef93b1e1146c029e", "node_id": "MDY6Q29tbWl0MzQ1MjA4NDcyOjZiMThlNTA5ODU3OGViOWUzOWNiZTBmYmVmOTNiMWUxMTQ2YzAyOWU=", "commit": {"author": {"name": "ENOENT", "email": "FlorianPicca@users.noreply.github.com", "date": "2021-03-08T17:45:42Z"}, "committer": {"name": "ENOENT", "email": "FlorianPicca@users.noreply.github.com", "date": "2021-03-08T17:45:42Z"}, "message": "check that input tokens are not the same", "tree": {"sha": "a448fa205a97ffa23b296ea0de83fd1d52e8135f", "url": "https://api.github.com/repos/FlorianPicca/JWT-Key-Recovery/git/trees/a448fa205a97ffa23b296ea0de83fd1d52e8135f"}, "url": "https://api.github.com/repos/FlorianPicca/JWT-Key-Recovery/git/commits/6b18e5098578eb9e39cbe0fbef93b1e1146c029e", "comment_count": 0, "verification": {"verified": false, "reason": "unsigned", "signature": null, "payload": null}}, "url": "https://api.github.com/repos/FlorianPicca/JWT-Key-Recovery/commits/6b18e5098578eb9e39cbe0fbef93b1e1146c029e", "html_url": "https://github.com/FlorianPicca/JWT-Key-Recovery/commit/6b18e5098578eb9e39cbe0fbef93b1e1146c029e", "comments_url": "https://api.github.com/repos/FlorianPicca/JWT-Key-Recovery/commits/6b18e5098578eb9e39cbe0fbef93b1e1146c029e/comments", "author": {"login": "FlorianPicca", "id": 25284638, "node_id": "MDQ6VXNlcjI1Mjg0NjM4", "avatar_url": "https://avatars.githubusercontent.com/u/25284638?v=4", "gravatar_id": "", "url": "https://api.github.com/users/FlorianPicca", "html_url": "https://github.com/FlorianPicca", "followers_url": "https://api.github.com/users/FlorianPicca/followers", "following_url": "https://api.github.com/users/FlorianPicca/following{/other_user}", "gists_url": "https://api.github.com/users/FlorianPicca/gists{/gist_id}", "starred_url": "https://api.github.com/users/FlorianPicca/starred{/owner}{/repo}", "subscriptions_url": "https://api.github.com/users/FlorianPicca/subscriptions", "organizations_url": "https://api.github.com/users/FlorianPicca/orgs", "repos_url": "https://api.github.com/users/FlorianPicca/repos", "events_url": "https://api.github.com/users/FlorianPicca/events{/privacy}", "received_events_url": "https://api.github.com/users/FlorianPicca/received_events", "type": "User", "site_admin": false}, "committer": {"login": "FlorianPicca", "id": 25284638, "node_id": "MDQ6VXNlcjI1Mjg0NjM4", "avatar_url": "https://avatars.githubusercontent.com/u/25284638?v=4", "gravatar_id": "", "url": "https://api.github.com/users/FlorianPicca", "html_url": "https://github.com/FlorianPicca", "followers_url": "https://api.github.com/users/FlorianPicca/followers", "following_url": "https://api.github.com/users/FlorianPicca/following{/other_user}", "gists_url": "https://api.github.com/users/FlorianPicca/gists{/gist_id}", "starred_url": "https://api.github.com/users/FlorianPicca/starred{/owner}{/repo}", "subscriptions_url": "https://api.github.com/users/FlorianPicca/subscriptions", "organizations_url": "https://api.github.com/users/FlorianPicca/orgs", "repos_url": "https://api.github.com/users/FlorianPicca/repos", "events_url": "https://api.github.com/users/FlorianPicca/events{/privacy}", "received_events_url": "https://api.github.com/users/FlorianPicca/received_events", "type": "User", "site_admin": false}, "parents": [{"sha": "799f45b18f8a1c98b7665789537b2caf4ff977be", "url": "https://api.github.com/repos/FlorianPicca/JWT-Key-Recovery/commits/799f45b18f8a1c98b7665789537b2caf4ff977be", "html_url": "https://github.com/FlorianPicca/JWT-Key-Recovery/commit/799f45b18f8a1c98b7665789537b2caf4ff977be"}]}, {"sha": "799f45b18f8a1c98b7665789537b2caf4ff977be", "node_id": "MDY6Q29tbWl0MzQ1MjA4NDcyOjc5OWY0NWIxOGY4YTFjOThiNzY2NTc4OTUzN2IyY2FmNGZmOTc3YmU=", "commit": {"author": {"name": "ENOENT", "email": "FlorianPicca@users.noreply.github.com", "date": "2021-03-08T17:39:24Z"}, "committer": {"name": "ENOENT", "email": "FlorianPicca@users.noreply.github.com", "date": "2021-03-08T17:39:24Z"}, "message": "Fix issue when gcd result has duplicate small factors", "tree": {"sha": "f0606525d1d963b48bb9dfc3391d6db532493948", "url": "https://api.github.com/repos/FlorianPicca/JWT-Key-Recovery/git/trees/f0606525d1d963b48bb9dfc3391d6db532493948"}, "url": "https://api.github.com/repos/FlorianPicca/JWT-Key-Recovery/git/commits/799f45b18f8a1c98b7665789537b2caf4ff977be", "comment_count": 0, "verification": {"verified": false, "reason": "unsigned", "signature": null, "payload": null}}, "url": "https://api.github.com/repos/FlorianPicca/JWT-Key-Recovery/commits/799f45b18f8a1c98b7665789537b2caf4ff977be", "html_url": "https://github.com/FlorianPicca/JWT-Key-Recovery/commit/799f45b18f8a1c98b7665789537b2caf4ff977be", "comments_url": "https://api.github.com/repos/FlorianPicca/JWT-Key-Recovery/commits/799f45b18f8a1c98b7665789537b2caf4ff977be/comments", "author": {"login": "FlorianPicca", "id": 25284638, "node_id": "MDQ6VXNlcjI1Mjg0NjM4", "avatar_url": "https://avatars.githubusercontent.com/u/25284638?v=4", "gravatar_id": "", "url": "https://api.github.com/users/FlorianPicca", "html_url": "https://github.com/FlorianPicca", "followers_url": "https://api.github.com/users/FlorianPicca/followers", "following_url": "https://api.github.com/users/FlorianPicca/following{/other_user}", "gists_url": "https://api.github.com/users/FlorianPicca/gists{/gist_id}", "starred_url": "https://api.github.com/users/FlorianPicca/starred{/owner}{/repo}", "subscriptions_url": "https://api.github.com/users/FlorianPicca/subscriptions", "organizations_url": "https://api.github.com/users/FlorianPicca/orgs", "repos_url": "https://api.github.com/users/FlorianPicca/repos", "events_url": "https://api.github.com/users/FlorianPicca/events{/privacy}", "received_events_url": "https://api.github.com/users/FlorianPicca/received_events", "type": "User", "site_admin": false}, "committer": {"login": "FlorianPicca", "id": 25284638, "node_id": "MDQ6VXNlcjI1Mjg0NjM4", "avatar_url": "https://avatars.githubusercontent.com/u/25284638?v=4", "gravatar_id": "", "url": "https://api.github.com/users/FlorianPicca", "html_url": "https://github.com/FlorianPicca", "followers_url": "https://api.github.com/users/FlorianPicca/followers", "following_url": "https://api.github.com/users/FlorianPicca/following{/other_user}", "gists_url": "https://api.github.com/users/FlorianPicca/gists{/gist_id}", "starred_url": "https://api.github.com/users/FlorianPicca/starred{/owner}{/repo}", "subscriptions_url": "https://api.github.com/users/FlorianPicca/subscriptions", "organizations_url": "https://api.github.com/users/FlorianPicca/orgs", "repos_url": "https://api.github.com/users/FlorianPicca/repos", "events_url": "https://api.github.com/users/FlorianPicca/events{/privacy}", "received_events_url": "https://api.github.com/users/FlorianPicca/received_events", "type": "User", "site_admin": false}, "parents": [{"sha": "292a6d3b54cd785149c0c57a768bf9237d9a14b8", "url": "https://api.github.com/repos/FlorianPicca/JWT-Key-Recovery/commits/292a6d3b54cd785149c0c57a768bf9237d9a14b8", "html_url": "https://github.com/FlorianPicca/JWT-Key-Recovery/commit/292a6d3b54cd785149c0c57a768bf9237d9a14b8"}]}, {"sha": "292a6d3b54cd785149c0c57a768bf9237d9a14b8", "node_id": "MDY6Q29tbWl0MzQ1MjA4NDcyOjI5MmE2ZDNiNTRjZDc4NTE0OWMwYzU3YTc2OGJmOTIzN2Q5YTE0Yjg=", "commit": {"author": {"name": "ENOENT", "email": "FlorianPicca@users.noreply.github.com", "date": "2021-03-07T12:47:06Z"}, "committer": {"name": "ENOENT", "email": "FlorianPicca@users.noreply.github.com", "date": "2021-03-07T12:47:06Z"}, "message": "initial commit", "tree": {"sha": "5490aa79718b0c8fd626a408f6de0b0967092cd7", "url": "https://api.github.com/repos/FlorianPicca/JWT-Key-Recovery/git/trees/5490aa79718b0c8fd626a408f6de0b0967092cd7"}, "url": "https://api.github.com/repos/FlorianPicca/JWT-Key-Recovery/git/commits/292a6d3b54cd785149c0c57a768bf9237d9a14b8", "comment_count": 0, "verification": {"verified": false, "reason": "unsigned", "signature": null, "payload": null}}, "url": "https://api.github.com/repos/FlorianPicca/JWT-Key-Recovery/commits/292a6d3b54cd785149c0c57a768bf9237d9a14b8", "html_url": "https://github.com/FlorianPicca/JWT-Key-Recovery/commit/292a6d3b54cd785149c0c57a768bf9237d9a14b8", "comments_url": "https://api.github.com/repos/FlorianPicca/JWT-Key-Recovery/commits/292a6d3b54cd785149c0c57a768bf9237d9a14b8/comments", "author": {"login": "FlorianPicca", "id": 25284638, "node_id": "MDQ6VXNlcjI1Mjg0NjM4", "avatar_url": "https://avatars.githubusercontent.com/u/25284638?v=4", "gravatar_id": "", "url": "https://api.github.com/users/FlorianPicca", "html_url": "https://github.com/FlorianPicca", "followers_url": "https://api.github.com/users/FlorianPicca/followers", "following_url": "https://api.github.com/users/FlorianPicca/following{/other_user}", "gists_url": "https://api.github.com/users/FlorianPicca/gists{/gist_id}", "starred_url": "https://api.github.com/users/FlorianPicca/starred{/owner}{/repo}", "subscriptions_url": "https://api.github.com/users/FlorianPicca/subscriptions", "organizations_url": "https://api.github.com/users/FlorianPicca/orgs", "repos_url": "https://api.github.com/users/FlorianPicca/repos", "events_url": "https://api.github.com/users/FlorianPicca/events{/privacy}", "received_events_url": "https://api.github.com/users/FlorianPicca/received_events", "type": "User", "site_admin": false}, "committer": {"login": "FlorianPicca", "id": 25284638, "node_id": "MDQ6VXNlcjI1Mjg0NjM4", "avatar_url": "https://avatars.githubusercontent.com/u/25284638?v=4", "gravatar_id": "", "url": "https://api.github.com/users/FlorianPicca", "html_url": "https://github.com/FlorianPicca", "followers_url": "https://api.github.com/users/FlorianPicca/followers", "following_url": "https://api.github.com/users/FlorianPicca/following{/other_user}", "gists_url": "https://api.github.com/users/FlorianPicca/gists{/gist_id}", "starred_url": "https://api.github.com/users/FlorianPicca/starred{/owner}{/repo}", "subscriptions_url": "https://api.github.com/users/FlorianPicca/subscriptions", "organizations_url": "https://api.github.com/users/FlorianPicca/orgs", "repos_url": "https://api.github.com/users/FlorianPicca/repos", "events_url": "https://api.github.com/users/FlorianPicca/events{/privacy}", "received_events_url": "https://api.github.com/users/FlorianPicca/received_events", "type": "User", "site_admin": false}, "parents": [{"sha": "964e5e5e21096e47454fff90528d2fd9d565cd63", "url": "https://api.github.com/repos/FlorianPicca/JWT-Key-Recovery/commits/964e5e5e21096e47454fff90528d2fd9d565cd63", "html_url": "https://github.com/FlorianPicca/JWT-Key-Recovery/commit/964e5e5e21096e47454fff90528d2fd9d565cd63"}]}, {"sha": "964e5e5e21096e47454fff90528d2fd9d565cd63", "node_id": "MDY6Q29tbWl0MzQ1MjA4NDcyOjk2NGU1ZTVlMjEwOTZlNDc0NTRmZmY5MDUyOGQyZmQ5ZDU2NWNkNjM=", "commit": {"author": {"name": "ENOENT", "email": "FlorianPicca@users.noreply.github.com", "date": "2021-03-06T22:26:50Z"}, "committer": {"name": "GitHub", "email": "noreply@github.com", "date": "2021-03-06T22:26:50Z"}, "message": "Initial commit", "tree": {"sha": "8b70c751acaca60a476f4cbbbafc448d60fc704d", "url": "https://api.github.com/repos/FlorianPicca/JWT-Key-Recovery/git/trees/8b70c751acaca60a476f4cbbbafc448d60fc704d"}, "url": "https://api.github.com/repos/FlorianPicca/JWT-Key-Recovery/git/commits/964e5e5e21096e47454fff90528d2fd9d565cd63", "comment_count": 0, "verification": {"verified": true, "reason": "valid", "signature": "-----BEGIN PGP SIGNATURE-----\n\nwsBcBAABCAAQBQJgRAGqCRBK7hj4Ov3rIwAAdHIIAB/DyJuMDDKTq/6/82Jp1N/C\ncEOjPPSajZclAmXNGdKGyNJxCHxKOf9cpm1oSlDsui9+ZS2iryOx6GfNoJ/W+1Bn\npR6X2cU2B4e2VyNAeuuVPOZ21chKZ4gjbub+Jt6//9USFD709FQyiDXP4D3yC5pB\nJwl9zEGhnhzIRwiFDmX4i2kOEWlFkdHTQykr+pHtA8DMM5r2ezqVSCaaKFgKA1q3\nS38YB+lme0zszsw7V9sH0iOtfJv0vfMghj47NCVk3rD8LEQRzgSfpX3oMStv3M2r\nTCALoi7iAaTuRAqEmHPvpc2FPtshLZTgr8q/M2g8TE7dg3+KJ+UeP9dVMv1SsQI=\n=ZNvt\n-----END PGP SIGNATURE-----\n", "payload": "tree 8b70c751acaca60a476f4cbbbafc448d60fc704d\nauthor ENOENT <FlorianPicca@users.noreply.github.com> 1615069610 +0100\ncommitter GitHub <noreply@github.com> 1615069610 +0100\n\nInitial commit"}}, "url": "https://api.github.com/repos/FlorianPicca/JWT-Key-Recovery/commits/964e5e5e21096e47454fff90528d2fd9d565cd63", "html_url": "https://github.com/FlorianPicca/JWT-Key-Recovery/commit/964e5e5e21096e47454fff90528d2fd9d565cd63", "comments_url": "https://api.github.com/repos/FlorianPicca/JWT-Key-Recovery/commits/964e5e5e21096e47454fff90528d2fd9d565cd63/comments", "author": {"login": "FlorianPicca", "id": 25284638, "node_id": "MDQ6VXNlcjI1Mjg0NjM4", "avatar_url": "https://avatars.githubusercontent.com/u/25284638?v=4", "gravatar_id": "", "url": "https://api.github.com/users/FlorianPicca", "html_url": "https://github.com/FlorianPicca", "followers_url": "https://api.github.com/users/FlorianPicca/followers", "following_url": "https://api.github.com/users/FlorianPicca/following{/other_user}", "gists_url": "https://api.github.com/users/FlorianPicca/gists{/gist_id}", "starred_url": "https://api.github.com/users/FlorianPicca/starred{/owner}{/repo}", "subscriptions_url": "https://api.github.com/users/FlorianPicca/subscriptions", "organizations_url": "https://api.github.com/users/FlorianPicca/orgs", "repos_url": "https://api.github.com/users/FlorianPicca/repos", "events_url": "https://api.github.com/users/FlorianPicca/events{/privacy}", "received_events_url": "https://api.github.com/users/FlorianPicca/received_events", "type": "User", "site_admin": false}, "committer": {"login": "web-flow", "id": 19864447, "node_id": "MDQ6VXNlcjE5ODY0NDQ3", "avatar_url": "https://avatars.githubusercontent.com/u/19864447?v=4", "gravatar_id": "", "url": "https://api.github.com/users/web-flow", "html_url": "https://github.com/web-flow", "followers_url": "https://api.github.com/users/web-flow/followers", "following_url": "https://api.github.com/users/web-flow/following{/other_user}", "gists_url": "https://api.github.com/users/web-flow/gists{/gist_id}", "starred_url": "https://api.github.com/users/web-flow/starred{/owner}{/repo}", "subscriptions_url": "https://api.github.com/users/web-flow/subscriptions", "organizations_url": "https://api.github.com/users/web-flow/orgs", "repos_url": "https://api.github.com/users/web-flow/repos", "events_url": "https://api.github.com/users/web-flow/events{/privacy}", "received_events_url": "https://api.github.com/users/web-flow/received_events", "type": "User", "site_admin": false}, "parents": []}]