[{"sha": "361ecde663600d6f64953c920e1b3a6d61575297", "node_id": "MDY6Q29tbWl0MTY3ODI3Njk2OjM2MWVjZGU2NjM2MDBkNmY2NDk1M2M5MjBlMWIzYTZkNjE1NzUyOTc=", "commit": {"author": {"name": "Mike Lisi", "email": "mike@mikehacksthings.com", "date": "2019-07-18T19:55:32Z"}, "committer": {"name": "Mike Lisi", "email": "mike@mikehacksthings.com", "date": "2019-07-18T19:55:32Z"}, "message": "Bug fixes", "tree": {"sha": "6fc1bc998f20a95d86ae44fb93c41bbfdf8c861c", "url": "https://api.github.com/repos/mikehacksthings/jast/git/trees/6fc1bc998f20a95d86ae44fb93c41bbfdf8c861c"}, "url": "https://api.github.com/repos/mikehacksthings/jast/git/commits/361ecde663600d6f64953c920e1b3a6d61575297", "comment_count": 0, "verification": {"verified": false, "reason": "unsigned", "signature": null, "payload": null}}, "url": "https://api.github.com/repos/mikehacksthings/jast/commits/361ecde663600d6f64953c920e1b3a6d61575297", "html_url": "https://github.com/mikehacksthings/jast/commit/361ecde663600d6f64953c920e1b3a6d61575297", "comments_url": "https://api.github.com/repos/mikehacksthings/jast/commits/361ecde663600d6f64953c920e1b3a6d61575297/comments", "author": {"login": "mikehacksthings", "id": 32271483, "node_id": "MDQ6VXNlcjMyMjcxNDgz", "avatar_url": "https://avatars.githubusercontent.com/u/32271483?v=4", "gravatar_id": "", "url": "https://api.github.com/users/mikehacksthings", "html_url": "https://github.com/mikehacksthings", "followers_url": "https://api.github.com/users/mikehacksthings/followers", "following_url": "https://api.github.com/users/mikehacksthings/following{/other_user}", "gists_url": "https://api.github.com/users/mikehacksthings/gists{/gist_id}", "starred_url": "https://api.github.com/users/mikehacksthings/starred{/owner}{/repo}", "subscriptions_url": "https://api.github.com/users/mikehacksthings/subscriptions", "organizations_url": "https://api.github.com/users/mikehacksthings/orgs", "repos_url": "https://api.github.com/users/mikehacksthings/repos", "events_url": "https://api.github.com/users/mikehacksthings/events{/privacy}", "received_events_url": "https://api.github.com/users/mikehacksthings/received_events", "type": "User", "site_admin": false}, "committer": {"login": "mikehacksthings", "id": 32271483, "node_id": "MDQ6VXNlcjMyMjcxNDgz", "avatar_url": "https://avatars.githubusercontent.com/u/32271483?v=4", "gravatar_id": "", "url": "https://api.github.com/users/mikehacksthings", "html_url": "https://github.com/mikehacksthings", "followers_url": "https://api.github.com/users/mikehacksthings/followers", "following_url": "https://api.github.com/users/mikehacksthings/following{/other_user}", "gists_url": "https://api.github.com/users/mikehacksthings/gists{/gist_id}", "starred_url": "https://api.github.com/users/mikehacksthings/starred{/owner}{/repo}", "subscriptions_url": "https://api.github.com/users/mikehacksthings/subscriptions", "organizations_url": "https://api.github.com/users/mikehacksthings/orgs", "repos_url": "https://api.github.com/users/mikehacksthings/repos", "events_url": "https://api.github.com/users/mikehacksthings/events{/privacy}", "received_events_url": "https://api.github.com/users/mikehacksthings/received_events", "type": "User", "site_admin": false}, "parents": [{"sha": "c3cce86c8cd838c877bf809ca249c7ff2b89892f", "url": "https://api.github.com/repos/mikehacksthings/jast/commits/c3cce86c8cd838c877bf809ca249c7ff2b89892f", "html_url": "https://github.com/mikehacksthings/jast/commit/c3cce86c8cd838c877bf809ca249c7ff2b89892f"}]}, {"sha": "c3cce86c8cd838c877bf809ca249c7ff2b89892f", "node_id": "MDY6Q29tbWl0MTY3ODI3Njk2OmMzY2NlODZjOGNkODM4Yzg3N2JmODA5Y2EyNDljN2ZmMmI4OTg5MmY=", "commit": {"author": {"name": "Mike Lisi", "email": "mike@mikehacksthings.com", "date": "2019-07-18T19:54:05Z"}, "committer": {"name": "Mike Lisi", "email": "mike@mikehacksthings.com", "date": "2019-07-18T19:54:05Z"}, "message": "Bug fixes", "tree": {"sha": "9c29cc184f0185779b5d4093f56387b68858742a", "url": "https://api.github.com/repos/mikehacksthings/jast/git/trees/9c29cc184f0185779b5d4093f56387b68858742a"}, "url": "https://api.github.com/repos/mikehacksthings/jast/git/commits/c3cce86c8cd838c877bf809ca249c7ff2b89892f", "comment_count": 0, "verification": {"verified": false, "reason": "unsigned", "signature": null, "payload": null}}, "url": "https://api.github.com/repos/mikehacksthings/jast/commits/c3cce86c8cd838c877bf809ca249c7ff2b89892f", "html_url": "https://github.com/mikehacksthings/jast/commit/c3cce86c8cd838c877bf809ca249c7ff2b89892f", "comments_url": "https://api.github.com/repos/mikehacksthings/jast/commits/c3cce86c8cd838c877bf809ca249c7ff2b89892f/comments", "author": {"login": "mikehacksthings", "id": 32271483, "node_id": "MDQ6VXNlcjMyMjcxNDgz", "avatar_url": "https://avatars.githubusercontent.com/u/32271483?v=4", "gravatar_id": "", "url": "https://api.github.com/users/mikehacksthings", "html_url": "https://github.com/mikehacksthings", "followers_url": "https://api.github.com/users/mikehacksthings/followers", "following_url": "https://api.github.com/users/mikehacksthings/following{/other_user}", "gists_url": "https://api.github.com/users/mikehacksthings/gists{/gist_id}", "starred_url": "https://api.github.com/users/mikehacksthings/starred{/owner}{/repo}", "subscriptions_url": "https://api.github.com/users/mikehacksthings/subscriptions", "organizations_url": "https://api.github.com/users/mikehacksthings/orgs", "repos_url": "https://api.github.com/users/mikehacksthings/repos", "events_url": "https://api.github.com/users/mikehacksthings/events{/privacy}", "received_events_url": "https://api.github.com/users/mikehacksthings/received_events", "type": "User", "site_admin": false}, "committer": {"login": "mikehacksthings", "id": 32271483, "node_id": "MDQ6VXNlcjMyMjcxNDgz", "avatar_url": "https://avatars.githubusercontent.com/u/32271483?v=4", "gravatar_id": "", "url": "https://api.github.com/users/mikehacksthings", "html_url": "https://github.com/mikehacksthings", "followers_url": "https://api.github.com/users/mikehacksthings/followers", "following_url": "https://api.github.com/users/mikehacksthings/following{/other_user}", "gists_url": "https://api.github.com/users/mikehacksthings/gists{/gist_id}", "starred_url": "https://api.github.com/users/mikehacksthings/starred{/owner}{/repo}", "subscriptions_url": "https://api.github.com/users/mikehacksthings/subscriptions", "organizations_url": "https://api.github.com/users/mikehacksthings/orgs", "repos_url": "https://api.github.com/users/mikehacksthings/repos", "events_url": "https://api.github.com/users/mikehacksthings/events{/privacy}", "received_events_url": "https://api.github.com/users/mikehacksthings/received_events", "type": "User", "site_admin": false}, "parents": [{"sha": "ff9dddf58f61f6cfe5c03222a3e42666a0ade071", "url": "https://api.github.com/repos/mikehacksthings/jast/commits/ff9dddf58f61f6cfe5c03222a3e42666a0ade071", "html_url": "https://github.com/mikehacksthings/jast/commit/ff9dddf58f61f6cfe5c03222a3e42666a0ade071"}]}, {"sha": "ff9dddf58f61f6cfe5c03222a3e42666a0ade071", "node_id": "MDY6Q29tbWl0MTY3ODI3Njk2OmZmOWRkZGY1OGY2MWY2Y2ZlNWMwMzIyMmEzZTQyNjY2YTBhZGUwNzE=", "commit": {"author": {"name": "Mike Lisi", "email": "mike@mikehacksthings.com", "date": "2019-07-18T19:52:45Z"}, "committer": {"name": "Mike Lisi", "email": "mike@mikehacksthings.com", "date": "2019-07-18T19:52:45Z"}, "message": "Fixed output file overwrite bug.", "tree": {"sha": "5d3bb32cb45ee5832c0f39edb3dd14e2ecadb234", "url": "https://api.github.com/repos/mikehacksthings/jast/git/trees/5d3bb32cb45ee5832c0f39edb3dd14e2ecadb234"}, "url": "https://api.github.com/repos/mikehacksthings/jast/git/commits/ff9dddf58f61f6cfe5c03222a3e42666a0ade071", "comment_count": 0, "verification": {"verified": false, "reason": "unsigned", "signature": null, "payload": null}}, "url": "https://api.github.com/repos/mikehacksthings/jast/commits/ff9dddf58f61f6cfe5c03222a3e42666a0ade071", "html_url": "https://github.com/mikehacksthings/jast/commit/ff9dddf58f61f6cfe5c03222a3e42666a0ade071", "comments_url": "https://api.github.com/repos/mikehacksthings/jast/commits/ff9dddf58f61f6cfe5c03222a3e42666a0ade071/comments", "author": {"login": "mikehacksthings", "id": 32271483, "node_id": "MDQ6VXNlcjMyMjcxNDgz", "avatar_url": "https://avatars.githubusercontent.com/u/32271483?v=4", "gravatar_id": "", "url": "https://api.github.com/users/mikehacksthings", "html_url": "https://github.com/mikehacksthings", "followers_url": "https://api.github.com/users/mikehacksthings/followers", "following_url": "https://api.github.com/users/mikehacksthings/following{/other_user}", "gists_url": "https://api.github.com/users/mikehacksthings/gists{/gist_id}", "starred_url": "https://api.github.com/users/mikehacksthings/starred{/owner}{/repo}", "subscriptions_url": "https://api.github.com/users/mikehacksthings/subscriptions", "organizations_url": "https://api.github.com/users/mikehacksthings/orgs", "repos_url": "https://api.github.com/users/mikehacksthings/repos", "events_url": "https://api.github.com/users/mikehacksthings/events{/privacy}", "received_events_url": "https://api.github.com/users/mikehacksthings/received_events", "type": "User", "site_admin": false}, "committer": {"login": "mikehacksthings", "id": 32271483, "node_id": "MDQ6VXNlcjMyMjcxNDgz", "avatar_url": "https://avatars.githubusercontent.com/u/32271483?v=4", "gravatar_id": "", "url": "https://api.github.com/users/mikehacksthings", "html_url": "https://github.com/mikehacksthings", "followers_url": "https://api.github.com/users/mikehacksthings/followers", "following_url": "https://api.github.com/users/mikehacksthings/following{/other_user}", "gists_url": "https://api.github.com/users/mikehacksthings/gists{/gist_id}", "starred_url": "https://api.github.com/users/mikehacksthings/starred{/owner}{/repo}", "subscriptions_url": "https://api.github.com/users/mikehacksthings/subscriptions", "organizations_url": "https://api.github.com/users/mikehacksthings/orgs", "repos_url": "https://api.github.com/users/mikehacksthings/repos", "events_url": "https://api.github.com/users/mikehacksthings/events{/privacy}", "received_events_url": "https://api.github.com/users/mikehacksthings/received_events", "type": "User", "site_admin": false}, "parents": [{"sha": "bb6c8bdc5dcb765d624154cc35a7e871e5678fff", "url": "https://api.github.com/repos/mikehacksthings/jast/commits/bb6c8bdc5dcb765d624154cc35a7e871e5678fff", "html_url": "https://github.com/mikehacksthings/jast/commit/bb6c8bdc5dcb765d624154cc35a7e871e5678fff"}]}, {"sha": "bb6c8bdc5dcb765d624154cc35a7e871e5678fff", "node_id": "MDY6Q29tbWl0MTY3ODI3Njk2OmJiNmM4YmRjNWRjYjc2NWQ2MjQxNTRjYzM1YTdlODcxZTU2NzhmZmY=", "commit": {"author": {"name": "Mike Lisi", "email": "mike@mikehacksthings.com", "date": "2019-03-08T16:18:17Z"}, "committer": {"name": "Mike Lisi", "email": "mike@mikehacksthings.com", "date": "2019-03-08T16:18:17Z"}, "message": "Fixed Pipfile, added header.", "tree": {"sha": "34dd980b892cb17dc6afb21649799e33f7389384", "url": "https://api.github.com/repos/mikehacksthings/jast/git/trees/34dd980b892cb17dc6afb21649799e33f7389384"}, "url": "https://api.github.com/repos/mikehacksthings/jast/git/commits/bb6c8bdc5dcb765d624154cc35a7e871e5678fff", "comment_count": 0, "verification": {"verified": false, "reason": "unsigned", "signature": null, "payload": null}}, "url": "https://api.github.com/repos/mikehacksthings/jast/commits/bb6c8bdc5dcb765d624154cc35a7e871e5678fff", "html_url": "https://github.com/mikehacksthings/jast/commit/bb6c8bdc5dcb765d624154cc35a7e871e5678fff", "comments_url": "https://api.github.com/repos/mikehacksthings/jast/commits/bb6c8bdc5dcb765d624154cc35a7e871e5678fff/comments", "author": {"login": "mikehacksthings", "id": 32271483, "node_id": "MDQ6VXNlcjMyMjcxNDgz", "avatar_url": "https://avatars.githubusercontent.com/u/32271483?v=4", "gravatar_id": "", "url": "https://api.github.com/users/mikehacksthings", "html_url": "https://github.com/mikehacksthings", "followers_url": "https://api.github.com/users/mikehacksthings/followers", "following_url": "https://api.github.com/users/mikehacksthings/following{/other_user}", "gists_url": "https://api.github.com/users/mikehacksthings/gists{/gist_id}", "starred_url": "https://api.github.com/users/mikehacksthings/starred{/owner}{/repo}", "subscriptions_url": "https://api.github.com/users/mikehacksthings/subscriptions", "organizations_url": "https://api.github.com/users/mikehacksthings/orgs", "repos_url": "https://api.github.com/users/mikehacksthings/repos", "events_url": "https://api.github.com/users/mikehacksthings/events{/privacy}", "received_events_url": "https://api.github.com/users/mikehacksthings/received_events", "type": "User", "site_admin": false}, "committer": {"login": "mikehacksthings", "id": 32271483, "node_id": "MDQ6VXNlcjMyMjcxNDgz", "avatar_url": "https://avatars.githubusercontent.com/u/32271483?v=4", "gravatar_id": "", "url": "https://api.github.com/users/mikehacksthings", "html_url": "https://github.com/mikehacksthings", "followers_url": "https://api.github.com/users/mikehacksthings/followers", "following_url": "https://api.github.com/users/mikehacksthings/following{/other_user}", "gists_url": "https://api.github.com/users/mikehacksthings/gists{/gist_id}", "starred_url": "https://api.github.com/users/mikehacksthings/starred{/owner}{/repo}", "subscriptions_url": "https://api.github.com/users/mikehacksthings/subscriptions", "organizations_url": "https://api.github.com/users/mikehacksthings/orgs", "repos_url": "https://api.github.com/users/mikehacksthings/repos", "events_url": "https://api.github.com/users/mikehacksthings/events{/privacy}", "received_events_url": "https://api.github.com/users/mikehacksthings/received_events", "type": "User", "site_admin": false}, "parents": [{"sha": "58ab2e4da944304221d709518286d28b387cccf2", "url": "https://api.github.com/repos/mikehacksthings/jast/commits/58ab2e4da944304221d709518286d28b387cccf2", "html_url": "https://github.com/mikehacksthings/jast/commit/58ab2e4da944304221d709518286d28b387cccf2"}]}, {"sha": "58ab2e4da944304221d709518286d28b387cccf2", "node_id": "MDY6Q29tbWl0MTY3ODI3Njk2OjU4YWIyZTRkYTk0NDMwNDIyMWQ3MDk1MTgyODZkMjhiMzg3Y2NjZjI=", "commit": {"author": {"name": "Mike Lisi", "email": "mike@mikehacksthings.com", "date": "2019-03-08T15:58:19Z"}, "committer": {"name": "Mike Lisi", "email": "mike@mikehacksthings.com", "date": "2019-03-08T15:58:19Z"}, "message": "JAST v0.4\nAdded fancy new header.\nImages are now stored as base64, so report is a single file.\nAdded some extra output to indicate what's happening.\nNow works with Python >=3.4 (possibly lower)", "tree": {"sha": "2be2a2a01e66e6d6fefe52429d243b70ec9ff44f", "url": "https://api.github.com/repos/mikehacksthings/jast/git/trees/2be2a2a01e66e6d6fefe52429d243b70ec9ff44f"}, "url": "https://api.github.com/repos/mikehacksthings/jast/git/commits/58ab2e4da944304221d709518286d28b387cccf2", "comment_count": 0, "verification": {"verified": false, "reason": "unsigned", "signature": null, "payload": null}}, "url": "https://api.github.com/repos/mikehacksthings/jast/commits/58ab2e4da944304221d709518286d28b387cccf2", "html_url": "https://github.com/mikehacksthings/jast/commit/58ab2e4da944304221d709518286d28b387cccf2", "comments_url": "https://api.github.com/repos/mikehacksthings/jast/commits/58ab2e4da944304221d709518286d28b387cccf2/comments", "author": {"login": "mikehacksthings", "id": 32271483, "node_id": "MDQ6VXNlcjMyMjcxNDgz", "avatar_url": "https://avatars.githubusercontent.com/u/32271483?v=4", "gravatar_id": "", "url": "https://api.github.com/users/mikehacksthings", "html_url": "https://github.com/mikehacksthings", "followers_url": "https://api.github.com/users/mikehacksthings/followers", "following_url": "https://api.github.com/users/mikehacksthings/following{/other_user}", "gists_url": "https://api.github.com/users/mikehacksthings/gists{/gist_id}", "starred_url": "https://api.github.com/users/mikehacksthings/starred{/owner}{/repo}", "subscriptions_url": "https://api.github.com/users/mikehacksthings/subscriptions", "organizations_url": "https://api.github.com/users/mikehacksthings/orgs", "repos_url": "https://api.github.com/users/mikehacksthings/repos", "events_url": "https://api.github.com/users/mikehacksthings/events{/privacy}", "received_events_url": "https://api.github.com/users/mikehacksthings/received_events", "type": "User", "site_admin": false}, "committer": {"login": "mikehacksthings", "id": 32271483, "node_id": "MDQ6VXNlcjMyMjcxNDgz", "avatar_url": "https://avatars.githubusercontent.com/u/32271483?v=4", "gravatar_id": "", "url": "https://api.github.com/users/mikehacksthings", "html_url": "https://github.com/mikehacksthings", "followers_url": "https://api.github.com/users/mikehacksthings/followers", "following_url": "https://api.github.com/users/mikehacksthings/following{/other_user}", "gists_url": "https://api.github.com/users/mikehacksthings/gists{/gist_id}", "starred_url": "https://api.github.com/users/mikehacksthings/starred{/owner}{/repo}", "subscriptions_url": "https://api.github.com/users/mikehacksthings/subscriptions", "organizations_url": "https://api.github.com/users/mikehacksthings/orgs", "repos_url": "https://api.github.com/users/mikehacksthings/repos", "events_url": "https://api.github.com/users/mikehacksthings/events{/privacy}", "received_events_url": "https://api.github.com/users/mikehacksthings/received_events", "type": "User", "site_admin": false}, "parents": [{"sha": "39222244527a41829ba39fc28f2c831288b6378a", "url": "https://api.github.com/repos/mikehacksthings/jast/commits/39222244527a41829ba39fc28f2c831288b6378a", "html_url": "https://github.com/mikehacksthings/jast/commit/39222244527a41829ba39fc28f2c831288b6378a"}]}, {"sha": "39222244527a41829ba39fc28f2c831288b6378a", "node_id": "MDY6Q29tbWl0MTY3ODI3Njk2OjM5MjIyMjQ0NTI3YTQxODI5YmEzOWZjMjhmMmM4MzEyODhiNjM3OGE=", "commit": {"author": {"name": "Mike Lisi", "email": "mike@mikehacksthings.com", "date": "2019-02-19T03:23:48Z"}, "committer": {"name": "Mike Lisi", "email": "mike@mikehacksthings.com", "date": "2019-02-19T03:23:48Z"}, "message": "Added enhancement for issue_02.\nFixed formatting errors with report and command line output.", "tree": {"sha": "60cb1e0fc34e1a1f776feeb8c47ac462d58f9a89", "url": "https://api.github.com/repos/mikehacksthings/jast/git/trees/60cb1e0fc34e1a1f776feeb8c47ac462d58f9a89"}, "url": "https://api.github.com/repos/mikehacksthings/jast/git/commits/39222244527a41829ba39fc28f2c831288b6378a", "comment_count": 0, "verification": {"verified": false, "reason": "unsigned", "signature": null, "payload": null}}, "url": "https://api.github.com/repos/mikehacksthings/jast/commits/39222244527a41829ba39fc28f2c831288b6378a", "html_url": "https://github.com/mikehacksthings/jast/commit/39222244527a41829ba39fc28f2c831288b6378a", "comments_url": "https://api.github.com/repos/mikehacksthings/jast/commits/39222244527a41829ba39fc28f2c831288b6378a/comments", "author": {"login": "mikehacksthings", "id": 32271483, "node_id": "MDQ6VXNlcjMyMjcxNDgz", "avatar_url": "https://avatars.githubusercontent.com/u/32271483?v=4", "gravatar_id": "", "url": "https://api.github.com/users/mikehacksthings", "html_url": "https://github.com/mikehacksthings", "followers_url": "https://api.github.com/users/mikehacksthings/followers", "following_url": "https://api.github.com/users/mikehacksthings/following{/other_user}", "gists_url": "https://api.github.com/users/mikehacksthings/gists{/gist_id}", "starred_url": "https://api.github.com/users/mikehacksthings/starred{/owner}{/repo}", "subscriptions_url": "https://api.github.com/users/mikehacksthings/subscriptions", "organizations_url": "https://api.github.com/users/mikehacksthings/orgs", "repos_url": "https://api.github.com/users/mikehacksthings/repos", "events_url": "https://api.github.com/users/mikehacksthings/events{/privacy}", "received_events_url": "https://api.github.com/users/mikehacksthings/received_events", "type": "User", "site_admin": false}, "committer": {"login": "mikehacksthings", "id": 32271483, "node_id": "MDQ6VXNlcjMyMjcxNDgz", "avatar_url": "https://avatars.githubusercontent.com/u/32271483?v=4", "gravatar_id": "", "url": "https://api.github.com/users/mikehacksthings", "html_url": "https://github.com/mikehacksthings", "followers_url": "https://api.github.com/users/mikehacksthings/followers", "following_url": "https://api.github.com/users/mikehacksthings/following{/other_user}", "gists_url": "https://api.github.com/users/mikehacksthings/gists{/gist_id}", "starred_url": "https://api.github.com/users/mikehacksthings/starred{/owner}{/repo}", "subscriptions_url": "https://api.github.com/users/mikehacksthings/subscriptions", "organizations_url": "https://api.github.com/users/mikehacksthings/orgs", "repos_url": "https://api.github.com/users/mikehacksthings/repos", "events_url": "https://api.github.com/users/mikehacksthings/events{/privacy}", "received_events_url": "https://api.github.com/users/mikehacksthings/received_events", "type": "User", "site_admin": false}, "parents": [{"sha": "d78c4e8f028f4e6fb26fe1762bb7bc3e209e371d", "url": "https://api.github.com/repos/mikehacksthings/jast/commits/d78c4e8f028f4e6fb26fe1762bb7bc3e209e371d", "html_url": "https://github.com/mikehacksthings/jast/commit/d78c4e8f028f4e6fb26fe1762bb7bc3e209e371d"}]}, {"sha": "d78c4e8f028f4e6fb26fe1762bb7bc3e209e371d", "node_id": "MDY6Q29tbWl0MTY3ODI3Njk2OmQ3OGM0ZThmMDI4ZjRlNmZiMjZmZTE3NjJiYjdiYzNlMjA5ZTM3MWQ=", "commit": {"author": {"name": "Mike Lisi", "email": "mike@mikehacksthings.com", "date": "2019-02-16T19:35:38Z"}, "committer": {"name": "Mike Lisi", "email": "mike@mikehacksthings.com", "date": "2019-02-16T19:35:38Z"}, "message": "Implement enhancement for issue_02, added static terminal coloring", "tree": {"sha": "bd4ea63edb9b7ba5c69664253d37c50181e7c2e9", "url": "https://api.github.com/repos/mikehacksthings/jast/git/trees/bd4ea63edb9b7ba5c69664253d37c50181e7c2e9"}, "url": "https://api.github.com/repos/mikehacksthings/jast/git/commits/d78c4e8f028f4e6fb26fe1762bb7bc3e209e371d", "comment_count": 0, "verification": {"verified": false, "reason": "unsigned", "signature": null, "payload": null}}, "url": "https://api.github.com/repos/mikehacksthings/jast/commits/d78c4e8f028f4e6fb26fe1762bb7bc3e209e371d", "html_url": "https://github.com/mikehacksthings/jast/commit/d78c4e8f028f4e6fb26fe1762bb7bc3e209e371d", "comments_url": "https://api.github.com/repos/mikehacksthings/jast/commits/d78c4e8f028f4e6fb26fe1762bb7bc3e209e371d/comments", "author": {"login": "mikehacksthings", "id": 32271483, "node_id": "MDQ6VXNlcjMyMjcxNDgz", "avatar_url": "https://avatars.githubusercontent.com/u/32271483?v=4", "gravatar_id": "", "url": "https://api.github.com/users/mikehacksthings", "html_url": "https://github.com/mikehacksthings", "followers_url": "https://api.github.com/users/mikehacksthings/followers", "following_url": "https://api.github.com/users/mikehacksthings/following{/other_user}", "gists_url": "https://api.github.com/users/mikehacksthings/gists{/gist_id}", "starred_url": "https://api.github.com/users/mikehacksthings/starred{/owner}{/repo}", "subscriptions_url": "https://api.github.com/users/mikehacksthings/subscriptions", "organizations_url": "https://api.github.com/users/mikehacksthings/orgs", "repos_url": "https://api.github.com/users/mikehacksthings/repos", "events_url": "https://api.github.com/users/mikehacksthings/events{/privacy}", "received_events_url": "https://api.github.com/users/mikehacksthings/received_events", "type": "User", "site_admin": false}, "committer": {"login": "mikehacksthings", "id": 32271483, "node_id": "MDQ6VXNlcjMyMjcxNDgz", "avatar_url": "https://avatars.githubusercontent.com/u/32271483?v=4", "gravatar_id": "", "url": "https://api.github.com/users/mikehacksthings", "html_url": "https://github.com/mikehacksthings", "followers_url": "https://api.github.com/users/mikehacksthings/followers", "following_url": "https://api.github.com/users/mikehacksthings/following{/other_user}", "gists_url": "https://api.github.com/users/mikehacksthings/gists{/gist_id}", "starred_url": "https://api.github.com/users/mikehacksthings/starred{/owner}{/repo}", "subscriptions_url": "https://api.github.com/users/mikehacksthings/subscriptions", "organizations_url": "https://api.github.com/users/mikehacksthings/orgs", "repos_url": "https://api.github.com/users/mikehacksthings/repos", "events_url": "https://api.github.com/users/mikehacksthings/events{/privacy}", "received_events_url": "https://api.github.com/users/mikehacksthings/received_events", "type": "User", "site_admin": false}, "parents": [{"sha": "a09e2c92ff5b2fcdfc636d664c6b8a70c3e4b4d7", "url": "https://api.github.com/repos/mikehacksthings/jast/commits/a09e2c92ff5b2fcdfc636d664c6b8a70c3e4b4d7", "html_url": "https://github.com/mikehacksthings/jast/commit/a09e2c92ff5b2fcdfc636d664c6b8a70c3e4b4d7"}]}, {"sha": "a09e2c92ff5b2fcdfc636d664c6b8a70c3e4b4d7", "node_id": "MDY6Q29tbWl0MTY3ODI3Njk2OmEwOWUyYzkyZmY1YjJmY2RmYzYzNmQ2NjRjNmI4YTcwYzNlNGI0ZDc=", "commit": {"author": {"name": "Mike Lisi", "email": "mike@mikehacksthings.com", "date": "2019-02-14T18:40:54Z"}, "committer": {"name": "Mike Lisi", "email": "mike@mikehacksthings.com", "date": "2019-02-14T18:40:54Z"}, "message": "Updated report sample image.", "tree": {"sha": "1c23afb38bd30155b4520245cff2c125af4ef34a", "url": "https://api.github.com/repos/mikehacksthings/jast/git/trees/1c23afb38bd30155b4520245cff2c125af4ef34a"}, "url": "https://api.github.com/repos/mikehacksthings/jast/git/commits/a09e2c92ff5b2fcdfc636d664c6b8a70c3e4b4d7", "comment_count": 0, "verification": {"verified": false, "reason": "unsigned", "signature": null, "payload": null}}, "url": "https://api.github.com/repos/mikehacksthings/jast/commits/a09e2c92ff5b2fcdfc636d664c6b8a70c3e4b4d7", "html_url": "https://github.com/mikehacksthings/jast/commit/a09e2c92ff5b2fcdfc636d664c6b8a70c3e4b4d7", "comments_url": "https://api.github.com/repos/mikehacksthings/jast/commits/a09e2c92ff5b2fcdfc636d664c6b8a70c3e4b4d7/comments", "author": {"login": "mikehacksthings", "id": 32271483, "node_id": "MDQ6VXNlcjMyMjcxNDgz", "avatar_url": "https://avatars.githubusercontent.com/u/32271483?v=4", "gravatar_id": "", "url": "https://api.github.com/users/mikehacksthings", "html_url": "https://github.com/mikehacksthings", "followers_url": "https://api.github.com/users/mikehacksthings/followers", "following_url": "https://api.github.com/users/mikehacksthings/following{/other_user}", "gists_url": "https://api.github.com/users/mikehacksthings/gists{/gist_id}", "starred_url": "https://api.github.com/users/mikehacksthings/starred{/owner}{/repo}", "subscriptions_url": "https://api.github.com/users/mikehacksthings/subscriptions", "organizations_url": "https://api.github.com/users/mikehacksthings/orgs", "repos_url": "https://api.github.com/users/mikehacksthings/repos", "events_url": "https://api.github.com/users/mikehacksthings/events{/privacy}", "received_events_url": "https://api.github.com/users/mikehacksthings/received_events", "type": "User", "site_admin": false}, "committer": {"login": "mikehacksthings", "id": 32271483, "node_id": "MDQ6VXNlcjMyMjcxNDgz", "avatar_url": "https://avatars.githubusercontent.com/u/32271483?v=4", "gravatar_id": "", "url": "https://api.github.com/users/mikehacksthings", "html_url": "https://github.com/mikehacksthings", "followers_url": "https://api.github.com/users/mikehacksthings/followers", "following_url": "https://api.github.com/users/mikehacksthings/following{/other_user}", "gists_url": "https://api.github.com/users/mikehacksthings/gists{/gist_id}", "starred_url": "https://api.github.com/users/mikehacksthings/starred{/owner}{/repo}", "subscriptions_url": "https://api.github.com/users/mikehacksthings/subscriptions", "organizations_url": "https://api.github.com/users/mikehacksthings/orgs", "repos_url": "https://api.github.com/users/mikehacksthings/repos", "events_url": "https://api.github.com/users/mikehacksthings/events{/privacy}", "received_events_url": "https://api.github.com/users/mikehacksthings/received_events", "type": "User", "site_admin": false}, "parents": [{"sha": "5b21b060bb697984c72c7640c458de3934c11982", "url": "https://api.github.com/repos/mikehacksthings/jast/commits/5b21b060bb697984c72c7640c458de3934c11982", "html_url": "https://github.com/mikehacksthings/jast/commit/5b21b060bb697984c72c7640c458de3934c11982"}]}, {"sha": "5b21b060bb697984c72c7640c458de3934c11982", "node_id": "MDY6Q29tbWl0MTY3ODI3Njk2OjViMjFiMDYwYmI2OTc5ODRjNzJjNzY0MGM0NThkZTM5MzRjMTE5ODI=", "commit": {"author": {"name": "Mike Lisi", "email": "mike@mikehacksthings.com", "date": "2019-02-14T18:28:10Z"}, "committer": {"name": "Mike Lisi", "email": "mike@mikehacksthings.com", "date": "2019-02-14T18:28:10Z"}, "message": "Added report output example to README", "tree": {"sha": "60e75281051922210ec83aab91b966a52befdaf5", "url": "https://api.github.com/repos/mikehacksthings/jast/git/trees/60e75281051922210ec83aab91b966a52befdaf5"}, "url": "https://api.github.com/repos/mikehacksthings/jast/git/commits/5b21b060bb697984c72c7640c458de3934c11982", "comment_count": 0, "verification": {"verified": false, "reason": "unsigned", "signature": null, "payload": null}}, "url": "https://api.github.com/repos/mikehacksthings/jast/commits/5b21b060bb697984c72c7640c458de3934c11982", "html_url": "https://github.com/mikehacksthings/jast/commit/5b21b060bb697984c72c7640c458de3934c11982", "comments_url": "https://api.github.com/repos/mikehacksthings/jast/commits/5b21b060bb697984c72c7640c458de3934c11982/comments", "author": {"login": "mikehacksthings", "id": 32271483, "node_id": "MDQ6VXNlcjMyMjcxNDgz", "avatar_url": "https://avatars.githubusercontent.com/u/32271483?v=4", "gravatar_id": "", "url": "https://api.github.com/users/mikehacksthings", "html_url": "https://github.com/mikehacksthings", "followers_url": "https://api.github.com/users/mikehacksthings/followers", "following_url": "https://api.github.com/users/mikehacksthings/following{/other_user}", "gists_url": "https://api.github.com/users/mikehacksthings/gists{/gist_id}", "starred_url": "https://api.github.com/users/mikehacksthings/starred{/owner}{/repo}", "subscriptions_url": "https://api.github.com/users/mikehacksthings/subscriptions", "organizations_url": "https://api.github.com/users/mikehacksthings/orgs", "repos_url": "https://api.github.com/users/mikehacksthings/repos", "events_url": "https://api.github.com/users/mikehacksthings/events{/privacy}", "received_events_url": "https://api.github.com/users/mikehacksthings/received_events", "type": "User", "site_admin": false}, "committer": {"login": "mikehacksthings", "id": 32271483, "node_id": "MDQ6VXNlcjMyMjcxNDgz", "avatar_url": "https://avatars.githubusercontent.com/u/32271483?v=4", "gravatar_id": "", "url": "https://api.github.com/users/mikehacksthings", "html_url": "https://github.com/mikehacksthings", "followers_url": "https://api.github.com/users/mikehacksthings/followers", "following_url": "https://api.github.com/users/mikehacksthings/following{/other_user}", "gists_url": "https://api.github.com/users/mikehacksthings/gists{/gist_id}", "starred_url": "https://api.github.com/users/mikehacksthings/starred{/owner}{/repo}", "subscriptions_url": "https://api.github.com/users/mikehacksthings/subscriptions", "organizations_url": "https://api.github.com/users/mikehacksthings/orgs", "repos_url": "https://api.github.com/users/mikehacksthings/repos", "events_url": "https://api.github.com/users/mikehacksthings/events{/privacy}", "received_events_url": "https://api.github.com/users/mikehacksthings/received_events", "type": "User", "site_admin": false}, "parents": [{"sha": "0f5cdb48676468e281384014859aa166c303b66a", "url": "https://api.github.com/repos/mikehacksthings/jast/commits/0f5cdb48676468e281384014859aa166c303b66a", "html_url": "https://github.com/mikehacksthings/jast/commit/0f5cdb48676468e281384014859aa166c303b66a"}]}, {"sha": "0f5cdb48676468e281384014859aa166c303b66a", "node_id": "MDY6Q29tbWl0MTY3ODI3Njk2OjBmNWNkYjQ4Njc2NDY4ZTI4MTM4NDAxNDg1OWFhMTY2YzMwM2I2NmE=", "commit": {"author": {"name": "Mike Lisi", "email": "mike@mikehacksthings.com", "date": "2019-02-14T12:59:10Z"}, "committer": {"name": "Mike Lisi", "email": "mike@mikehacksthings.com", "date": "2019-02-14T12:59:10Z"}, "message": "Updated report imports", "tree": {"sha": "1903bfc264d5d7b3861d427e299f7410b219e0ec", "url": "https://api.github.com/repos/mikehacksthings/jast/git/trees/1903bfc264d5d7b3861d427e299f7410b219e0ec"}, "url": "https://api.github.com/repos/mikehacksthings/jast/git/commits/0f5cdb48676468e281384014859aa166c303b66a", "comment_count": 0, "verification": {"verified": false, "reason": "unsigned", "signature": null, "payload": null}}, "url": "https://api.github.com/repos/mikehacksthings/jast/commits/0f5cdb48676468e281384014859aa166c303b66a", "html_url": "https://github.com/mikehacksthings/jast/commit/0f5cdb48676468e281384014859aa166c303b66a", "comments_url": "https://api.github.com/repos/mikehacksthings/jast/commits/0f5cdb48676468e281384014859aa166c303b66a/comments", "author": {"login": "mikehacksthings", "id": 32271483, "node_id": "MDQ6VXNlcjMyMjcxNDgz", "avatar_url": "https://avatars.githubusercontent.com/u/32271483?v=4", "gravatar_id": "", "url": "https://api.github.com/users/mikehacksthings", "html_url": "https://github.com/mikehacksthings", "followers_url": "https://api.github.com/users/mikehacksthings/followers", "following_url": "https://api.github.com/users/mikehacksthings/following{/other_user}", "gists_url": "https://api.github.com/users/mikehacksthings/gists{/gist_id}", "starred_url": "https://api.github.com/users/mikehacksthings/starred{/owner}{/repo}", "subscriptions_url": "https://api.github.com/users/mikehacksthings/subscriptions", "organizations_url": "https://api.github.com/users/mikehacksthings/orgs", "repos_url": "https://api.github.com/users/mikehacksthings/repos", "events_url": "https://api.github.com/users/mikehacksthings/events{/privacy}", "received_events_url": "https://api.github.com/users/mikehacksthings/received_events", "type": "User", "site_admin": false}, "committer": {"login": "mikehacksthings", "id": 32271483, "node_id": "MDQ6VXNlcjMyMjcxNDgz", "avatar_url": "https://avatars.githubusercontent.com/u/32271483?v=4", "gravatar_id": "", "url": "https://api.github.com/users/mikehacksthings", "html_url": "https://github.com/mikehacksthings", "followers_url": "https://api.github.com/users/mikehacksthings/followers", "following_url": "https://api.github.com/users/mikehacksthings/following{/other_user}", "gists_url": "https://api.github.com/users/mikehacksthings/gists{/gist_id}", "starred_url": "https://api.github.com/users/mikehacksthings/starred{/owner}{/repo}", "subscriptions_url": "https://api.github.com/users/mikehacksthings/subscriptions", "organizations_url": "https://api.github.com/users/mikehacksthings/orgs", "repos_url": "https://api.github.com/users/mikehacksthings/repos", "events_url": "https://api.github.com/users/mikehacksthings/events{/privacy}", "received_events_url": "https://api.github.com/users/mikehacksthings/received_events", "type": "User", "site_admin": false}, "parents": [{"sha": "c8a8fda0ab9ca4614928429a0120d2c0f0d8304d", "url": "https://api.github.com/repos/mikehacksthings/jast/commits/c8a8fda0ab9ca4614928429a0120d2c0f0d8304d", "html_url": "https://github.com/mikehacksthings/jast/commit/c8a8fda0ab9ca4614928429a0120d2c0f0d8304d"}]}, {"sha": "c8a8fda0ab9ca4614928429a0120d2c0f0d8304d", "node_id": "MDY6Q29tbWl0MTY3ODI3Njk2OmM4YThmZGEwYWI5Y2E0NjE0OTI4NDI5YTAxMjBkMmMwZjBkODMwNGQ=", "commit": {"author": {"name": "Mike Lisi", "email": "mike@mikehacksthings.com", "date": "2019-02-14T12:52:13Z"}, "committer": {"name": "Mike Lisi", "email": "mike@mikehacksthings.com", "date": "2019-02-14T12:52:13Z"}, "message": "0.3.0 - Updated report output, refactored classes into separate files.", "tree": {"sha": "c25868c251515f27171c9f5cc9e4ed9c012ba608", "url": "https://api.github.com/repos/mikehacksthings/jast/git/trees/c25868c251515f27171c9f5cc9e4ed9c012ba608"}, "url": "https://api.github.com/repos/mikehacksthings/jast/git/commits/c8a8fda0ab9ca4614928429a0120d2c0f0d8304d", "comment_count": 0, "verification": {"verified": false, "reason": "unsigned", "signature": null, "payload": null}}, "url": "https://api.github.com/repos/mikehacksthings/jast/commits/c8a8fda0ab9ca4614928429a0120d2c0f0d8304d", "html_url": "https://github.com/mikehacksthings/jast/commit/c8a8fda0ab9ca4614928429a0120d2c0f0d8304d", "comments_url": "https://api.github.com/repos/mikehacksthings/jast/commits/c8a8fda0ab9ca4614928429a0120d2c0f0d8304d/comments", "author": {"login": "mikehacksthings", "id": 32271483, "node_id": "MDQ6VXNlcjMyMjcxNDgz", "avatar_url": "https://avatars.githubusercontent.com/u/32271483?v=4", "gravatar_id": "", "url": "https://api.github.com/users/mikehacksthings", "html_url": "https://github.com/mikehacksthings", "followers_url": "https://api.github.com/users/mikehacksthings/followers", "following_url": "https://api.github.com/users/mikehacksthings/following{/other_user}", "gists_url": "https://api.github.com/users/mikehacksthings/gists{/gist_id}", "starred_url": "https://api.github.com/users/mikehacksthings/starred{/owner}{/repo}", "subscriptions_url": "https://api.github.com/users/mikehacksthings/subscriptions", "organizations_url": "https://api.github.com/users/mikehacksthings/orgs", "repos_url": "https://api.github.com/users/mikehacksthings/repos", "events_url": "https://api.github.com/users/mikehacksthings/events{/privacy}", "received_events_url": "https://api.github.com/users/mikehacksthings/received_events", "type": "User", "site_admin": false}, "committer": {"login": "mikehacksthings", "id": 32271483, "node_id": "MDQ6VXNlcjMyMjcxNDgz", "avatar_url": "https://avatars.githubusercontent.com/u/32271483?v=4", "gravatar_id": "", "url": "https://api.github.com/users/mikehacksthings", "html_url": "https://github.com/mikehacksthings", "followers_url": "https://api.github.com/users/mikehacksthings/followers", "following_url": "https://api.github.com/users/mikehacksthings/following{/other_user}", "gists_url": "https://api.github.com/users/mikehacksthings/gists{/gist_id}", "starred_url": "https://api.github.com/users/mikehacksthings/starred{/owner}{/repo}", "subscriptions_url": "https://api.github.com/users/mikehacksthings/subscriptions", "organizations_url": "https://api.github.com/users/mikehacksthings/orgs", "repos_url": "https://api.github.com/users/mikehacksthings/repos", "events_url": "https://api.github.com/users/mikehacksthings/events{/privacy}", "received_events_url": "https://api.github.com/users/mikehacksthings/received_events", "type": "User", "site_admin": false}, "parents": [{"sha": "cb02fa08b77af28f4d9b7ec7a09283d4ad0a5635", "url": "https://api.github.com/repos/mikehacksthings/jast/commits/cb02fa08b77af28f4d9b7ec7a09283d4ad0a5635", "html_url": "https://github.com/mikehacksthings/jast/commit/cb02fa08b77af28f4d9b7ec7a09283d4ad0a5635"}]}, {"sha": "cb02fa08b77af28f4d9b7ec7a09283d4ad0a5635", "node_id": "MDY6Q29tbWl0MTY3ODI3Njk2OmNiMDJmYTA4Yjc3YWYyOGY0ZDliN2VjN2EwOTI4M2Q0YWQwYTU2MzU=", "commit": {"author": {"name": "Mike Lisi", "email": "mike@mikehacksthings.com", "date": "2019-02-14T03:52:53Z"}, "committer": {"name": "Mike Lisi", "email": "mike@mikehacksthings.com", "date": "2019-02-14T03:52:53Z"}, "message": "Updated report format.", "tree": {"sha": "4cebc8356b8d39a7eb6434615eb7a9835bc0e901", "url": "https://api.github.com/repos/mikehacksthings/jast/git/trees/4cebc8356b8d39a7eb6434615eb7a9835bc0e901"}, "url": "https://api.github.com/repos/mikehacksthings/jast/git/commits/cb02fa08b77af28f4d9b7ec7a09283d4ad0a5635", "comment_count": 0, "verification": {"verified": false, "reason": "unsigned", "signature": null, "payload": null}}, "url": "https://api.github.com/repos/mikehacksthings/jast/commits/cb02fa08b77af28f4d9b7ec7a09283d4ad0a5635", "html_url": "https://github.com/mikehacksthings/jast/commit/cb02fa08b77af28f4d9b7ec7a09283d4ad0a5635", "comments_url": "https://api.github.com/repos/mikehacksthings/jast/commits/cb02fa08b77af28f4d9b7ec7a09283d4ad0a5635/comments", "author": {"login": "mikehacksthings", "id": 32271483, "node_id": "MDQ6VXNlcjMyMjcxNDgz", "avatar_url": "https://avatars.githubusercontent.com/u/32271483?v=4", "gravatar_id": "", "url": "https://api.github.com/users/mikehacksthings", "html_url": "https://github.com/mikehacksthings", "followers_url": "https://api.github.com/users/mikehacksthings/followers", "following_url": "https://api.github.com/users/mikehacksthings/following{/other_user}", "gists_url": "https://api.github.com/users/mikehacksthings/gists{/gist_id}", "starred_url": "https://api.github.com/users/mikehacksthings/starred{/owner}{/repo}", "subscriptions_url": "https://api.github.com/users/mikehacksthings/subscriptions", "organizations_url": "https://api.github.com/users/mikehacksthings/orgs", "repos_url": "https://api.github.com/users/mikehacksthings/repos", "events_url": "https://api.github.com/users/mikehacksthings/events{/privacy}", "received_events_url": "https://api.github.com/users/mikehacksthings/received_events", "type": "User", "site_admin": false}, "committer": {"login": "mikehacksthings", "id": 32271483, "node_id": "MDQ6VXNlcjMyMjcxNDgz", "avatar_url": "https://avatars.githubusercontent.com/u/32271483?v=4", "gravatar_id": "", "url": "https://api.github.com/users/mikehacksthings", "html_url": "https://github.com/mikehacksthings", "followers_url": "https://api.github.com/users/mikehacksthings/followers", "following_url": "https://api.github.com/users/mikehacksthings/following{/other_user}", "gists_url": "https://api.github.com/users/mikehacksthings/gists{/gist_id}", "starred_url": "https://api.github.com/users/mikehacksthings/starred{/owner}{/repo}", "subscriptions_url": "https://api.github.com/users/mikehacksthings/subscriptions", "organizations_url": "https://api.github.com/users/mikehacksthings/orgs", "repos_url": "https://api.github.com/users/mikehacksthings/repos", "events_url": "https://api.github.com/users/mikehacksthings/events{/privacy}", "received_events_url": "https://api.github.com/users/mikehacksthings/received_events", "type": "User", "site_admin": false}, "parents": [{"sha": "8406f0074e51ac49b70632cec357772f1b4be5ac", "url": "https://api.github.com/repos/mikehacksthings/jast/commits/8406f0074e51ac49b70632cec357772f1b4be5ac", "html_url": "https://github.com/mikehacksthings/jast/commit/8406f0074e51ac49b70632cec357772f1b4be5ac"}]}, {"sha": "8406f0074e51ac49b70632cec357772f1b4be5ac", "node_id": "MDY6Q29tbWl0MTY3ODI3Njk2Ojg0MDZmMDA3NGU1MWFjNDliNzA2MzJjZWMzNTc3NzJmMWI0YmU1YWM=", "commit": {"author": {"name": "Mike Lisi", "email": "mike@mikehacksthings.com", "date": "2019-02-14T03:14:19Z"}, "committer": {"name": "Mike Lisi", "email": "mike@mikehacksthings.com", "date": "2019-02-14T03:14:19Z"}, "message": "Updated version info.", "tree": {"sha": "c6a45d0db86746ee72305c40b3b66216dc2549a5", "url": "https://api.github.com/repos/mikehacksthings/jast/git/trees/c6a45d0db86746ee72305c40b3b66216dc2549a5"}, "url": "https://api.github.com/repos/mikehacksthings/jast/git/commits/8406f0074e51ac49b70632cec357772f1b4be5ac", "comment_count": 0, "verification": {"verified": false, "reason": "unsigned", "signature": null, "payload": null}}, "url": "https://api.github.com/repos/mikehacksthings/jast/commits/8406f0074e51ac49b70632cec357772f1b4be5ac", "html_url": "https://github.com/mikehacksthings/jast/commit/8406f0074e51ac49b70632cec357772f1b4be5ac", "comments_url": "https://api.github.com/repos/mikehacksthings/jast/commits/8406f0074e51ac49b70632cec357772f1b4be5ac/comments", "author": {"login": "mikehacksthings", "id": 32271483, "node_id": "MDQ6VXNlcjMyMjcxNDgz", "avatar_url": "https://avatars.githubusercontent.com/u/32271483?v=4", "gravatar_id": "", "url": "https://api.github.com/users/mikehacksthings", "html_url": "https://github.com/mikehacksthings", "followers_url": "https://api.github.com/users/mikehacksthings/followers", "following_url": "https://api.github.com/users/mikehacksthings/following{/other_user}", "gists_url": "https://api.github.com/users/mikehacksthings/gists{/gist_id}", "starred_url": "https://api.github.com/users/mikehacksthings/starred{/owner}{/repo}", "subscriptions_url": "https://api.github.com/users/mikehacksthings/subscriptions", "organizations_url": "https://api.github.com/users/mikehacksthings/orgs", "repos_url": "https://api.github.com/users/mikehacksthings/repos", "events_url": "https://api.github.com/users/mikehacksthings/events{/privacy}", "received_events_url": "https://api.github.com/users/mikehacksthings/received_events", "type": "User", "site_admin": false}, "committer": {"login": "mikehacksthings", "id": 32271483, "node_id": "MDQ6VXNlcjMyMjcxNDgz", "avatar_url": "https://avatars.githubusercontent.com/u/32271483?v=4", "gravatar_id": "", "url": "https://api.github.com/users/mikehacksthings", "html_url": "https://github.com/mikehacksthings", "followers_url": "https://api.github.com/users/mikehacksthings/followers", "following_url": "https://api.github.com/users/mikehacksthings/following{/other_user}", "gists_url": "https://api.github.com/users/mikehacksthings/gists{/gist_id}", "starred_url": "https://api.github.com/users/mikehacksthings/starred{/owner}{/repo}", "subscriptions_url": "https://api.github.com/users/mikehacksthings/subscriptions", "organizations_url": "https://api.github.com/users/mikehacksthings/orgs", "repos_url": "https://api.github.com/users/mikehacksthings/repos", "events_url": "https://api.github.com/users/mikehacksthings/events{/privacy}", "received_events_url": "https://api.github.com/users/mikehacksthings/received_events", "type": "User", "site_admin": false}, "parents": [{"sha": "cd10d51145c01b00ff2f468d6eca43bffb7baa89", "url": "https://api.github.com/repos/mikehacksthings/jast/commits/cd10d51145c01b00ff2f468d6eca43bffb7baa89", "html_url": "https://github.com/mikehacksthings/jast/commit/cd10d51145c01b00ff2f468d6eca43bffb7baa89"}]}, {"sha": "cd10d51145c01b00ff2f468d6eca43bffb7baa89", "node_id": "MDY6Q29tbWl0MTY3ODI3Njk2OmNkMTBkNTExNDVjMDFiMDBmZjJmNDY4ZDZlY2E0M2JmZmI3YmFhODk=", "commit": {"author": {"name": "Mike Lisi", "email": "mike@mikehacksthings.com", "date": "2019-02-14T03:12:50Z"}, "committer": {"name": "Mike Lisi", "email": "mike@mikehacksthings.com", "date": "2019-02-14T03:12:50Z"}, "message": "Fixed screenshot image bug when not specifying full path.\nFixed timeout bug to abandon request from non-responsive server.", "tree": {"sha": "d77c70477137db6fdafbdde81ab138b2a2f24ccb", "url": "https://api.github.com/repos/mikehacksthings/jast/git/trees/d77c70477137db6fdafbdde81ab138b2a2f24ccb"}, "url": "https://api.github.com/repos/mikehacksthings/jast/git/commits/cd10d51145c01b00ff2f468d6eca43bffb7baa89", "comment_count": 0, "verification": {"verified": false, "reason": "unsigned", "signature": null, "payload": null}}, "url": "https://api.github.com/repos/mikehacksthings/jast/commits/cd10d51145c01b00ff2f468d6eca43bffb7baa89", "html_url": "https://github.com/mikehacksthings/jast/commit/cd10d51145c01b00ff2f468d6eca43bffb7baa89", "comments_url": "https://api.github.com/repos/mikehacksthings/jast/commits/cd10d51145c01b00ff2f468d6eca43bffb7baa89/comments", "author": {"login": "mikehacksthings", "id": 32271483, "node_id": "MDQ6VXNlcjMyMjcxNDgz", "avatar_url": "https://avatars.githubusercontent.com/u/32271483?v=4", "gravatar_id": "", "url": "https://api.github.com/users/mikehacksthings", "html_url": "https://github.com/mikehacksthings", "followers_url": "https://api.github.com/users/mikehacksthings/followers", "following_url": "https://api.github.com/users/mikehacksthings/following{/other_user}", "gists_url": "https://api.github.com/users/mikehacksthings/gists{/gist_id}", "starred_url": "https://api.github.com/users/mikehacksthings/starred{/owner}{/repo}", "subscriptions_url": "https://api.github.com/users/mikehacksthings/subscriptions", "organizations_url": "https://api.github.com/users/mikehacksthings/orgs", "repos_url": "https://api.github.com/users/mikehacksthings/repos", "events_url": "https://api.github.com/users/mikehacksthings/events{/privacy}", "received_events_url": "https://api.github.com/users/mikehacksthings/received_events", "type": "User", "site_admin": false}, "committer": {"login": "mikehacksthings", "id": 32271483, "node_id": "MDQ6VXNlcjMyMjcxNDgz", "avatar_url": "https://avatars.githubusercontent.com/u/32271483?v=4", "gravatar_id": "", "url": "https://api.github.com/users/mikehacksthings", "html_url": "https://github.com/mikehacksthings", "followers_url": "https://api.github.com/users/mikehacksthings/followers", "following_url": "https://api.github.com/users/mikehacksthings/following{/other_user}", "gists_url": "https://api.github.com/users/mikehacksthings/gists{/gist_id}", "starred_url": "https://api.github.com/users/mikehacksthings/starred{/owner}{/repo}", "subscriptions_url": "https://api.github.com/users/mikehacksthings/subscriptions", "organizations_url": "https://api.github.com/users/mikehacksthings/orgs", "repos_url": "https://api.github.com/users/mikehacksthings/repos", "events_url": "https://api.github.com/users/mikehacksthings/events{/privacy}", "received_events_url": "https://api.github.com/users/mikehacksthings/received_events", "type": "User", "site_admin": false}, "parents": [{"sha": "e29d714b0931f60ba3ecee140744ff33fa4645ef", "url": "https://api.github.com/repos/mikehacksthings/jast/commits/e29d714b0931f60ba3ecee140744ff33fa4645ef", "html_url": "https://github.com/mikehacksthings/jast/commit/e29d714b0931f60ba3ecee140744ff33fa4645ef"}]}, {"sha": "e29d714b0931f60ba3ecee140744ff33fa4645ef", "node_id": "MDY6Q29tbWl0MTY3ODI3Njk2OmUyOWQ3MTRiMDkzMWY2MGJhM2VjZWUxNDA3NDRmZjMzZmE0NjQ1ZWY=", "commit": {"author": {"name": "Mike Lisi", "email": "mike@mikehacksthings.com", "date": "2019-01-28T00:55:42Z"}, "committer": {"name": "Mike Lisi", "email": "mike@mikehacksthings.com", "date": "2019-01-28T00:55:42Z"}, "message": "Removed timeout functionality for now. May re-add later.", "tree": {"sha": "7c319084592621fd1015a5fb170c674d6ff907bd", "url": "https://api.github.com/repos/mikehacksthings/jast/git/trees/7c319084592621fd1015a5fb170c674d6ff907bd"}, "url": "https://api.github.com/repos/mikehacksthings/jast/git/commits/e29d714b0931f60ba3ecee140744ff33fa4645ef", "comment_count": 0, "verification": {"verified": false, "reason": "unsigned", "signature": null, "payload": null}}, "url": "https://api.github.com/repos/mikehacksthings/jast/commits/e29d714b0931f60ba3ecee140744ff33fa4645ef", "html_url": "https://github.com/mikehacksthings/jast/commit/e29d714b0931f60ba3ecee140744ff33fa4645ef", "comments_url": "https://api.github.com/repos/mikehacksthings/jast/commits/e29d714b0931f60ba3ecee140744ff33fa4645ef/comments", "author": {"login": "mikehacksthings", "id": 32271483, "node_id": "MDQ6VXNlcjMyMjcxNDgz", "avatar_url": "https://avatars.githubusercontent.com/u/32271483?v=4", "gravatar_id": "", "url": "https://api.github.com/users/mikehacksthings", "html_url": "https://github.com/mikehacksthings", "followers_url": "https://api.github.com/users/mikehacksthings/followers", "following_url": "https://api.github.com/users/mikehacksthings/following{/other_user}", "gists_url": "https://api.github.com/users/mikehacksthings/gists{/gist_id}", "starred_url": "https://api.github.com/users/mikehacksthings/starred{/owner}{/repo}", "subscriptions_url": "https://api.github.com/users/mikehacksthings/subscriptions", "organizations_url": "https://api.github.com/users/mikehacksthings/orgs", "repos_url": "https://api.github.com/users/mikehacksthings/repos", "events_url": "https://api.github.com/users/mikehacksthings/events{/privacy}", "received_events_url": "https://api.github.com/users/mikehacksthings/received_events", "type": "User", "site_admin": false}, "committer": {"login": "mikehacksthings", "id": 32271483, "node_id": "MDQ6VXNlcjMyMjcxNDgz", "avatar_url": "https://avatars.githubusercontent.com/u/32271483?v=4", "gravatar_id": "", "url": "https://api.github.com/users/mikehacksthings", "html_url": "https://github.com/mikehacksthings", "followers_url": "https://api.github.com/users/mikehacksthings/followers", "following_url": "https://api.github.com/users/mikehacksthings/following{/other_user}", "gists_url": "https://api.github.com/users/mikehacksthings/gists{/gist_id}", "starred_url": "https://api.github.com/users/mikehacksthings/starred{/owner}{/repo}", "subscriptions_url": "https://api.github.com/users/mikehacksthings/subscriptions", "organizations_url": "https://api.github.com/users/mikehacksthings/orgs", "repos_url": "https://api.github.com/users/mikehacksthings/repos", "events_url": "https://api.github.com/users/mikehacksthings/events{/privacy}", "received_events_url": "https://api.github.com/users/mikehacksthings/received_events", "type": "User", "site_admin": false}, "parents": [{"sha": "fd42500662a0c8483e7173a3ae85cd18919d54b9", "url": "https://api.github.com/repos/mikehacksthings/jast/commits/fd42500662a0c8483e7173a3ae85cd18919d54b9", "html_url": "https://github.com/mikehacksthings/jast/commit/fd42500662a0c8483e7173a3ae85cd18919d54b9"}]}, {"sha": "fd42500662a0c8483e7173a3ae85cd18919d54b9", "node_id": "MDY6Q29tbWl0MTY3ODI3Njk2OmZkNDI1MDA2NjJhMGM4NDgzZTcxNzNhM2FlODVjZDE4OTE5ZDU0Yjk=", "commit": {"author": {"name": "Mike Lisi", "email": "mike@mikehacksthings.com", "date": "2019-01-27T16:03:28Z"}, "committer": {"name": "Mike Lisi", "email": "mike@mikehacksthings.com", "date": "2019-01-27T16:03:28Z"}, "message": "JAST (Just Another Screenshot Tool) v0.1.0", "tree": {"sha": "e253db62a3a2ca4438217667c3531575ffb61792", "url": "https://api.github.com/repos/mikehacksthings/jast/git/trees/e253db62a3a2ca4438217667c3531575ffb61792"}, "url": "https://api.github.com/repos/mikehacksthings/jast/git/commits/fd42500662a0c8483e7173a3ae85cd18919d54b9", "comment_count": 0, "verification": {"verified": false, "reason": "unsigned", "signature": null, "payload": null}}, "url": "https://api.github.com/repos/mikehacksthings/jast/commits/fd42500662a0c8483e7173a3ae85cd18919d54b9", "html_url": "https://github.com/mikehacksthings/jast/commit/fd42500662a0c8483e7173a3ae85cd18919d54b9", "comments_url": "https://api.github.com/repos/mikehacksthings/jast/commits/fd42500662a0c8483e7173a3ae85cd18919d54b9/comments", "author": {"login": "mikehacksthings", "id": 32271483, "node_id": "MDQ6VXNlcjMyMjcxNDgz", "avatar_url": "https://avatars.githubusercontent.com/u/32271483?v=4", "gravatar_id": "", "url": "https://api.github.com/users/mikehacksthings", "html_url": "https://github.com/mikehacksthings", "followers_url": "https://api.github.com/users/mikehacksthings/followers", "following_url": "https://api.github.com/users/mikehacksthings/following{/other_user}", "gists_url": "https://api.github.com/users/mikehacksthings/gists{/gist_id}", "starred_url": "https://api.github.com/users/mikehacksthings/starred{/owner}{/repo}", "subscriptions_url": "https://api.github.com/users/mikehacksthings/subscriptions", "organizations_url": "https://api.github.com/users/mikehacksthings/orgs", "repos_url": "https://api.github.com/users/mikehacksthings/repos", "events_url": "https://api.github.com/users/mikehacksthings/events{/privacy}", "received_events_url": "https://api.github.com/users/mikehacksthings/received_events", "type": "User", "site_admin": false}, "committer": {"login": "mikehacksthings", "id": 32271483, "node_id": "MDQ6VXNlcjMyMjcxNDgz", "avatar_url": "https://avatars.githubusercontent.com/u/32271483?v=4", "gravatar_id": "", "url": "https://api.github.com/users/mikehacksthings", "html_url": "https://github.com/mikehacksthings", "followers_url": "https://api.github.com/users/mikehacksthings/followers", "following_url": "https://api.github.com/users/mikehacksthings/following{/other_user}", "gists_url": "https://api.github.com/users/mikehacksthings/gists{/gist_id}", "starred_url": "https://api.github.com/users/mikehacksthings/starred{/owner}{/repo}", "subscriptions_url": "https://api.github.com/users/mikehacksthings/subscriptions", "organizations_url": "https://api.github.com/users/mikehacksthings/orgs", "repos_url": "https://api.github.com/users/mikehacksthings/repos", "events_url": "https://api.github.com/users/mikehacksthings/events{/privacy}", "received_events_url": "https://api.github.com/users/mikehacksthings/received_events", "type": "User", "site_admin": false}, "parents": [{"sha": "a2f844925aae4af69fc795ffda02b4f1c90d1a95", "url": "https://api.github.com/repos/mikehacksthings/jast/commits/a2f844925aae4af69fc795ffda02b4f1c90d1a95", "html_url": "https://github.com/mikehacksthings/jast/commit/a2f844925aae4af69fc795ffda02b4f1c90d1a95"}]}, {"sha": "a2f844925aae4af69fc795ffda02b4f1c90d1a95", "node_id": "MDY6Q29tbWl0MTY3ODI3Njk2OmEyZjg0NDkyNWFhZTRhZjY5ZmM3OTVmZmRhMDJiNGYxYzkwZDFhOTU=", "commit": {"author": {"name": "Mike Lisi", "email": "mike@mikehacksthings.com", "date": "2019-01-27T16:01:24Z"}, "committer": {"name": "GitHub", "email": "noreply@github.com", "date": "2019-01-27T16:01:24Z"}, "message": "Initial commit", "tree": {"sha": "95d0a32bc9e69c2a4765597fda93f71da17f4208", "url": "https://api.github.com/repos/mikehacksthings/jast/git/trees/95d0a32bc9e69c2a4765597fda93f71da17f4208"}, "url": "https://api.github.com/repos/mikehacksthings/jast/git/commits/a2f844925aae4af69fc795ffda02b4f1c90d1a95", "comment_count": 0, "verification": {"verified": true, "reason": "valid", "signature": "-----BEGIN PGP SIGNATURE-----\n\nwsBcBAABCAAQBQJcTdXUCRBK7hj4Ov3rIwAAdHIIALFT4Vyaa2pge4dbmASm8cS3\nRuxw0RnjwifSMwyL7zJV0oVsjVs7foMiU30CFfJ9TZbmrcvGmt+xCLMjQvXA29G6\nKGSd36w+GQgfYaXV0/2UDwDu/Sip7lUEHNFKq6nYO4+33NUZnCI2QlR+3z30xkA/\nsNCPHLV/1QtkzPz9UvwSret32iEa54vfCLPWf/ose4yBuWrOadCMaAMiLc5OvnnG\nFZv9lPH2dUJ6pZ9y32reTTsRojjwpW6GgqGtYNwD97PK3djqVVy0/Bw+FR9TiF4y\nk37nQls7bumdvhSJwRa9k5/ijgrAWxQwDFPjV+8t/qnZyAb+Kgg5KMrKqH+/Mas=\n=1lXS\n-----END PGP SIGNATURE-----\n", "payload": "tree 95d0a32bc9e69c2a4765597fda93f71da17f4208\nauthor Mike Lisi <mike@mikehacksthings.com> 1548604884 -0500\ncommitter GitHub <noreply@github.com> 1548604884 -0500\n\nInitial commit"}}, "url": "https://api.github.com/repos/mikehacksthings/jast/commits/a2f844925aae4af69fc795ffda02b4f1c90d1a95", "html_url": "https://github.com/mikehacksthings/jast/commit/a2f844925aae4af69fc795ffda02b4f1c90d1a95", "comments_url": "https://api.github.com/repos/mikehacksthings/jast/commits/a2f844925aae4af69fc795ffda02b4f1c90d1a95/comments", "author": {"login": "mikehacksthings", "id": 32271483, "node_id": "MDQ6VXNlcjMyMjcxNDgz", "avatar_url": "https://avatars.githubusercontent.com/u/32271483?v=4", "gravatar_id": "", "url": "https://api.github.com/users/mikehacksthings", "html_url": "https://github.com/mikehacksthings", "followers_url": "https://api.github.com/users/mikehacksthings/followers", "following_url": "https://api.github.com/users/mikehacksthings/following{/other_user}", "gists_url": "https://api.github.com/users/mikehacksthings/gists{/gist_id}", "starred_url": "https://api.github.com/users/mikehacksthings/starred{/owner}{/repo}", "subscriptions_url": "https://api.github.com/users/mikehacksthings/subscriptions", "organizations_url": "https://api.github.com/users/mikehacksthings/orgs", "repos_url": "https://api.github.com/users/mikehacksthings/repos", "events_url": "https://api.github.com/users/mikehacksthings/events{/privacy}", "received_events_url": "https://api.github.com/users/mikehacksthings/received_events", "type": "User", "site_admin": false}, "committer": {"login": "web-flow", "id": 19864447, "node_id": "MDQ6VXNlcjE5ODY0NDQ3", "avatar_url": "https://avatars.githubusercontent.com/u/19864447?v=4", "gravatar_id": "", "url": "https://api.github.com/users/web-flow", "html_url": "https://github.com/web-flow", "followers_url": "https://api.github.com/users/web-flow/followers", "following_url": "https://api.github.com/users/web-flow/following{/other_user}", "gists_url": "https://api.github.com/users/web-flow/gists{/gist_id}", "starred_url": "https://api.github.com/users/web-flow/starred{/owner}{/repo}", "subscriptions_url": "https://api.github.com/users/web-flow/subscriptions", "organizations_url": "https://api.github.com/users/web-flow/orgs", "repos_url": "https://api.github.com/users/web-flow/repos", "events_url": "https://api.github.com/users/web-flow/events{/privacy}", "received_events_url": "https://api.github.com/users/web-flow/received_events", "type": "User", "site_admin": false}, "parents": []}]