[{"sha": "ed95e1a9a920e04733a2950f7de0ff5bdfec631c", "node_id": "MDY6Q29tbWl0MzM0NjA4MDE6ZWQ5NWUxYTlhOTIwZTA0NzMzYTI5NTBmN2RlMGZmNWJkZmVjNjMxYw==", "commit": {"author": {"name": "Brendan Dolan-Gavitt", "email": "brendandg@gatech.edu", "date": "2017-08-01T15:08:56Z"}, "committer": {"name": "GitHub", "email": "noreply@github.com", "date": "2017-08-01T15:08:56Z"}, "message": "Merge pull request #7 from cclauss/patch-1\n\ndef close(): --> def close(self):", "tree": {"sha": "26d60f9dcc0baca572ae1cfb2dffa522e76b34cd", "url": "https://api.github.com/repos/moyix/creddump/git/trees/26d60f9dcc0baca572ae1cfb2dffa522e76b34cd"}, "url": "https://api.github.com/repos/moyix/creddump/git/commits/ed95e1a9a920e04733a2950f7de0ff5bdfec631c", "comment_count": 0, "verification": {"verified": false, "reason": "unsigned", "signature": null, "payload": null}}, "url": "https://api.github.com/repos/moyix/creddump/commits/ed95e1a9a920e04733a2950f7de0ff5bdfec631c", "html_url": "https://github.com/moyix/creddump/commit/ed95e1a9a920e04733a2950f7de0ff5bdfec631c", "comments_url": "https://api.github.com/repos/moyix/creddump/commits/ed95e1a9a920e04733a2950f7de0ff5bdfec631c/comments", "author": {"login": "moyix", "id": 34380, "node_id": "MDQ6VXNlcjM0Mzgw", "avatar_url": "https://avatars.githubusercontent.com/u/34380?v=4", "gravatar_id": "", "url": "https://api.github.com/users/moyix", "html_url": "https://github.com/moyix", "followers_url": "https://api.github.com/users/moyix/followers", "following_url": "https://api.github.com/users/moyix/following{/other_user}", "gists_url": "https://api.github.com/users/moyix/gists{/gist_id}", "starred_url": "https://api.github.com/users/moyix/starred{/owner}{/repo}", "subscriptions_url": "https://api.github.com/users/moyix/subscriptions", "organizations_url": "https://api.github.com/users/moyix/orgs", "repos_url": "https://api.github.com/users/moyix/repos", "events_url": "https://api.github.com/users/moyix/events{/privacy}", "received_events_url": "https://api.github.com/users/moyix/received_events", "type": "User", "site_admin": false}, "committer": {"login": "web-flow", "id": 19864447, "node_id": "MDQ6VXNlcjE5ODY0NDQ3", "avatar_url": "https://avatars.githubusercontent.com/u/19864447?v=4", "gravatar_id": "", "url": "https://api.github.com/users/web-flow", "html_url": "https://github.com/web-flow", "followers_url": "https://api.github.com/users/web-flow/followers", "following_url": "https://api.github.com/users/web-flow/following{/other_user}", "gists_url": "https://api.github.com/users/web-flow/gists{/gist_id}", "starred_url": "https://api.github.com/users/web-flow/starred{/owner}{/repo}", "subscriptions_url": "https://api.github.com/users/web-flow/subscriptions", "organizations_url": "https://api.github.com/users/web-flow/orgs", "repos_url": "https://api.github.com/users/web-flow/repos", "events_url": "https://api.github.com/users/web-flow/events{/privacy}", "received_events_url": "https://api.github.com/users/web-flow/received_events", "type": "User", "site_admin": false}, "parents": [{"sha": "74e2587d0d06982040a7fa98f003fbf56347ec5b", "url": "https://api.github.com/repos/moyix/creddump/commits/74e2587d0d06982040a7fa98f003fbf56347ec5b", "html_url": "https://github.com/moyix/creddump/commit/74e2587d0d06982040a7fa98f003fbf56347ec5b"}, {"sha": "7434e92678ed4fe36574c11924eaa03ec3a09a61", "url": "https://api.github.com/repos/moyix/creddump/commits/7434e92678ed4fe36574c11924eaa03ec3a09a61", "html_url": "https://github.com/moyix/creddump/commit/7434e92678ed4fe36574c11924eaa03ec3a09a61"}]}, {"sha": "7434e92678ed4fe36574c11924eaa03ec3a09a61", "node_id": "MDY6Q29tbWl0MzM0NjA4MDE6NzQzNGU5MjY3OGVkNGZlMzY1NzRjMTE5MjRlYWEwM2VjM2EwOWE2MQ==", "commit": {"author": {"name": "cclauss", "email": "cclauss@bluewin.ch", "date": "2017-08-01T13:56:19Z"}, "committer": {"name": "GitHub", "email": "noreply@github.com", "date": "2017-08-01T13:56:19Z"}, "message": "def close(): --> def close(self):\n\nResolves an undefined name error on the next line.", "tree": {"sha": "26d60f9dcc0baca572ae1cfb2dffa522e76b34cd", "url": "https://api.github.com/repos/moyix/creddump/git/trees/26d60f9dcc0baca572ae1cfb2dffa522e76b34cd"}, "url": "https://api.github.com/repos/moyix/creddump/git/commits/7434e92678ed4fe36574c11924eaa03ec3a09a61", "comment_count": 0, "verification": {"verified": false, "reason": "unsigned", "signature": null, "payload": null}}, "url": "https://api.github.com/repos/moyix/creddump/commits/7434e92678ed4fe36574c11924eaa03ec3a09a61", "html_url": "https://github.com/moyix/creddump/commit/7434e92678ed4fe36574c11924eaa03ec3a09a61", "comments_url": "https://api.github.com/repos/moyix/creddump/commits/7434e92678ed4fe36574c11924eaa03ec3a09a61/comments", "author": null, "committer": {"login": "web-flow", "id": 19864447, "node_id": "MDQ6VXNlcjE5ODY0NDQ3", "avatar_url": "https://avatars.githubusercontent.com/u/19864447?v=4", "gravatar_id": "", "url": "https://api.github.com/users/web-flow", "html_url": "https://github.com/web-flow", "followers_url": "https://api.github.com/users/web-flow/followers", "following_url": "https://api.github.com/users/web-flow/following{/other_user}", "gists_url": "https://api.github.com/users/web-flow/gists{/gist_id}", "starred_url": "https://api.github.com/users/web-flow/starred{/owner}{/repo}", "subscriptions_url": "https://api.github.com/users/web-flow/subscriptions", "organizations_url": "https://api.github.com/users/web-flow/orgs", "repos_url": "https://api.github.com/users/web-flow/repos", "events_url": "https://api.github.com/users/web-flow/events{/privacy}", "received_events_url": "https://api.github.com/users/web-flow/received_events", "type": "User", "site_admin": false}, "parents": [{"sha": "74e2587d0d06982040a7fa98f003fbf56347ec5b", "url": "https://api.github.com/repos/moyix/creddump/commits/74e2587d0d06982040a7fa98f003fbf56347ec5b", "html_url": "https://github.com/moyix/creddump/commit/74e2587d0d06982040a7fa98f003fbf56347ec5b"}]}, {"sha": "74e2587d0d06982040a7fa98f003fbf56347ec5b", "node_id": "MDY6Q29tbWl0MzM0NjA4MDE6NzRlMjU4N2QwZDA2OTgyMDQwYTdmYTk4ZjAwM2ZiZjU2MzQ3ZWM1Yg==", "commit": {"author": {"name": "mooyix@gmail.com", "email": "mooyix@gmail.com@2c544d3d-9e46-0410-ac25-ffa4d3bd5198", "date": "2012-08-01T14:52:35Z"}, "committer": {"name": "mooyix@gmail.com", "email": "mooyix@gmail.com@2c544d3d-9e46-0410-ac25-ffa4d3bd5198", "date": "2012-08-01T14:52:35Z"}, "message": "Putting this stuff in SVN. Corresponds to 0.3.", "tree": {"sha": "04fc15e25060f4ac897559705c464ab4b91ecc08", "url": "https://api.github.com/repos/moyix/creddump/git/trees/04fc15e25060f4ac897559705c464ab4b91ecc08"}, "url": "https://api.github.com/repos/moyix/creddump/git/commits/74e2587d0d06982040a7fa98f003fbf56347ec5b", "comment_count": 0, "verification": {"verified": false, "reason": "unsigned", "signature": null, "payload": null}}, "url": "https://api.github.com/repos/moyix/creddump/commits/74e2587d0d06982040a7fa98f003fbf56347ec5b", "html_url": "https://github.com/moyix/creddump/commit/74e2587d0d06982040a7fa98f003fbf56347ec5b", "comments_url": "https://api.github.com/repos/moyix/creddump/commits/74e2587d0d06982040a7fa98f003fbf56347ec5b/comments", "author": null, "committer": null, "parents": []}]