[{"sha": "cd502fc43e8a24da94d1877d75318154498d64a1", "node_id": "MDY6Q29tbWl0MzE1NjEzNzY3OmNkNTAyZmM0M2U4YTI0ZGE5NGQxODc3ZDc1MzE4MTU0NDk4ZDY0YTE=", "commit": {"author": {"name": "ReverendThing", "email": "ictcmn@hotmail.com", "date": "2020-12-03T13:39:39Z"}, "committer": {"name": "ReverendThing", "email": "ictcmn@hotmail.com", "date": "2020-12-03T13:39:39Z"}, "message": "License header added", "tree": {"sha": "b692f8964018b969dad34d1faf0981475cffadca", "url": "https://api.github.com/repos/nccgroup/Carnivore/git/trees/b692f8964018b969dad34d1faf0981475cffadca"}, "url": "https://api.github.com/repos/nccgroup/Carnivore/git/commits/cd502fc43e8a24da94d1877d75318154498d64a1", "comment_count": 0, "verification": {"verified": false, "reason": "unsigned", "signature": null, "payload": null}}, "url": "https://api.github.com/repos/nccgroup/Carnivore/commits/cd502fc43e8a24da94d1877d75318154498d64a1", "html_url": "https://github.com/nccgroup/Carnivore/commit/cd502fc43e8a24da94d1877d75318154498d64a1", "comments_url": "https://api.github.com/repos/nccgroup/Carnivore/commits/cd502fc43e8a24da94d1877d75318154498d64a1/comments", "author": {"login": "ReverendThing", "id": 29659964, "node_id": "MDQ6VXNlcjI5NjU5OTY0", "avatar_url": "https://avatars.githubusercontent.com/u/29659964?v=4", "gravatar_id": "", "url": "https://api.github.com/users/ReverendThing", "html_url": "https://github.com/ReverendThing", "followers_url": "https://api.github.com/users/ReverendThing/followers", "following_url": "https://api.github.com/users/ReverendThing/following{/other_user}", "gists_url": "https://api.github.com/users/ReverendThing/gists{/gist_id}", "starred_url": "https://api.github.com/users/ReverendThing/starred{/owner}{/repo}", "subscriptions_url": "https://api.github.com/users/ReverendThing/subscriptions", "organizations_url": "https://api.github.com/users/ReverendThing/orgs", "repos_url": "https://api.github.com/users/ReverendThing/repos", "events_url": "https://api.github.com/users/ReverendThing/events{/privacy}", "received_events_url": "https://api.github.com/users/ReverendThing/received_events", "type": "User", "site_admin": false}, "committer": {"login": "ReverendThing", "id": 29659964, "node_id": "MDQ6VXNlcjI5NjU5OTY0", "avatar_url": "https://avatars.githubusercontent.com/u/29659964?v=4", "gravatar_id": "", "url": "https://api.github.com/users/ReverendThing", "html_url": "https://github.com/ReverendThing", "followers_url": "https://api.github.com/users/ReverendThing/followers", "following_url": "https://api.github.com/users/ReverendThing/following{/other_user}", "gists_url": "https://api.github.com/users/ReverendThing/gists{/gist_id}", "starred_url": "https://api.github.com/users/ReverendThing/starred{/owner}{/repo}", "subscriptions_url": "https://api.github.com/users/ReverendThing/subscriptions", "organizations_url": "https://api.github.com/users/ReverendThing/orgs", "repos_url": "https://api.github.com/users/ReverendThing/repos", "events_url": "https://api.github.com/users/ReverendThing/events{/privacy}", "received_events_url": "https://api.github.com/users/ReverendThing/received_events", "type": "User", "site_admin": false}, "parents": [{"sha": "3ba8078e6abbe4833b166ceb5b0807f80ea18c1f", "url": "https://api.github.com/repos/nccgroup/Carnivore/commits/3ba8078e6abbe4833b166ceb5b0807f80ea18c1f", "html_url": "https://github.com/nccgroup/Carnivore/commit/3ba8078e6abbe4833b166ceb5b0807f80ea18c1f"}]}, {"sha": "3ba8078e6abbe4833b166ceb5b0807f80ea18c1f", "node_id": "MDY6Q29tbWl0MzE1NjEzNzY3OjNiYTgwNzhlNmFiYmU0ODMzYjE2NmNlYjViMDgwN2Y4MGVhMThjMWY=", "commit": {"author": {"name": "ReverendThing", "email": "ictcmn@hotmail.com", "date": "2020-12-03T13:29:48Z"}, "committer": {"name": "ReverendThing", "email": "ictcmn@hotmail.com", "date": "2020-12-03T13:29:48Z"}, "message": "License header", "tree": {"sha": "773b97f066a668d1f3174a789a891b1469d04d5b", "url": "https://api.github.com/repos/nccgroup/Carnivore/git/trees/773b97f066a668d1f3174a789a891b1469d04d5b"}, "url": "https://api.github.com/repos/nccgroup/Carnivore/git/commits/3ba8078e6abbe4833b166ceb5b0807f80ea18c1f", "comment_count": 0, "verification": {"verified": false, "reason": "unsigned", "signature": null, "payload": null}}, "url": "https://api.github.com/repos/nccgroup/Carnivore/commits/3ba8078e6abbe4833b166ceb5b0807f80ea18c1f", "html_url": "https://github.com/nccgroup/Carnivore/commit/3ba8078e6abbe4833b166ceb5b0807f80ea18c1f", "comments_url": "https://api.github.com/repos/nccgroup/Carnivore/commits/3ba8078e6abbe4833b166ceb5b0807f80ea18c1f/comments", "author": {"login": "ReverendThing", "id": 29659964, "node_id": "MDQ6VXNlcjI5NjU5OTY0", "avatar_url": "https://avatars.githubusercontent.com/u/29659964?v=4", "gravatar_id": "", "url": "https://api.github.com/users/ReverendThing", "html_url": "https://github.com/ReverendThing", "followers_url": "https://api.github.com/users/ReverendThing/followers", "following_url": "https://api.github.com/users/ReverendThing/following{/other_user}", "gists_url": "https://api.github.com/users/ReverendThing/gists{/gist_id}", "starred_url": "https://api.github.com/users/ReverendThing/starred{/owner}{/repo}", "subscriptions_url": "https://api.github.com/users/ReverendThing/subscriptions", "organizations_url": "https://api.github.com/users/ReverendThing/orgs", "repos_url": "https://api.github.com/users/ReverendThing/repos", "events_url": "https://api.github.com/users/ReverendThing/events{/privacy}", "received_events_url": "https://api.github.com/users/ReverendThing/received_events", "type": "User", "site_admin": false}, "committer": {"login": "ReverendThing", "id": 29659964, "node_id": "MDQ6VXNlcjI5NjU5OTY0", "avatar_url": "https://avatars.githubusercontent.com/u/29659964?v=4", "gravatar_id": "", "url": "https://api.github.com/users/ReverendThing", "html_url": "https://github.com/ReverendThing", "followers_url": "https://api.github.com/users/ReverendThing/followers", "following_url": "https://api.github.com/users/ReverendThing/following{/other_user}", "gists_url": "https://api.github.com/users/ReverendThing/gists{/gist_id}", "starred_url": "https://api.github.com/users/ReverendThing/starred{/owner}{/repo}", "subscriptions_url": "https://api.github.com/users/ReverendThing/subscriptions", "organizations_url": "https://api.github.com/users/ReverendThing/orgs", "repos_url": "https://api.github.com/users/ReverendThing/repos", "events_url": "https://api.github.com/users/ReverendThing/events{/privacy}", "received_events_url": "https://api.github.com/users/ReverendThing/received_events", "type": "User", "site_admin": false}, "parents": [{"sha": "75affc266eb02b7ac59e24e15f5a7a9f719bd29e", "url": "https://api.github.com/repos/nccgroup/Carnivore/commits/75affc266eb02b7ac59e24e15f5a7a9f719bd29e", "html_url": "https://github.com/nccgroup/Carnivore/commit/75affc266eb02b7ac59e24e15f5a7a9f719bd29e"}]}, {"sha": "75affc266eb02b7ac59e24e15f5a7a9f719bd29e", "node_id": "MDY6Q29tbWl0MzE1NjEzNzY3Ojc1YWZmYzI2NmViMDJiN2FjNTllMjRlMTVmNWE3YTlmNzE5YmQyOWU=", "commit": {"author": {"name": "ReverendThing", "email": "ictcmn@hotmail.com", "date": "2020-11-25T12:24:58Z"}, "committer": {"name": "ReverendThing", "email": "ictcmn@hotmail.com", "date": "2020-11-25T12:24:58Z"}, "message": "Initial commit", "tree": {"sha": "e3f1af61b148ca6ad41c3c179fd981f8c1e5f631", "url": "https://api.github.com/repos/nccgroup/Carnivore/git/trees/e3f1af61b148ca6ad41c3c179fd981f8c1e5f631"}, "url": "https://api.github.com/repos/nccgroup/Carnivore/git/commits/75affc266eb02b7ac59e24e15f5a7a9f719bd29e", "comment_count": 0, "verification": {"verified": false, "reason": "unsigned", "signature": null, "payload": null}}, "url": "https://api.github.com/repos/nccgroup/Carnivore/commits/75affc266eb02b7ac59e24e15f5a7a9f719bd29e", "html_url": "https://github.com/nccgroup/Carnivore/commit/75affc266eb02b7ac59e24e15f5a7a9f719bd29e", "comments_url": "https://api.github.com/repos/nccgroup/Carnivore/commits/75affc266eb02b7ac59e24e15f5a7a9f719bd29e/comments", "author": {"login": "ReverendThing", "id": 29659964, "node_id": "MDQ6VXNlcjI5NjU5OTY0", "avatar_url": "https://avatars.githubusercontent.com/u/29659964?v=4", "gravatar_id": "", "url": "https://api.github.com/users/ReverendThing", "html_url": "https://github.com/ReverendThing", "followers_url": "https://api.github.com/users/ReverendThing/followers", "following_url": "https://api.github.com/users/ReverendThing/following{/other_user}", "gists_url": "https://api.github.com/users/ReverendThing/gists{/gist_id}", "starred_url": "https://api.github.com/users/ReverendThing/starred{/owner}{/repo}", "subscriptions_url": "https://api.github.com/users/ReverendThing/subscriptions", "organizations_url": "https://api.github.com/users/ReverendThing/orgs", "repos_url": "https://api.github.com/users/ReverendThing/repos", "events_url": "https://api.github.com/users/ReverendThing/events{/privacy}", "received_events_url": "https://api.github.com/users/ReverendThing/received_events", "type": "User", "site_admin": false}, "committer": {"login": "ReverendThing", "id": 29659964, "node_id": "MDQ6VXNlcjI5NjU5OTY0", "avatar_url": "https://avatars.githubusercontent.com/u/29659964?v=4", "gravatar_id": "", "url": "https://api.github.com/users/ReverendThing", "html_url": "https://github.com/ReverendThing", "followers_url": "https://api.github.com/users/ReverendThing/followers", "following_url": "https://api.github.com/users/ReverendThing/following{/other_user}", "gists_url": "https://api.github.com/users/ReverendThing/gists{/gist_id}", "starred_url": "https://api.github.com/users/ReverendThing/starred{/owner}{/repo}", "subscriptions_url": "https://api.github.com/users/ReverendThing/subscriptions", "organizations_url": "https://api.github.com/users/ReverendThing/orgs", "repos_url": "https://api.github.com/users/ReverendThing/repos", "events_url": "https://api.github.com/users/ReverendThing/events{/privacy}", "received_events_url": "https://api.github.com/users/ReverendThing/received_events", "type": "User", "site_admin": false}, "parents": []}]