[{"sha": "41f2f0b587ed2fe008271e1f7b5ddec82ac0a0af", "node_id": "MDY6Q29tbWl0MTA0NjY4MjU4OjQxZjJmMGI1ODdlZDJmZTAwODI3MWUxZjdiNWRkZWM4MmFjMGEwYWY=", "commit": {"author": {"name": "Nicky Bloor", "email": "insaneboarder234@gmail.com", "date": "2017-09-28T22:37:50Z"}, "committer": {"name": "Nicky Bloor", "email": "insaneboarder234@gmail.com", "date": "2017-09-28T22:37:50Z"}, "message": "Added JMX deserialization attack and improved some exception handling.", "tree": {"sha": "a8115b01cd2ed08a6e27580d6328859c8b952814", "url": "https://api.github.com/repos/NickstaDB/BaRMIe/git/trees/a8115b01cd2ed08a6e27580d6328859c8b952814"}, "url": "https://api.github.com/repos/NickstaDB/BaRMIe/git/commits/41f2f0b587ed2fe008271e1f7b5ddec82ac0a0af", "comment_count": 0, "verification": {"verified": false, "reason": "unsigned", "signature": null, "payload": null}}, "url": "https://api.github.com/repos/NickstaDB/BaRMIe/commits/41f2f0b587ed2fe008271e1f7b5ddec82ac0a0af", "html_url": "https://github.com/NickstaDB/BaRMIe/commit/41f2f0b587ed2fe008271e1f7b5ddec82ac0a0af", "comments_url": "https://api.github.com/repos/NickstaDB/BaRMIe/commits/41f2f0b587ed2fe008271e1f7b5ddec82ac0a0af/comments", "author": null, "committer": null, "parents": [{"sha": "619e79bd3c2ca443656888579b749b2a7dec15b2", "url": "https://api.github.com/repos/NickstaDB/BaRMIe/commits/619e79bd3c2ca443656888579b749b2a7dec15b2", "html_url": "https://github.com/NickstaDB/BaRMIe/commit/619e79bd3c2ca443656888579b749b2a7dec15b2"}]}, {"sha": "619e79bd3c2ca443656888579b749b2a7dec15b2", "node_id": "MDY6Q29tbWl0MTA0NjY4MjU4OjYxOWU3OWJkM2MyY2E0NDM2NTY4ODg1NzliNzQ5YjJhN2RlYzE1YjI=", "commit": {"author": {"name": "Nicky Bloor", "email": "insaneboarder234@gmail.com", "date": "2017-09-28T22:34:34Z"}, "committer": {"name": "Nicky Bloor", "email": "insaneboarder234@gmail.com", "date": "2017-09-28T22:34:34Z"}, "message": "Added JMX deserialization attack and improved some exception handling.", "tree": {"sha": "9091725747542ee7a24d9d3ece93b353be72dd31", "url": "https://api.github.com/repos/NickstaDB/BaRMIe/git/trees/9091725747542ee7a24d9d3ece93b353be72dd31"}, "url": "https://api.github.com/repos/NickstaDB/BaRMIe/git/commits/619e79bd3c2ca443656888579b749b2a7dec15b2", "comment_count": 0, "verification": {"verified": false, "reason": "unsigned", "signature": null, "payload": null}}, "url": "https://api.github.com/repos/NickstaDB/BaRMIe/commits/619e79bd3c2ca443656888579b749b2a7dec15b2", "html_url": "https://github.com/NickstaDB/BaRMIe/commit/619e79bd3c2ca443656888579b749b2a7dec15b2", "comments_url": "https://api.github.com/repos/NickstaDB/BaRMIe/commits/619e79bd3c2ca443656888579b749b2a7dec15b2/comments", "author": null, "committer": null, "parents": [{"sha": "df434c253f3296fbb5f0f30b8318d7766b636c3b", "url": "https://api.github.com/repos/NickstaDB/BaRMIe/commits/df434c253f3296fbb5f0f30b8318d7766b636c3b", "html_url": "https://github.com/NickstaDB/BaRMIe/commit/df434c253f3296fbb5f0f30b8318d7766b636c3b"}]}, {"sha": "df434c253f3296fbb5f0f30b8318d7766b636c3b", "node_id": "MDY6Q29tbWl0MTA0NjY4MjU4OmRmNDM0YzI1M2YzMjk2ZmJiNWYwZjMwYjgzMThkNzc2NmI2MzZjM2I=", "commit": {"author": {"name": "Nicky Bloor", "email": "insaneboarder234@gmail.com", "date": "2017-09-28T22:32:05Z"}, "committer": {"name": "Nicky Bloor", "email": "insaneboarder234@gmail.com", "date": "2017-09-28T22:32:05Z"}, "message": "Added JMX deserialization attack and improved some exception handling.", "tree": {"sha": "83abf45a3ac19b540e095f8a271bbbd277a4af68", "url": "https://api.github.com/repos/NickstaDB/BaRMIe/git/trees/83abf45a3ac19b540e095f8a271bbbd277a4af68"}, "url": "https://api.github.com/repos/NickstaDB/BaRMIe/git/commits/df434c253f3296fbb5f0f30b8318d7766b636c3b", "comment_count": 0, "verification": {"verified": false, "reason": "unsigned", "signature": null, "payload": null}}, "url": "https://api.github.com/repos/NickstaDB/BaRMIe/commits/df434c253f3296fbb5f0f30b8318d7766b636c3b", "html_url": "https://github.com/NickstaDB/BaRMIe/commit/df434c253f3296fbb5f0f30b8318d7766b636c3b", "comments_url": "https://api.github.com/repos/NickstaDB/BaRMIe/commits/df434c253f3296fbb5f0f30b8318d7766b636c3b/comments", "author": null, "committer": null, "parents": [{"sha": "5389edb45b0f4334b9feec7ca1aee81edb056c98", "url": "https://api.github.com/repos/NickstaDB/BaRMIe/commits/5389edb45b0f4334b9feec7ca1aee81edb056c98", "html_url": "https://github.com/NickstaDB/BaRMIe/commit/5389edb45b0f4334b9feec7ca1aee81edb056c98"}]}, {"sha": "5389edb45b0f4334b9feec7ca1aee81edb056c98", "node_id": "MDY6Q29tbWl0MTA0NjY4MjU4OjUzODllZGI0NWIwZjQzMzRiOWZlZWM3Y2ExYWVlODFlZGIwNTZjOTg=", "commit": {"author": {"name": "Nicky Bloor", "email": "insaneboarder234@gmail.com", "date": "2017-09-24T23:04:16Z"}, "committer": {"name": "Nicky Bloor", "email": "insaneboarder234@gmail.com", "date": "2017-09-24T23:04:16Z"}, "message": "Updated readme.", "tree": {"sha": "c100627e28fe0260cc49c0a220d48b1310227e2c", "url": "https://api.github.com/repos/NickstaDB/BaRMIe/git/trees/c100627e28fe0260cc49c0a220d48b1310227e2c"}, "url": "https://api.github.com/repos/NickstaDB/BaRMIe/git/commits/5389edb45b0f4334b9feec7ca1aee81edb056c98", "comment_count": 0, "verification": {"verified": false, "reason": "unsigned", "signature": null, "payload": null}}, "url": "https://api.github.com/repos/NickstaDB/BaRMIe/commits/5389edb45b0f4334b9feec7ca1aee81edb056c98", "html_url": "https://github.com/NickstaDB/BaRMIe/commit/5389edb45b0f4334b9feec7ca1aee81edb056c98", "comments_url": "https://api.github.com/repos/NickstaDB/BaRMIe/commits/5389edb45b0f4334b9feec7ca1aee81edb056c98/comments", "author": null, "committer": null, "parents": [{"sha": "28b876289d189e3fa0fb063562acb6a3e0af1105", "url": "https://api.github.com/repos/NickstaDB/BaRMIe/commits/28b876289d189e3fa0fb063562acb6a3e0af1105", "html_url": "https://github.com/NickstaDB/BaRMIe/commit/28b876289d189e3fa0fb063562acb6a3e0af1105"}]}, {"sha": "28b876289d189e3fa0fb063562acb6a3e0af1105", "node_id": "MDY6Q29tbWl0MTA0NjY4MjU4OjI4Yjg3NjI4OWQxODllM2ZhMGZiMDYzNTYyYWNiNmEzZTBhZjExMDU=", "commit": {"author": {"name": "Nicky Bloor", "email": "insaneboarder234@gmail.com", "date": "2017-09-24T22:55:02Z"}, "committer": {"name": "Nicky Bloor", "email": "insaneboarder234@gmail.com", "date": "2017-09-24T22:55:02Z"}, "message": "Initial release.", "tree": {"sha": "bb27536306a936bb16d2a353109ad6804742470a", "url": "https://api.github.com/repos/NickstaDB/BaRMIe/git/trees/bb27536306a936bb16d2a353109ad6804742470a"}, "url": "https://api.github.com/repos/NickstaDB/BaRMIe/git/commits/28b876289d189e3fa0fb063562acb6a3e0af1105", "comment_count": 0, "verification": {"verified": false, "reason": "unsigned", "signature": null, "payload": null}}, "url": "https://api.github.com/repos/NickstaDB/BaRMIe/commits/28b876289d189e3fa0fb063562acb6a3e0af1105", "html_url": "https://github.com/NickstaDB/BaRMIe/commit/28b876289d189e3fa0fb063562acb6a3e0af1105", "comments_url": "https://api.github.com/repos/NickstaDB/BaRMIe/commits/28b876289d189e3fa0fb063562acb6a3e0af1105/comments", "author": null, "committer": null, "parents": [{"sha": "fe72ba30126542cb48c4a17c885025796077e328", "url": "https://api.github.com/repos/NickstaDB/BaRMIe/commits/fe72ba30126542cb48c4a17c885025796077e328", "html_url": "https://github.com/NickstaDB/BaRMIe/commit/fe72ba30126542cb48c4a17c885025796077e328"}]}, {"sha": "fe72ba30126542cb48c4a17c885025796077e328", "node_id": "MDY6Q29tbWl0MTA0NjY4MjU4OmZlNzJiYTMwMTI2NTQyY2I0OGM0YTE3Yzg4NTAyNTc5NjA3N2UzMjg=", "commit": {"author": {"name": "Nicky Bloor", "email": "nick@nickbloor.co.uk", "date": "2017-09-24T18:54:13Z"}, "committer": {"name": "GitHub", "email": "noreply@github.com", "date": "2017-09-24T18:54:13Z"}, "message": "Initial commit", "tree": {"sha": "35ab42be80859b143f867c3470dd87cb2fba7038", "url": "https://api.github.com/repos/NickstaDB/BaRMIe/git/trees/35ab42be80859b143f867c3470dd87cb2fba7038"}, "url": "https://api.github.com/repos/NickstaDB/BaRMIe/git/commits/fe72ba30126542cb48c4a17c885025796077e328", "comment_count": 0, "verification": {"verified": false, "reason": "unsigned", "signature": null, "payload": null}}, "url": "https://api.github.com/repos/NickstaDB/BaRMIe/commits/fe72ba30126542cb48c4a17c885025796077e328", "html_url": "https://github.com/NickstaDB/BaRMIe/commit/fe72ba30126542cb48c4a17c885025796077e328", "comments_url": "https://api.github.com/repos/NickstaDB/BaRMIe/commits/fe72ba30126542cb48c4a17c885025796077e328/comments", "author": {"login": "NickstaDB", "id": 1425835, "node_id": "MDQ6VXNlcjE0MjU4MzU=", "avatar_url": "https://avatars.githubusercontent.com/u/1425835?v=4", "gravatar_id": "", "url": "https://api.github.com/users/NickstaDB", "html_url": "https://github.com/NickstaDB", "followers_url": "https://api.github.com/users/NickstaDB/followers", "following_url": "https://api.github.com/users/NickstaDB/following{/other_user}", "gists_url": "https://api.github.com/users/NickstaDB/gists{/gist_id}", "starred_url": "https://api.github.com/users/NickstaDB/starred{/owner}{/repo}", "subscriptions_url": "https://api.github.com/users/NickstaDB/subscriptions", "organizations_url": "https://api.github.com/users/NickstaDB/orgs", "repos_url": "https://api.github.com/users/NickstaDB/repos", "events_url": "https://api.github.com/users/NickstaDB/events{/privacy}", "received_events_url": "https://api.github.com/users/NickstaDB/received_events", "type": "User", "site_admin": false}, "committer": {"login": "web-flow", "id": 19864447, "node_id": "MDQ6VXNlcjE5ODY0NDQ3", "avatar_url": "https://avatars.githubusercontent.com/u/19864447?v=4", "gravatar_id": "", "url": "https://api.github.com/users/web-flow", "html_url": "https://github.com/web-flow", "followers_url": "https://api.github.com/users/web-flow/followers", "following_url": "https://api.github.com/users/web-flow/following{/other_user}", "gists_url": "https://api.github.com/users/web-flow/gists{/gist_id}", "starred_url": "https://api.github.com/users/web-flow/starred{/owner}{/repo}", "subscriptions_url": "https://api.github.com/users/web-flow/subscriptions", "organizations_url": "https://api.github.com/users/web-flow/orgs", "repos_url": "https://api.github.com/users/web-flow/repos", "events_url": "https://api.github.com/users/web-flow/events{/privacy}", "received_events_url": "https://api.github.com/users/web-flow/received_events", "type": "User", "site_admin": false}, "parents": []}]