[{"sha": "ff553249f2b3f62d0e414f4c7f4991a4f2a65b16", "node_id": "MDY6Q29tbWl0MTU0MTIzNzQ5OmZmNTUzMjQ5ZjJiM2Y2MmQwZTQxNGY0YzdmNDk5MWE0ZjJhNjViMTY=", "commit": {"author": {"name": "rev3rsesecurity", "email": "36775664+Rev3rseSecurity@users.noreply.github.com", "date": "2018-10-21T23:57:18Z"}, "committer": {"name": "rev3rsesecurity", "email": "36775664+Rev3rseSecurity@users.noreply.github.com", "date": "2018-10-21T23:57:18Z"}, "message": "fix count hosts on index", "tree": {"sha": "623cb286f470bdeee9b743b1c14d855b8e85efa5", "url": "https://api.github.com/repos/PunitTailor55/WebMap/git/trees/623cb286f470bdeee9b743b1c14d855b8e85efa5"}, "url": "https://api.github.com/repos/PunitTailor55/WebMap/git/commits/ff553249f2b3f62d0e414f4c7f4991a4f2a65b16", "comment_count": 0, "verification": {"verified": false, "reason": "unsigned", "signature": null, "payload": null}}, "url": "https://api.github.com/repos/PunitTailor55/WebMap/commits/ff553249f2b3f62d0e414f4c7f4991a4f2a65b16", "html_url": "https://github.com/PunitTailor55/WebMap/commit/ff553249f2b3f62d0e414f4c7f4991a4f2a65b16", "comments_url": "https://api.github.com/repos/PunitTailor55/WebMap/commits/ff553249f2b3f62d0e414f4c7f4991a4f2a65b16/comments", "author": {"login": "Rev3rseSecurity", "id": 36775664, "node_id": "MDQ6VXNlcjM2Nzc1NjY0", "avatar_url": "https://avatars.githubusercontent.com/u/36775664?v=4", "gravatar_id": "", "url": "https://api.github.com/users/Rev3rseSecurity", "html_url": "https://github.com/Rev3rseSecurity", "followers_url": "https://api.github.com/users/Rev3rseSecurity/followers", "following_url": "https://api.github.com/users/Rev3rseSecurity/following{/other_user}", "gists_url": "https://api.github.com/users/Rev3rseSecurity/gists{/gist_id}", "starred_url": "https://api.github.com/users/Rev3rseSecurity/starred{/owner}{/repo}", "subscriptions_url": "https://api.github.com/users/Rev3rseSecurity/subscriptions", "organizations_url": "https://api.github.com/users/Rev3rseSecurity/orgs", "repos_url": "https://api.github.com/users/Rev3rseSecurity/repos", "events_url": "https://api.github.com/users/Rev3rseSecurity/events{/privacy}", "received_events_url": "https://api.github.com/users/Rev3rseSecurity/received_events", "type": "User", "site_admin": false}, "committer": {"login": "Rev3rseSecurity", "id": 36775664, "node_id": "MDQ6VXNlcjM2Nzc1NjY0", "avatar_url": "https://avatars.githubusercontent.com/u/36775664?v=4", "gravatar_id": "", "url": "https://api.github.com/users/Rev3rseSecurity", "html_url": "https://github.com/Rev3rseSecurity", "followers_url": "https://api.github.com/users/Rev3rseSecurity/followers", "following_url": "https://api.github.com/users/Rev3rseSecurity/following{/other_user}", "gists_url": "https://api.github.com/users/Rev3rseSecurity/gists{/gist_id}", "starred_url": "https://api.github.com/users/Rev3rseSecurity/starred{/owner}{/repo}", "subscriptions_url": "https://api.github.com/users/Rev3rseSecurity/subscriptions", "organizations_url": "https://api.github.com/users/Rev3rseSecurity/orgs", "repos_url": "https://api.github.com/users/Rev3rseSecurity/repos", "events_url": "https://api.github.com/users/Rev3rseSecurity/events{/privacy}", "received_events_url": "https://api.github.com/users/Rev3rseSecurity/received_events", "type": "User", "site_admin": false}, "parents": [{"sha": "c70bf822aa70008adbc26f8a5da9754326432c3d", "url": "https://api.github.com/repos/PunitTailor55/WebMap/commits/c70bf822aa70008adbc26f8a5da9754326432c3d", "html_url": "https://github.com/PunitTailor55/WebMap/commit/c70bf822aa70008adbc26f8a5da9754326432c3d"}]}, {"sha": "c70bf822aa70008adbc26f8a5da9754326432c3d", "node_id": "MDY6Q29tbWl0MTU0MTIzNzQ5OmM3MGJmODIyYWE3MDAwOGFkYmMyNmY4YTVkYTk3NTQzMjY0MzJjM2Q=", "commit": {"author": {"name": "rev3rsesecurity", "email": "36775664+Rev3rseSecurity@users.noreply.github.com", "date": "2018-10-21T23:56:00Z"}, "committer": {"name": "rev3rsesecurity", "email": "36775664+Rev3rseSecurity@users.noreply.github.com", "date": "2018-10-21T23:56:00Z"}, "message": "fix count hosts on index", "tree": {"sha": "5be6b8f5dc6de5801fabc79bda22da1952298d12", "url": "https://api.github.com/repos/PunitTailor55/WebMap/git/trees/5be6b8f5dc6de5801fabc79bda22da1952298d12"}, "url": "https://api.github.com/repos/PunitTailor55/WebMap/git/commits/c70bf822aa70008adbc26f8a5da9754326432c3d", "comment_count": 0, "verification": {"verified": false, "reason": "unsigned", "signature": null, "payload": null}}, "url": "https://api.github.com/repos/PunitTailor55/WebMap/commits/c70bf822aa70008adbc26f8a5da9754326432c3d", "html_url": "https://github.com/PunitTailor55/WebMap/commit/c70bf822aa70008adbc26f8a5da9754326432c3d", "comments_url": "https://api.github.com/repos/PunitTailor55/WebMap/commits/c70bf822aa70008adbc26f8a5da9754326432c3d/comments", "author": {"login": "Rev3rseSecurity", "id": 36775664, "node_id": "MDQ6VXNlcjM2Nzc1NjY0", "avatar_url": "https://avatars.githubusercontent.com/u/36775664?v=4", "gravatar_id": "", "url": "https://api.github.com/users/Rev3rseSecurity", "html_url": "https://github.com/Rev3rseSecurity", "followers_url": "https://api.github.com/users/Rev3rseSecurity/followers", "following_url": "https://api.github.com/users/Rev3rseSecurity/following{/other_user}", "gists_url": "https://api.github.com/users/Rev3rseSecurity/gists{/gist_id}", "starred_url": "https://api.github.com/users/Rev3rseSecurity/starred{/owner}{/repo}", "subscriptions_url": "https://api.github.com/users/Rev3rseSecurity/subscriptions", "organizations_url": "https://api.github.com/users/Rev3rseSecurity/orgs", "repos_url": "https://api.github.com/users/Rev3rseSecurity/repos", "events_url": "https://api.github.com/users/Rev3rseSecurity/events{/privacy}", "received_events_url": "https://api.github.com/users/Rev3rseSecurity/received_events", "type": "User", "site_admin": false}, "committer": {"login": "Rev3rseSecurity", "id": 36775664, "node_id": "MDQ6VXNlcjM2Nzc1NjY0", "avatar_url": "https://avatars.githubusercontent.com/u/36775664?v=4", "gravatar_id": "", "url": "https://api.github.com/users/Rev3rseSecurity", "html_url": "https://github.com/Rev3rseSecurity", "followers_url": "https://api.github.com/users/Rev3rseSecurity/followers", "following_url": "https://api.github.com/users/Rev3rseSecurity/following{/other_user}", "gists_url": "https://api.github.com/users/Rev3rseSecurity/gists{/gist_id}", "starred_url": "https://api.github.com/users/Rev3rseSecurity/starred{/owner}{/repo}", "subscriptions_url": "https://api.github.com/users/Rev3rseSecurity/subscriptions", "organizations_url": "https://api.github.com/users/Rev3rseSecurity/orgs", "repos_url": "https://api.github.com/users/Rev3rseSecurity/repos", "events_url": "https://api.github.com/users/Rev3rseSecurity/events{/privacy}", "received_events_url": "https://api.github.com/users/Rev3rseSecurity/received_events", "type": "User", "site_admin": false}, "parents": [{"sha": "019c6b183d27f1355b449796d8b045e038c7fcf6", "url": "https://api.github.com/repos/PunitTailor55/WebMap/commits/019c6b183d27f1355b449796d8b045e038c7fcf6", "html_url": "https://github.com/PunitTailor55/WebMap/commit/019c6b183d27f1355b449796d8b045e038c7fcf6"}]}, {"sha": "019c6b183d27f1355b449796d8b045e038c7fcf6", "node_id": "MDY6Q29tbWl0MTU0MTIzNzQ5OjAxOWM2YjE4M2QyN2YxMzU1YjQ0OTc5NmQ4YjA0NWUwMzhjN2ZjZjY=", "commit": {"author": {"name": "rev3rsesecurity", "email": "36775664+Rev3rseSecurity@users.noreply.github.com", "date": "2018-10-21T23:49:36Z"}, "committer": {"name": "rev3rsesecurity", "email": "36775664+Rev3rseSecurity@users.noreply.github.com", "date": "2018-10-21T23:49:36Z"}, "message": "fix bug single host report PDF", "tree": {"sha": "80e977fbdee5c61eb88bef8cc450045a16d923ec", "url": "https://api.github.com/repos/PunitTailor55/WebMap/git/trees/80e977fbdee5c61eb88bef8cc450045a16d923ec"}, "url": "https://api.github.com/repos/PunitTailor55/WebMap/git/commits/019c6b183d27f1355b449796d8b045e038c7fcf6", "comment_count": 0, "verification": {"verified": false, "reason": "unsigned", "signature": null, "payload": null}}, "url": "https://api.github.com/repos/PunitTailor55/WebMap/commits/019c6b183d27f1355b449796d8b045e038c7fcf6", "html_url": "https://github.com/PunitTailor55/WebMap/commit/019c6b183d27f1355b449796d8b045e038c7fcf6", "comments_url": "https://api.github.com/repos/PunitTailor55/WebMap/commits/019c6b183d27f1355b449796d8b045e038c7fcf6/comments", "author": {"login": "Rev3rseSecurity", "id": 36775664, "node_id": "MDQ6VXNlcjM2Nzc1NjY0", "avatar_url": "https://avatars.githubusercontent.com/u/36775664?v=4", "gravatar_id": "", "url": "https://api.github.com/users/Rev3rseSecurity", "html_url": "https://github.com/Rev3rseSecurity", "followers_url": "https://api.github.com/users/Rev3rseSecurity/followers", "following_url": "https://api.github.com/users/Rev3rseSecurity/following{/other_user}", "gists_url": "https://api.github.com/users/Rev3rseSecurity/gists{/gist_id}", "starred_url": "https://api.github.com/users/Rev3rseSecurity/starred{/owner}{/repo}", "subscriptions_url": "https://api.github.com/users/Rev3rseSecurity/subscriptions", "organizations_url": "https://api.github.com/users/Rev3rseSecurity/orgs", "repos_url": "https://api.github.com/users/Rev3rseSecurity/repos", "events_url": "https://api.github.com/users/Rev3rseSecurity/events{/privacy}", "received_events_url": "https://api.github.com/users/Rev3rseSecurity/received_events", "type": "User", "site_admin": false}, "committer": {"login": "Rev3rseSecurity", "id": 36775664, "node_id": "MDQ6VXNlcjM2Nzc1NjY0", "avatar_url": "https://avatars.githubusercontent.com/u/36775664?v=4", "gravatar_id": "", "url": "https://api.github.com/users/Rev3rseSecurity", "html_url": "https://github.com/Rev3rseSecurity", "followers_url": "https://api.github.com/users/Rev3rseSecurity/followers", "following_url": "https://api.github.com/users/Rev3rseSecurity/following{/other_user}", "gists_url": "https://api.github.com/users/Rev3rseSecurity/gists{/gist_id}", "starred_url": "https://api.github.com/users/Rev3rseSecurity/starred{/owner}{/repo}", "subscriptions_url": "https://api.github.com/users/Rev3rseSecurity/subscriptions", "organizations_url": "https://api.github.com/users/Rev3rseSecurity/orgs", "repos_url": "https://api.github.com/users/Rev3rseSecurity/repos", "events_url": "https://api.github.com/users/Rev3rseSecurity/events{/privacy}", "received_events_url": "https://api.github.com/users/Rev3rseSecurity/received_events", "type": "User", "site_admin": false}, "parents": [{"sha": "e021a21c8f4c0195b4a02ae7bb7abc240e839ff7", "url": "https://api.github.com/repos/PunitTailor55/WebMap/commits/e021a21c8f4c0195b4a02ae7bb7abc240e839ff7", "html_url": "https://github.com/PunitTailor55/WebMap/commit/e021a21c8f4c0195b4a02ae7bb7abc240e839ff7"}]}, {"sha": "e021a21c8f4c0195b4a02ae7bb7abc240e839ff7", "node_id": "MDY6Q29tbWl0MTU0MTIzNzQ5OmUwMjFhMjFjOGY0YzAxOTViNGEwMmFlN2JiN2FiYzI0MGU4MzlmZjc=", "commit": {"author": {"name": "rev3rsesecurity", "email": "36775664+Rev3rseSecurity@users.noreply.github.com", "date": "2018-10-21T23:47:18Z"}, "committer": {"name": "rev3rsesecurity", "email": "36775664+Rev3rseSecurity@users.noreply.github.com", "date": "2018-10-21T23:47:18Z"}, "message": "fix bug single host report API", "tree": {"sha": "0e43795709a82226cc9e58a27053cb42e5985fcb", "url": "https://api.github.com/repos/PunitTailor55/WebMap/git/trees/0e43795709a82226cc9e58a27053cb42e5985fcb"}, "url": "https://api.github.com/repos/PunitTailor55/WebMap/git/commits/e021a21c8f4c0195b4a02ae7bb7abc240e839ff7", "comment_count": 0, "verification": {"verified": false, "reason": "unsigned", "signature": null, "payload": null}}, "url": "https://api.github.com/repos/PunitTailor55/WebMap/commits/e021a21c8f4c0195b4a02ae7bb7abc240e839ff7", "html_url": "https://github.com/PunitTailor55/WebMap/commit/e021a21c8f4c0195b4a02ae7bb7abc240e839ff7", "comments_url": "https://api.github.com/repos/PunitTailor55/WebMap/commits/e021a21c8f4c0195b4a02ae7bb7abc240e839ff7/comments", "author": {"login": "Rev3rseSecurity", "id": 36775664, "node_id": "MDQ6VXNlcjM2Nzc1NjY0", "avatar_url": "https://avatars.githubusercontent.com/u/36775664?v=4", "gravatar_id": "", "url": "https://api.github.com/users/Rev3rseSecurity", "html_url": "https://github.com/Rev3rseSecurity", "followers_url": "https://api.github.com/users/Rev3rseSecurity/followers", "following_url": "https://api.github.com/users/Rev3rseSecurity/following{/other_user}", "gists_url": "https://api.github.com/users/Rev3rseSecurity/gists{/gist_id}", "starred_url": "https://api.github.com/users/Rev3rseSecurity/starred{/owner}{/repo}", "subscriptions_url": "https://api.github.com/users/Rev3rseSecurity/subscriptions", "organizations_url": "https://api.github.com/users/Rev3rseSecurity/orgs", "repos_url": "https://api.github.com/users/Rev3rseSecurity/repos", "events_url": "https://api.github.com/users/Rev3rseSecurity/events{/privacy}", "received_events_url": "https://api.github.com/users/Rev3rseSecurity/received_events", "type": "User", "site_admin": false}, "committer": {"login": "Rev3rseSecurity", "id": 36775664, "node_id": "MDQ6VXNlcjM2Nzc1NjY0", "avatar_url": "https://avatars.githubusercontent.com/u/36775664?v=4", "gravatar_id": "", "url": "https://api.github.com/users/Rev3rseSecurity", "html_url": "https://github.com/Rev3rseSecurity", "followers_url": "https://api.github.com/users/Rev3rseSecurity/followers", "following_url": "https://api.github.com/users/Rev3rseSecurity/following{/other_user}", "gists_url": "https://api.github.com/users/Rev3rseSecurity/gists{/gist_id}", "starred_url": "https://api.github.com/users/Rev3rseSecurity/starred{/owner}{/repo}", "subscriptions_url": "https://api.github.com/users/Rev3rseSecurity/subscriptions", "organizations_url": "https://api.github.com/users/Rev3rseSecurity/orgs", "repos_url": "https://api.github.com/users/Rev3rseSecurity/repos", "events_url": "https://api.github.com/users/Rev3rseSecurity/events{/privacy}", "received_events_url": "https://api.github.com/users/Rev3rseSecurity/received_events", "type": "User", "site_admin": false}, "parents": [{"sha": "9112634d61448f4b4adb073616be8d02151505d4", "url": "https://api.github.com/repos/PunitTailor55/WebMap/commits/9112634d61448f4b4adb073616be8d02151505d4", "html_url": "https://github.com/PunitTailor55/WebMap/commit/9112634d61448f4b4adb073616be8d02151505d4"}]}, {"sha": "9112634d61448f4b4adb073616be8d02151505d4", "node_id": "MDY6Q29tbWl0MTU0MTIzNzQ5OjkxMTI2MzRkNjE0NDhmNGI0YWRiMDczNjE2YmU4ZDAyMTUxNTA1ZDQ=", "commit": {"author": {"name": "rev3rsesecurity", "email": "36775664+Rev3rseSecurity@users.noreply.github.com", "date": "2018-10-21T23:44:38Z"}, "committer": {"name": "rev3rsesecurity", "email": "36775664+Rev3rseSecurity@users.noreply.github.com", "date": "2018-10-21T23:44:38Z"}, "message": "fix bug single host report PDF", "tree": {"sha": "515642341d54d14cf3e574de4a651b622c676052", "url": "https://api.github.com/repos/PunitTailor55/WebMap/git/trees/515642341d54d14cf3e574de4a651b622c676052"}, "url": "https://api.github.com/repos/PunitTailor55/WebMap/git/commits/9112634d61448f4b4adb073616be8d02151505d4", "comment_count": 0, "verification": {"verified": false, "reason": "unsigned", "signature": null, "payload": null}}, "url": "https://api.github.com/repos/PunitTailor55/WebMap/commits/9112634d61448f4b4adb073616be8d02151505d4", "html_url": "https://github.com/PunitTailor55/WebMap/commit/9112634d61448f4b4adb073616be8d02151505d4", "comments_url": "https://api.github.com/repos/PunitTailor55/WebMap/commits/9112634d61448f4b4adb073616be8d02151505d4/comments", "author": {"login": "Rev3rseSecurity", "id": 36775664, "node_id": "MDQ6VXNlcjM2Nzc1NjY0", "avatar_url": "https://avatars.githubusercontent.com/u/36775664?v=4", "gravatar_id": "", "url": "https://api.github.com/users/Rev3rseSecurity", "html_url": "https://github.com/Rev3rseSecurity", "followers_url": "https://api.github.com/users/Rev3rseSecurity/followers", "following_url": "https://api.github.com/users/Rev3rseSecurity/following{/other_user}", "gists_url": "https://api.github.com/users/Rev3rseSecurity/gists{/gist_id}", "starred_url": "https://api.github.com/users/Rev3rseSecurity/starred{/owner}{/repo}", "subscriptions_url": "https://api.github.com/users/Rev3rseSecurity/subscriptions", "organizations_url": "https://api.github.com/users/Rev3rseSecurity/orgs", "repos_url": "https://api.github.com/users/Rev3rseSecurity/repos", "events_url": "https://api.github.com/users/Rev3rseSecurity/events{/privacy}", "received_events_url": "https://api.github.com/users/Rev3rseSecurity/received_events", "type": "User", "site_admin": false}, "committer": {"login": "Rev3rseSecurity", "id": 36775664, "node_id": "MDQ6VXNlcjM2Nzc1NjY0", "avatar_url": "https://avatars.githubusercontent.com/u/36775664?v=4", "gravatar_id": "", "url": "https://api.github.com/users/Rev3rseSecurity", "html_url": "https://github.com/Rev3rseSecurity", "followers_url": "https://api.github.com/users/Rev3rseSecurity/followers", "following_url": "https://api.github.com/users/Rev3rseSecurity/following{/other_user}", "gists_url": "https://api.github.com/users/Rev3rseSecurity/gists{/gist_id}", "starred_url": "https://api.github.com/users/Rev3rseSecurity/starred{/owner}{/repo}", "subscriptions_url": "https://api.github.com/users/Rev3rseSecurity/subscriptions", "organizations_url": "https://api.github.com/users/Rev3rseSecurity/orgs", "repos_url": "https://api.github.com/users/Rev3rseSecurity/repos", "events_url": "https://api.github.com/users/Rev3rseSecurity/events{/privacy}", "received_events_url": "https://api.github.com/users/Rev3rseSecurity/received_events", "type": "User", "site_admin": false}, "parents": [{"sha": "ed2675cf796f70bf7dbb77ae487722d44dc4aaee", "url": "https://api.github.com/repos/PunitTailor55/WebMap/commits/ed2675cf796f70bf7dbb77ae487722d44dc4aaee", "html_url": "https://github.com/PunitTailor55/WebMap/commit/ed2675cf796f70bf7dbb77ae487722d44dc4aaee"}]}, {"sha": "ed2675cf796f70bf7dbb77ae487722d44dc4aaee", "node_id": "MDY6Q29tbWl0MTU0MTIzNzQ5OmVkMjY3NWNmNzk2ZjcwYmY3ZGJiNzdhZTQ4NzcyMmQ0NGRjNGFhZWU=", "commit": {"author": {"name": "rev3rsesecurity", "email": "36775664+Rev3rseSecurity@users.noreply.github.com", "date": "2018-10-21T23:38:28Z"}, "committer": {"name": "rev3rsesecurity", "email": "36775664+Rev3rseSecurity@users.noreply.github.com", "date": "2018-10-21T23:38:28Z"}, "message": "fix bug single host on details", "tree": {"sha": "6fbc4220af977d152316592017a04b05b3df7250", "url": "https://api.github.com/repos/PunitTailor55/WebMap/git/trees/6fbc4220af977d152316592017a04b05b3df7250"}, "url": "https://api.github.com/repos/PunitTailor55/WebMap/git/commits/ed2675cf796f70bf7dbb77ae487722d44dc4aaee", "comment_count": 0, "verification": {"verified": false, "reason": "unsigned", "signature": null, "payload": null}}, "url": "https://api.github.com/repos/PunitTailor55/WebMap/commits/ed2675cf796f70bf7dbb77ae487722d44dc4aaee", "html_url": "https://github.com/PunitTailor55/WebMap/commit/ed2675cf796f70bf7dbb77ae487722d44dc4aaee", "comments_url": "https://api.github.com/repos/PunitTailor55/WebMap/commits/ed2675cf796f70bf7dbb77ae487722d44dc4aaee/comments", "author": {"login": "Rev3rseSecurity", "id": 36775664, "node_id": "MDQ6VXNlcjM2Nzc1NjY0", "avatar_url": "https://avatars.githubusercontent.com/u/36775664?v=4", "gravatar_id": "", "url": "https://api.github.com/users/Rev3rseSecurity", "html_url": "https://github.com/Rev3rseSecurity", "followers_url": "https://api.github.com/users/Rev3rseSecurity/followers", "following_url": "https://api.github.com/users/Rev3rseSecurity/following{/other_user}", "gists_url": "https://api.github.com/users/Rev3rseSecurity/gists{/gist_id}", "starred_url": "https://api.github.com/users/Rev3rseSecurity/starred{/owner}{/repo}", "subscriptions_url": "https://api.github.com/users/Rev3rseSecurity/subscriptions", "organizations_url": "https://api.github.com/users/Rev3rseSecurity/orgs", "repos_url": "https://api.github.com/users/Rev3rseSecurity/repos", "events_url": "https://api.github.com/users/Rev3rseSecurity/events{/privacy}", "received_events_url": "https://api.github.com/users/Rev3rseSecurity/received_events", "type": "User", "site_admin": false}, "committer": {"login": "Rev3rseSecurity", "id": 36775664, "node_id": "MDQ6VXNlcjM2Nzc1NjY0", "avatar_url": "https://avatars.githubusercontent.com/u/36775664?v=4", "gravatar_id": "", "url": "https://api.github.com/users/Rev3rseSecurity", "html_url": "https://github.com/Rev3rseSecurity", "followers_url": "https://api.github.com/users/Rev3rseSecurity/followers", "following_url": "https://api.github.com/users/Rev3rseSecurity/following{/other_user}", "gists_url": "https://api.github.com/users/Rev3rseSecurity/gists{/gist_id}", "starred_url": "https://api.github.com/users/Rev3rseSecurity/starred{/owner}{/repo}", "subscriptions_url": "https://api.github.com/users/Rev3rseSecurity/subscriptions", "organizations_url": "https://api.github.com/users/Rev3rseSecurity/orgs", "repos_url": "https://api.github.com/users/Rev3rseSecurity/repos", "events_url": "https://api.github.com/users/Rev3rseSecurity/events{/privacy}", "received_events_url": "https://api.github.com/users/Rev3rseSecurity/received_events", "type": "User", "site_admin": false}, "parents": [{"sha": "28bf282eafb6d3099d4d2d8c31db50b3ffe1eb09", "url": "https://api.github.com/repos/PunitTailor55/WebMap/commits/28bf282eafb6d3099d4d2d8c31db50b3ffe1eb09", "html_url": "https://github.com/PunitTailor55/WebMap/commit/28bf282eafb6d3099d4d2d8c31db50b3ffe1eb09"}]}, {"sha": "28bf282eafb6d3099d4d2d8c31db50b3ffe1eb09", "node_id": "MDY6Q29tbWl0MTU0MTIzNzQ5OjI4YmYyODJlYWZiNmQzMDk5ZDRkMmQ4YzMxZGI1MGIzZmZlMWViMDk=", "commit": {"author": {"name": "Rev3rseSecurity", "email": "36775664+Rev3rseSecurity@users.noreply.github.com", "date": "2018-10-21T23:28:34Z"}, "committer": {"name": "Rev3rseSecurity", "email": "36775664+Rev3rseSecurity@users.noreply.github.com", "date": "2018-10-21T23:28:34Z"}, "message": "fix bug single host report", "tree": {"sha": "1c349b28994c6cb23b5d2fa8c4405bec42ee4be0", "url": "https://api.github.com/repos/PunitTailor55/WebMap/git/trees/1c349b28994c6cb23b5d2fa8c4405bec42ee4be0"}, "url": "https://api.github.com/repos/PunitTailor55/WebMap/git/commits/28bf282eafb6d3099d4d2d8c31db50b3ffe1eb09", "comment_count": 0, "verification": {"verified": false, "reason": "unsigned", "signature": null, "payload": null}}, "url": "https://api.github.com/repos/PunitTailor55/WebMap/commits/28bf282eafb6d3099d4d2d8c31db50b3ffe1eb09", "html_url": "https://github.com/PunitTailor55/WebMap/commit/28bf282eafb6d3099d4d2d8c31db50b3ffe1eb09", "comments_url": "https://api.github.com/repos/PunitTailor55/WebMap/commits/28bf282eafb6d3099d4d2d8c31db50b3ffe1eb09/comments", "author": {"login": "Rev3rseSecurity", "id": 36775664, "node_id": "MDQ6VXNlcjM2Nzc1NjY0", "avatar_url": "https://avatars.githubusercontent.com/u/36775664?v=4", "gravatar_id": "", "url": "https://api.github.com/users/Rev3rseSecurity", "html_url": "https://github.com/Rev3rseSecurity", "followers_url": "https://api.github.com/users/Rev3rseSecurity/followers", "following_url": "https://api.github.com/users/Rev3rseSecurity/following{/other_user}", "gists_url": "https://api.github.com/users/Rev3rseSecurity/gists{/gist_id}", "starred_url": "https://api.github.com/users/Rev3rseSecurity/starred{/owner}{/repo}", "subscriptions_url": "https://api.github.com/users/Rev3rseSecurity/subscriptions", "organizations_url": "https://api.github.com/users/Rev3rseSecurity/orgs", "repos_url": "https://api.github.com/users/Rev3rseSecurity/repos", "events_url": "https://api.github.com/users/Rev3rseSecurity/events{/privacy}", "received_events_url": "https://api.github.com/users/Rev3rseSecurity/received_events", "type": "User", "site_admin": false}, "committer": {"login": "Rev3rseSecurity", "id": 36775664, "node_id": "MDQ6VXNlcjM2Nzc1NjY0", "avatar_url": "https://avatars.githubusercontent.com/u/36775664?v=4", "gravatar_id": "", "url": "https://api.github.com/users/Rev3rseSecurity", "html_url": "https://github.com/Rev3rseSecurity", "followers_url": "https://api.github.com/users/Rev3rseSecurity/followers", "following_url": "https://api.github.com/users/Rev3rseSecurity/following{/other_user}", "gists_url": "https://api.github.com/users/Rev3rseSecurity/gists{/gist_id}", "starred_url": "https://api.github.com/users/Rev3rseSecurity/starred{/owner}{/repo}", "subscriptions_url": "https://api.github.com/users/Rev3rseSecurity/subscriptions", "organizations_url": "https://api.github.com/users/Rev3rseSecurity/orgs", "repos_url": "https://api.github.com/users/Rev3rseSecurity/repos", "events_url": "https://api.github.com/users/Rev3rseSecurity/events{/privacy}", "received_events_url": "https://api.github.com/users/Rev3rseSecurity/received_events", "type": "User", "site_admin": false}, "parents": [{"sha": "f3834413dd2d95fa0abf08b15f2b16f3e9b071ca", "url": "https://api.github.com/repos/PunitTailor55/WebMap/commits/f3834413dd2d95fa0abf08b15f2b16f3e9b071ca", "html_url": "https://github.com/PunitTailor55/WebMap/commit/f3834413dd2d95fa0abf08b15f2b16f3e9b071ca"}]}, {"sha": "f3834413dd2d95fa0abf08b15f2b16f3e9b071ca", "node_id": "MDY6Q29tbWl0MTU0MTIzNzQ5OmYzODM0NDEzZGQyZDk1ZmEwYWJmMDhiMTVmMmIxNmYzZTliMDcxY2E=", "commit": {"author": {"name": "Rev3rseSecurity", "email": "36775664+Rev3rseSecurity@users.noreply.github.com", "date": "2018-10-21T23:22:53Z"}, "committer": {"name": "Rev3rseSecurity", "email": "36775664+Rev3rseSecurity@users.noreply.github.com", "date": "2018-10-21T23:22:53Z"}, "message": "add contributor", "tree": {"sha": "9260274566f13148790f14c89765e99efb55a91e", "url": "https://api.github.com/repos/PunitTailor55/WebMap/git/trees/9260274566f13148790f14c89765e99efb55a91e"}, "url": "https://api.github.com/repos/PunitTailor55/WebMap/git/commits/f3834413dd2d95fa0abf08b15f2b16f3e9b071ca", "comment_count": 0, "verification": {"verified": false, "reason": "unsigned", "signature": null, "payload": null}}, "url": "https://api.github.com/repos/PunitTailor55/WebMap/commits/f3834413dd2d95fa0abf08b15f2b16f3e9b071ca", "html_url": "https://github.com/PunitTailor55/WebMap/commit/f3834413dd2d95fa0abf08b15f2b16f3e9b071ca", "comments_url": "https://api.github.com/repos/PunitTailor55/WebMap/commits/f3834413dd2d95fa0abf08b15f2b16f3e9b071ca/comments", "author": {"login": "Rev3rseSecurity", "id": 36775664, "node_id": "MDQ6VXNlcjM2Nzc1NjY0", "avatar_url": "https://avatars.githubusercontent.com/u/36775664?v=4", "gravatar_id": "", "url": "https://api.github.com/users/Rev3rseSecurity", "html_url": "https://github.com/Rev3rseSecurity", "followers_url": "https://api.github.com/users/Rev3rseSecurity/followers", "following_url": "https://api.github.com/users/Rev3rseSecurity/following{/other_user}", "gists_url": "https://api.github.com/users/Rev3rseSecurity/gists{/gist_id}", "starred_url": "https://api.github.com/users/Rev3rseSecurity/starred{/owner}{/repo}", "subscriptions_url": "https://api.github.com/users/Rev3rseSecurity/subscriptions", "organizations_url": "https://api.github.com/users/Rev3rseSecurity/orgs", "repos_url": "https://api.github.com/users/Rev3rseSecurity/repos", "events_url": "https://api.github.com/users/Rev3rseSecurity/events{/privacy}", "received_events_url": "https://api.github.com/users/Rev3rseSecurity/received_events", "type": "User", "site_admin": false}, "committer": {"login": "Rev3rseSecurity", "id": 36775664, "node_id": "MDQ6VXNlcjM2Nzc1NjY0", "avatar_url": "https://avatars.githubusercontent.com/u/36775664?v=4", "gravatar_id": "", "url": "https://api.github.com/users/Rev3rseSecurity", "html_url": "https://github.com/Rev3rseSecurity", "followers_url": "https://api.github.com/users/Rev3rseSecurity/followers", "following_url": "https://api.github.com/users/Rev3rseSecurity/following{/other_user}", "gists_url": "https://api.github.com/users/Rev3rseSecurity/gists{/gist_id}", "starred_url": "https://api.github.com/users/Rev3rseSecurity/starred{/owner}{/repo}", "subscriptions_url": "https://api.github.com/users/Rev3rseSecurity/subscriptions", "organizations_url": "https://api.github.com/users/Rev3rseSecurity/orgs", "repos_url": "https://api.github.com/users/Rev3rseSecurity/repos", "events_url": "https://api.github.com/users/Rev3rseSecurity/events{/privacy}", "received_events_url": "https://api.github.com/users/Rev3rseSecurity/received_events", "type": "User", "site_admin": false}, "parents": [{"sha": "bbfba20dbe04b0357d62fca048b6982b82adf426", "url": "https://api.github.com/repos/PunitTailor55/WebMap/commits/bbfba20dbe04b0357d62fca048b6982b82adf426", "html_url": "https://github.com/PunitTailor55/WebMap/commit/bbfba20dbe04b0357d62fca048b6982b82adf426"}]}, {"sha": "bbfba20dbe04b0357d62fca048b6982b82adf426", "node_id": "MDY6Q29tbWl0MTU0MTIzNzQ5OmJiZmJhMjBkYmUwNGIwMzU3ZDYyZmNhMDQ4YjY5ODJiODJhZGY0MjY=", "commit": {"author": {"name": "Rev3rseSecurity", "email": "36775664+Rev3rseSecurity@users.noreply.github.com", "date": "2018-10-21T23:20:29Z"}, "committer": {"name": "Rev3rseSecurity", "email": "36775664+Rev3rseSecurity@users.noreply.github.com", "date": "2018-10-21T23:20:29Z"}, "message": "fix bug on single host report", "tree": {"sha": "d542e656c93b4bd64e64c41bb3c64d0dded46006", "url": "https://api.github.com/repos/PunitTailor55/WebMap/git/trees/d542e656c93b4bd64e64c41bb3c64d0dded46006"}, "url": "https://api.github.com/repos/PunitTailor55/WebMap/git/commits/bbfba20dbe04b0357d62fca048b6982b82adf426", "comment_count": 0, "verification": {"verified": false, "reason": "unsigned", "signature": null, "payload": null}}, "url": "https://api.github.com/repos/PunitTailor55/WebMap/commits/bbfba20dbe04b0357d62fca048b6982b82adf426", "html_url": "https://github.com/PunitTailor55/WebMap/commit/bbfba20dbe04b0357d62fca048b6982b82adf426", "comments_url": "https://api.github.com/repos/PunitTailor55/WebMap/commits/bbfba20dbe04b0357d62fca048b6982b82adf426/comments", "author": {"login": "Rev3rseSecurity", "id": 36775664, "node_id": "MDQ6VXNlcjM2Nzc1NjY0", "avatar_url": "https://avatars.githubusercontent.com/u/36775664?v=4", "gravatar_id": "", "url": "https://api.github.com/users/Rev3rseSecurity", "html_url": "https://github.com/Rev3rseSecurity", "followers_url": "https://api.github.com/users/Rev3rseSecurity/followers", "following_url": "https://api.github.com/users/Rev3rseSecurity/following{/other_user}", "gists_url": "https://api.github.com/users/Rev3rseSecurity/gists{/gist_id}", "starred_url": "https://api.github.com/users/Rev3rseSecurity/starred{/owner}{/repo}", "subscriptions_url": "https://api.github.com/users/Rev3rseSecurity/subscriptions", "organizations_url": "https://api.github.com/users/Rev3rseSecurity/orgs", "repos_url": "https://api.github.com/users/Rev3rseSecurity/repos", "events_url": "https://api.github.com/users/Rev3rseSecurity/events{/privacy}", "received_events_url": "https://api.github.com/users/Rev3rseSecurity/received_events", "type": "User", "site_admin": false}, "committer": {"login": "Rev3rseSecurity", "id": 36775664, "node_id": "MDQ6VXNlcjM2Nzc1NjY0", "avatar_url": "https://avatars.githubusercontent.com/u/36775664?v=4", "gravatar_id": "", "url": "https://api.github.com/users/Rev3rseSecurity", "html_url": "https://github.com/Rev3rseSecurity", "followers_url": "https://api.github.com/users/Rev3rseSecurity/followers", "following_url": "https://api.github.com/users/Rev3rseSecurity/following{/other_user}", "gists_url": "https://api.github.com/users/Rev3rseSecurity/gists{/gist_id}", "starred_url": "https://api.github.com/users/Rev3rseSecurity/starred{/owner}{/repo}", "subscriptions_url": "https://api.github.com/users/Rev3rseSecurity/subscriptions", "organizations_url": "https://api.github.com/users/Rev3rseSecurity/orgs", "repos_url": "https://api.github.com/users/Rev3rseSecurity/repos", "events_url": "https://api.github.com/users/Rev3rseSecurity/events{/privacy}", "received_events_url": "https://api.github.com/users/Rev3rseSecurity/received_events", "type": "User", "site_admin": false}, "parents": [{"sha": "bf52bf1c0b55af3e946a6e6e8014d5695c1ce645", "url": "https://api.github.com/repos/PunitTailor55/WebMap/commits/bf52bf1c0b55af3e946a6e6e8014d5695c1ce645", "html_url": "https://github.com/PunitTailor55/WebMap/commit/bf52bf1c0b55af3e946a6e6e8014d5695c1ce645"}]}, {"sha": "bf52bf1c0b55af3e946a6e6e8014d5695c1ce645", "node_id": "MDY6Q29tbWl0MTU0MTIzNzQ5OmJmNTJiZjFjMGI1NWFmM2U5NDZhNmU2ZTgwMTRkNTY5NWMxY2U2NDU=", "commit": {"author": {"name": "rev3rsesecurity", "email": "36775664+Rev3rseSecurity@users.noreply.github.com", "date": "2018-10-21T21:55:42Z"}, "committer": {"name": "rev3rsesecurity", "email": "36775664+Rev3rseSecurity@users.noreply.github.com", "date": "2018-10-21T21:55:42Z"}, "message": "fix readme", "tree": {"sha": "79c7063ebc649ac9e045a41ebde33694c9114ccd", "url": "https://api.github.com/repos/PunitTailor55/WebMap/git/trees/79c7063ebc649ac9e045a41ebde33694c9114ccd"}, "url": "https://api.github.com/repos/PunitTailor55/WebMap/git/commits/bf52bf1c0b55af3e946a6e6e8014d5695c1ce645", "comment_count": 0, "verification": {"verified": false, "reason": "unsigned", "signature": null, "payload": null}}, "url": "https://api.github.com/repos/PunitTailor55/WebMap/commits/bf52bf1c0b55af3e946a6e6e8014d5695c1ce645", "html_url": "https://github.com/PunitTailor55/WebMap/commit/bf52bf1c0b55af3e946a6e6e8014d5695c1ce645", "comments_url": "https://api.github.com/repos/PunitTailor55/WebMap/commits/bf52bf1c0b55af3e946a6e6e8014d5695c1ce645/comments", "author": {"login": "Rev3rseSecurity", "id": 36775664, "node_id": "MDQ6VXNlcjM2Nzc1NjY0", "avatar_url": "https://avatars.githubusercontent.com/u/36775664?v=4", "gravatar_id": "", "url": "https://api.github.com/users/Rev3rseSecurity", "html_url": "https://github.com/Rev3rseSecurity", "followers_url": "https://api.github.com/users/Rev3rseSecurity/followers", "following_url": "https://api.github.com/users/Rev3rseSecurity/following{/other_user}", "gists_url": "https://api.github.com/users/Rev3rseSecurity/gists{/gist_id}", "starred_url": "https://api.github.com/users/Rev3rseSecurity/starred{/owner}{/repo}", "subscriptions_url": "https://api.github.com/users/Rev3rseSecurity/subscriptions", "organizations_url": "https://api.github.com/users/Rev3rseSecurity/orgs", "repos_url": "https://api.github.com/users/Rev3rseSecurity/repos", "events_url": "https://api.github.com/users/Rev3rseSecurity/events{/privacy}", "received_events_url": "https://api.github.com/users/Rev3rseSecurity/received_events", "type": "User", "site_admin": false}, "committer": {"login": "Rev3rseSecurity", "id": 36775664, "node_id": "MDQ6VXNlcjM2Nzc1NjY0", "avatar_url": "https://avatars.githubusercontent.com/u/36775664?v=4", "gravatar_id": "", "url": "https://api.github.com/users/Rev3rseSecurity", "html_url": "https://github.com/Rev3rseSecurity", "followers_url": "https://api.github.com/users/Rev3rseSecurity/followers", "following_url": "https://api.github.com/users/Rev3rseSecurity/following{/other_user}", "gists_url": "https://api.github.com/users/Rev3rseSecurity/gists{/gist_id}", "starred_url": "https://api.github.com/users/Rev3rseSecurity/starred{/owner}{/repo}", "subscriptions_url": "https://api.github.com/users/Rev3rseSecurity/subscriptions", "organizations_url": "https://api.github.com/users/Rev3rseSecurity/orgs", "repos_url": "https://api.github.com/users/Rev3rseSecurity/repos", "events_url": "https://api.github.com/users/Rev3rseSecurity/events{/privacy}", "received_events_url": "https://api.github.com/users/Rev3rseSecurity/received_events", "type": "User", "site_admin": false}, "parents": [{"sha": "051fcb11665cb7f7e391c51533e42edaada6b301", "url": "https://api.github.com/repos/PunitTailor55/WebMap/commits/051fcb11665cb7f7e391c51533e42edaada6b301", "html_url": "https://github.com/PunitTailor55/WebMap/commit/051fcb11665cb7f7e391c51533e42edaada6b301"}]}, {"sha": "051fcb11665cb7f7e391c51533e42edaada6b301", "node_id": "MDY6Q29tbWl0MTU0MTIzNzQ5OjA1MWZjYjExNjY1Y2I3ZjdlMzkxYzUxNTMzZTQyZWRhYWRhNmIzMDE=", "commit": {"author": {"name": "rev3rsesecurity", "email": "36775664+Rev3rseSecurity@users.noreply.github.com", "date": "2018-10-21T19:52:21Z"}, "committer": {"name": "rev3rsesecurity", "email": "36775664+Rev3rseSecurity@users.noreply.github.com", "date": "2018-10-21T19:52:21Z"}, "message": "fix dropdown on details", "tree": {"sha": "de95ba3f665b662ec46ed616b1c7661d43d4100c", "url": "https://api.github.com/repos/PunitTailor55/WebMap/git/trees/de95ba3f665b662ec46ed616b1c7661d43d4100c"}, "url": "https://api.github.com/repos/PunitTailor55/WebMap/git/commits/051fcb11665cb7f7e391c51533e42edaada6b301", "comment_count": 0, "verification": {"verified": false, "reason": "unsigned", "signature": null, "payload": null}}, "url": "https://api.github.com/repos/PunitTailor55/WebMap/commits/051fcb11665cb7f7e391c51533e42edaada6b301", "html_url": "https://github.com/PunitTailor55/WebMap/commit/051fcb11665cb7f7e391c51533e42edaada6b301", "comments_url": "https://api.github.com/repos/PunitTailor55/WebMap/commits/051fcb11665cb7f7e391c51533e42edaada6b301/comments", "author": {"login": "Rev3rseSecurity", "id": 36775664, "node_id": "MDQ6VXNlcjM2Nzc1NjY0", "avatar_url": "https://avatars.githubusercontent.com/u/36775664?v=4", "gravatar_id": "", "url": "https://api.github.com/users/Rev3rseSecurity", "html_url": "https://github.com/Rev3rseSecurity", "followers_url": "https://api.github.com/users/Rev3rseSecurity/followers", "following_url": "https://api.github.com/users/Rev3rseSecurity/following{/other_user}", "gists_url": "https://api.github.com/users/Rev3rseSecurity/gists{/gist_id}", "starred_url": "https://api.github.com/users/Rev3rseSecurity/starred{/owner}{/repo}", "subscriptions_url": "https://api.github.com/users/Rev3rseSecurity/subscriptions", "organizations_url": "https://api.github.com/users/Rev3rseSecurity/orgs", "repos_url": "https://api.github.com/users/Rev3rseSecurity/repos", "events_url": "https://api.github.com/users/Rev3rseSecurity/events{/privacy}", "received_events_url": "https://api.github.com/users/Rev3rseSecurity/received_events", "type": "User", "site_admin": false}, "committer": {"login": "Rev3rseSecurity", "id": 36775664, "node_id": "MDQ6VXNlcjM2Nzc1NjY0", "avatar_url": "https://avatars.githubusercontent.com/u/36775664?v=4", "gravatar_id": "", "url": "https://api.github.com/users/Rev3rseSecurity", "html_url": "https://github.com/Rev3rseSecurity", "followers_url": "https://api.github.com/users/Rev3rseSecurity/followers", "following_url": "https://api.github.com/users/Rev3rseSecurity/following{/other_user}", "gists_url": "https://api.github.com/users/Rev3rseSecurity/gists{/gist_id}", "starred_url": "https://api.github.com/users/Rev3rseSecurity/starred{/owner}{/repo}", "subscriptions_url": "https://api.github.com/users/Rev3rseSecurity/subscriptions", "organizations_url": "https://api.github.com/users/Rev3rseSecurity/orgs", "repos_url": "https://api.github.com/users/Rev3rseSecurity/repos", "events_url": "https://api.github.com/users/Rev3rseSecurity/events{/privacy}", "received_events_url": "https://api.github.com/users/Rev3rseSecurity/received_events", "type": "User", "site_admin": false}, "parents": [{"sha": "3d97bbde6e7eddbb2612a29bf915fcd95d1e06cc", "url": "https://api.github.com/repos/PunitTailor55/WebMap/commits/3d97bbde6e7eddbb2612a29bf915fcd95d1e06cc", "html_url": "https://github.com/PunitTailor55/WebMap/commit/3d97bbde6e7eddbb2612a29bf915fcd95d1e06cc"}]}, {"sha": "3d97bbde6e7eddbb2612a29bf915fcd95d1e06cc", "node_id": "MDY6Q29tbWl0MTU0MTIzNzQ5OjNkOTdiYmRlNmU3ZWRkYmIyNjEyYTI5YmY5MTVmY2Q5NWQxZTA2Y2M=", "commit": {"author": {"name": "rev3rsesecurity", "email": "36775664+Rev3rseSecurity@users.noreply.github.com", "date": "2018-10-21T19:47:07Z"}, "committer": {"name": "rev3rsesecurity", "email": "36775664+Rev3rseSecurity@users.noreply.github.com", "date": "2018-10-21T19:47:07Z"}, "message": "fix readme", "tree": {"sha": "4d34dfe10316775b0ec526c3d1fa09ad4ed89860", "url": "https://api.github.com/repos/PunitTailor55/WebMap/git/trees/4d34dfe10316775b0ec526c3d1fa09ad4ed89860"}, "url": "https://api.github.com/repos/PunitTailor55/WebMap/git/commits/3d97bbde6e7eddbb2612a29bf915fcd95d1e06cc", "comment_count": 0, "verification": {"verified": false, "reason": "unsigned", "signature": null, "payload": null}}, "url": "https://api.github.com/repos/PunitTailor55/WebMap/commits/3d97bbde6e7eddbb2612a29bf915fcd95d1e06cc", "html_url": "https://github.com/PunitTailor55/WebMap/commit/3d97bbde6e7eddbb2612a29bf915fcd95d1e06cc", "comments_url": "https://api.github.com/repos/PunitTailor55/WebMap/commits/3d97bbde6e7eddbb2612a29bf915fcd95d1e06cc/comments", "author": {"login": "Rev3rseSecurity", "id": 36775664, "node_id": "MDQ6VXNlcjM2Nzc1NjY0", "avatar_url": "https://avatars.githubusercontent.com/u/36775664?v=4", "gravatar_id": "", "url": "https://api.github.com/users/Rev3rseSecurity", "html_url": "https://github.com/Rev3rseSecurity", "followers_url": "https://api.github.com/users/Rev3rseSecurity/followers", "following_url": "https://api.github.com/users/Rev3rseSecurity/following{/other_user}", "gists_url": "https://api.github.com/users/Rev3rseSecurity/gists{/gist_id}", "starred_url": "https://api.github.com/users/Rev3rseSecurity/starred{/owner}{/repo}", "subscriptions_url": "https://api.github.com/users/Rev3rseSecurity/subscriptions", "organizations_url": "https://api.github.com/users/Rev3rseSecurity/orgs", "repos_url": "https://api.github.com/users/Rev3rseSecurity/repos", "events_url": "https://api.github.com/users/Rev3rseSecurity/events{/privacy}", "received_events_url": "https://api.github.com/users/Rev3rseSecurity/received_events", "type": "User", "site_admin": false}, "committer": {"login": "Rev3rseSecurity", "id": 36775664, "node_id": "MDQ6VXNlcjM2Nzc1NjY0", "avatar_url": "https://avatars.githubusercontent.com/u/36775664?v=4", "gravatar_id": "", "url": "https://api.github.com/users/Rev3rseSecurity", "html_url": "https://github.com/Rev3rseSecurity", "followers_url": "https://api.github.com/users/Rev3rseSecurity/followers", "following_url": "https://api.github.com/users/Rev3rseSecurity/following{/other_user}", "gists_url": "https://api.github.com/users/Rev3rseSecurity/gists{/gist_id}", "starred_url": "https://api.github.com/users/Rev3rseSecurity/starred{/owner}{/repo}", "subscriptions_url": "https://api.github.com/users/Rev3rseSecurity/subscriptions", "organizations_url": "https://api.github.com/users/Rev3rseSecurity/orgs", "repos_url": "https://api.github.com/users/Rev3rseSecurity/repos", "events_url": "https://api.github.com/users/Rev3rseSecurity/events{/privacy}", "received_events_url": "https://api.github.com/users/Rev3rseSecurity/received_events", "type": "User", "site_admin": false}, "parents": [{"sha": "2bb3b02e8fb8e24ba659dc549d98758e69429af0", "url": "https://api.github.com/repos/PunitTailor55/WebMap/commits/2bb3b02e8fb8e24ba659dc549d98758e69429af0", "html_url": "https://github.com/PunitTailor55/WebMap/commit/2bb3b02e8fb8e24ba659dc549d98758e69429af0"}]}, {"sha": "2bb3b02e8fb8e24ba659dc549d98758e69429af0", "node_id": "MDY6Q29tbWl0MTU0MTIzNzQ5OjJiYjNiMDJlOGZiOGUyNGJhNjU5ZGM1NDlkOTg3NThlNjk0MjlhZjA=", "commit": {"author": {"name": "rev3rsesecurity", "email": "36775664+Rev3rseSecurity@users.noreply.github.com", "date": "2018-10-21T19:46:34Z"}, "committer": {"name": "rev3rsesecurity", "email": "36775664+Rev3rseSecurity@users.noreply.github.com", "date": "2018-10-21T19:46:34Z"}, "message": "fix readme", "tree": {"sha": "55c2bd967cecf5280bb551e2a782cd5460454fe7", "url": "https://api.github.com/repos/PunitTailor55/WebMap/git/trees/55c2bd967cecf5280bb551e2a782cd5460454fe7"}, "url": "https://api.github.com/repos/PunitTailor55/WebMap/git/commits/2bb3b02e8fb8e24ba659dc549d98758e69429af0", "comment_count": 0, "verification": {"verified": false, "reason": "unsigned", "signature": null, "payload": null}}, "url": "https://api.github.com/repos/PunitTailor55/WebMap/commits/2bb3b02e8fb8e24ba659dc549d98758e69429af0", "html_url": "https://github.com/PunitTailor55/WebMap/commit/2bb3b02e8fb8e24ba659dc549d98758e69429af0", "comments_url": "https://api.github.com/repos/PunitTailor55/WebMap/commits/2bb3b02e8fb8e24ba659dc549d98758e69429af0/comments", "author": {"login": "Rev3rseSecurity", "id": 36775664, "node_id": "MDQ6VXNlcjM2Nzc1NjY0", "avatar_url": "https://avatars.githubusercontent.com/u/36775664?v=4", "gravatar_id": "", "url": "https://api.github.com/users/Rev3rseSecurity", "html_url": "https://github.com/Rev3rseSecurity", "followers_url": "https://api.github.com/users/Rev3rseSecurity/followers", "following_url": "https://api.github.com/users/Rev3rseSecurity/following{/other_user}", "gists_url": "https://api.github.com/users/Rev3rseSecurity/gists{/gist_id}", "starred_url": "https://api.github.com/users/Rev3rseSecurity/starred{/owner}{/repo}", "subscriptions_url": "https://api.github.com/users/Rev3rseSecurity/subscriptions", "organizations_url": "https://api.github.com/users/Rev3rseSecurity/orgs", "repos_url": "https://api.github.com/users/Rev3rseSecurity/repos", "events_url": "https://api.github.com/users/Rev3rseSecurity/events{/privacy}", "received_events_url": "https://api.github.com/users/Rev3rseSecurity/received_events", "type": "User", "site_admin": false}, "committer": {"login": "Rev3rseSecurity", "id": 36775664, "node_id": "MDQ6VXNlcjM2Nzc1NjY0", "avatar_url": "https://avatars.githubusercontent.com/u/36775664?v=4", "gravatar_id": "", "url": "https://api.github.com/users/Rev3rseSecurity", "html_url": "https://github.com/Rev3rseSecurity", "followers_url": "https://api.github.com/users/Rev3rseSecurity/followers", "following_url": "https://api.github.com/users/Rev3rseSecurity/following{/other_user}", "gists_url": "https://api.github.com/users/Rev3rseSecurity/gists{/gist_id}", "starred_url": "https://api.github.com/users/Rev3rseSecurity/starred{/owner}{/repo}", "subscriptions_url": "https://api.github.com/users/Rev3rseSecurity/subscriptions", "organizations_url": "https://api.github.com/users/Rev3rseSecurity/orgs", "repos_url": "https://api.github.com/users/Rev3rseSecurity/repos", "events_url": "https://api.github.com/users/Rev3rseSecurity/events{/privacy}", "received_events_url": "https://api.github.com/users/Rev3rseSecurity/received_events", "type": "User", "site_admin": false}, "parents": [{"sha": "8829c7b8bd7aaa8840c5944cb0ed7c201344fd1b", "url": "https://api.github.com/repos/PunitTailor55/WebMap/commits/8829c7b8bd7aaa8840c5944cb0ed7c201344fd1b", "html_url": "https://github.com/PunitTailor55/WebMap/commit/8829c7b8bd7aaa8840c5944cb0ed7c201344fd1b"}]}, {"sha": "8829c7b8bd7aaa8840c5944cb0ed7c201344fd1b", "node_id": "MDY6Q29tbWl0MTU0MTIzNzQ5Ojg4MjljN2I4YmQ3YWFhODg0MGM1OTQ0Y2IwZWQ3YzIwMTM0NGZkMWI=", "commit": {"author": {"name": "rev3rsesecurity", "email": "36775664+Rev3rseSecurity@users.noreply.github.com", "date": "2018-10-21T19:44:11Z"}, "committer": {"name": "rev3rsesecurity", "email": "36775664+Rev3rseSecurity@users.noreply.github.com", "date": "2018-10-21T19:44:11Z"}, "message": "fix table of contents", "tree": {"sha": "0bc5d04499423c983f0dc05977cde5bf1b97e485", "url": "https://api.github.com/repos/PunitTailor55/WebMap/git/trees/0bc5d04499423c983f0dc05977cde5bf1b97e485"}, "url": "https://api.github.com/repos/PunitTailor55/WebMap/git/commits/8829c7b8bd7aaa8840c5944cb0ed7c201344fd1b", "comment_count": 0, "verification": {"verified": false, "reason": "unsigned", "signature": null, "payload": null}}, "url": "https://api.github.com/repos/PunitTailor55/WebMap/commits/8829c7b8bd7aaa8840c5944cb0ed7c201344fd1b", "html_url": "https://github.com/PunitTailor55/WebMap/commit/8829c7b8bd7aaa8840c5944cb0ed7c201344fd1b", "comments_url": "https://api.github.com/repos/PunitTailor55/WebMap/commits/8829c7b8bd7aaa8840c5944cb0ed7c201344fd1b/comments", "author": {"login": "Rev3rseSecurity", "id": 36775664, "node_id": "MDQ6VXNlcjM2Nzc1NjY0", "avatar_url": "https://avatars.githubusercontent.com/u/36775664?v=4", "gravatar_id": "", "url": "https://api.github.com/users/Rev3rseSecurity", "html_url": "https://github.com/Rev3rseSecurity", "followers_url": "https://api.github.com/users/Rev3rseSecurity/followers", "following_url": "https://api.github.com/users/Rev3rseSecurity/following{/other_user}", "gists_url": "https://api.github.com/users/Rev3rseSecurity/gists{/gist_id}", "starred_url": "https://api.github.com/users/Rev3rseSecurity/starred{/owner}{/repo}", "subscriptions_url": "https://api.github.com/users/Rev3rseSecurity/subscriptions", "organizations_url": "https://api.github.com/users/Rev3rseSecurity/orgs", "repos_url": "https://api.github.com/users/Rev3rseSecurity/repos", "events_url": "https://api.github.com/users/Rev3rseSecurity/events{/privacy}", "received_events_url": "https://api.github.com/users/Rev3rseSecurity/received_events", "type": "User", "site_admin": false}, "committer": {"login": "Rev3rseSecurity", "id": 36775664, "node_id": "MDQ6VXNlcjM2Nzc1NjY0", "avatar_url": "https://avatars.githubusercontent.com/u/36775664?v=4", "gravatar_id": "", "url": "https://api.github.com/users/Rev3rseSecurity", "html_url": "https://github.com/Rev3rseSecurity", "followers_url": "https://api.github.com/users/Rev3rseSecurity/followers", "following_url": "https://api.github.com/users/Rev3rseSecurity/following{/other_user}", "gists_url": "https://api.github.com/users/Rev3rseSecurity/gists{/gist_id}", "starred_url": "https://api.github.com/users/Rev3rseSecurity/starred{/owner}{/repo}", "subscriptions_url": "https://api.github.com/users/Rev3rseSecurity/subscriptions", "organizations_url": "https://api.github.com/users/Rev3rseSecurity/orgs", "repos_url": "https://api.github.com/users/Rev3rseSecurity/repos", "events_url": "https://api.github.com/users/Rev3rseSecurity/events{/privacy}", "received_events_url": "https://api.github.com/users/Rev3rseSecurity/received_events", "type": "User", "site_admin": false}, "parents": [{"sha": "04183914e99dda9d5ba1178825bf7f4b820d7ea2", "url": "https://api.github.com/repos/PunitTailor55/WebMap/commits/04183914e99dda9d5ba1178825bf7f4b820d7ea2", "html_url": "https://github.com/PunitTailor55/WebMap/commit/04183914e99dda9d5ba1178825bf7f4b820d7ea2"}]}, {"sha": "04183914e99dda9d5ba1178825bf7f4b820d7ea2", "node_id": "MDY6Q29tbWl0MTU0MTIzNzQ5OjA0MTgzOTE0ZTk5ZGRhOWQ1YmExMTc4ODI1YmY3ZjRiODIwZDdlYTI=", "commit": {"author": {"name": "rev3rsesecurity", "email": "36775664+Rev3rseSecurity@users.noreply.github.com", "date": "2018-10-21T19:41:35Z"}, "committer": {"name": "rev3rsesecurity", "email": "36775664+Rev3rseSecurity@users.noreply.github.com", "date": "2018-10-21T19:41:35Z"}, "message": "fix readme", "tree": {"sha": "f5232952443b890a23f94e78da8192217a414a2c", "url": "https://api.github.com/repos/PunitTailor55/WebMap/git/trees/f5232952443b890a23f94e78da8192217a414a2c"}, "url": "https://api.github.com/repos/PunitTailor55/WebMap/git/commits/04183914e99dda9d5ba1178825bf7f4b820d7ea2", "comment_count": 0, "verification": {"verified": false, "reason": "unsigned", "signature": null, "payload": null}}, "url": "https://api.github.com/repos/PunitTailor55/WebMap/commits/04183914e99dda9d5ba1178825bf7f4b820d7ea2", "html_url": "https://github.com/PunitTailor55/WebMap/commit/04183914e99dda9d5ba1178825bf7f4b820d7ea2", "comments_url": "https://api.github.com/repos/PunitTailor55/WebMap/commits/04183914e99dda9d5ba1178825bf7f4b820d7ea2/comments", "author": {"login": "Rev3rseSecurity", "id": 36775664, "node_id": "MDQ6VXNlcjM2Nzc1NjY0", "avatar_url": "https://avatars.githubusercontent.com/u/36775664?v=4", "gravatar_id": "", "url": "https://api.github.com/users/Rev3rseSecurity", "html_url": "https://github.com/Rev3rseSecurity", "followers_url": "https://api.github.com/users/Rev3rseSecurity/followers", "following_url": "https://api.github.com/users/Rev3rseSecurity/following{/other_user}", "gists_url": "https://api.github.com/users/Rev3rseSecurity/gists{/gist_id}", "starred_url": "https://api.github.com/users/Rev3rseSecurity/starred{/owner}{/repo}", "subscriptions_url": "https://api.github.com/users/Rev3rseSecurity/subscriptions", "organizations_url": "https://api.github.com/users/Rev3rseSecurity/orgs", "repos_url": "https://api.github.com/users/Rev3rseSecurity/repos", "events_url": "https://api.github.com/users/Rev3rseSecurity/events{/privacy}", "received_events_url": "https://api.github.com/users/Rev3rseSecurity/received_events", "type": "User", "site_admin": false}, "committer": {"login": "Rev3rseSecurity", "id": 36775664, "node_id": "MDQ6VXNlcjM2Nzc1NjY0", "avatar_url": "https://avatars.githubusercontent.com/u/36775664?v=4", "gravatar_id": "", "url": "https://api.github.com/users/Rev3rseSecurity", "html_url": "https://github.com/Rev3rseSecurity", "followers_url": "https://api.github.com/users/Rev3rseSecurity/followers", "following_url": "https://api.github.com/users/Rev3rseSecurity/following{/other_user}", "gists_url": "https://api.github.com/users/Rev3rseSecurity/gists{/gist_id}", "starred_url": "https://api.github.com/users/Rev3rseSecurity/starred{/owner}{/repo}", "subscriptions_url": "https://api.github.com/users/Rev3rseSecurity/subscriptions", "organizations_url": "https://api.github.com/users/Rev3rseSecurity/orgs", "repos_url": "https://api.github.com/users/Rev3rseSecurity/repos", "events_url": "https://api.github.com/users/Rev3rseSecurity/events{/privacy}", "received_events_url": "https://api.github.com/users/Rev3rseSecurity/received_events", "type": "User", "site_admin": false}, "parents": [{"sha": "98ba75d6de179145c001c677e9a4136ebdbadce3", "url": "https://api.github.com/repos/PunitTailor55/WebMap/commits/98ba75d6de179145c001c677e9a4136ebdbadce3", "html_url": "https://github.com/PunitTailor55/WebMap/commit/98ba75d6de179145c001c677e9a4136ebdbadce3"}]}, {"sha": "98ba75d6de179145c001c677e9a4136ebdbadce3", "node_id": "MDY6Q29tbWl0MTU0MTIzNzQ5Ojk4YmE3NWQ2ZGUxNzkxNDVjMDAxYzY3N2U5YTQxMzZlYmRiYWRjZTM=", "commit": {"author": {"name": "rev3rsesecurity", "email": "36775664+Rev3rseSecurity@users.noreply.github.com", "date": "2018-10-21T19:40:24Z"}, "committer": {"name": "rev3rsesecurity", "email": "36775664+Rev3rseSecurity@users.noreply.github.com", "date": "2018-10-21T19:40:24Z"}, "message": "fix readme", "tree": {"sha": "f19a8be74b1d609151f85e603e0f653e3d061da6", "url": "https://api.github.com/repos/PunitTailor55/WebMap/git/trees/f19a8be74b1d609151f85e603e0f653e3d061da6"}, "url": "https://api.github.com/repos/PunitTailor55/WebMap/git/commits/98ba75d6de179145c001c677e9a4136ebdbadce3", "comment_count": 0, "verification": {"verified": false, "reason": "unsigned", "signature": null, "payload": null}}, "url": "https://api.github.com/repos/PunitTailor55/WebMap/commits/98ba75d6de179145c001c677e9a4136ebdbadce3", "html_url": "https://github.com/PunitTailor55/WebMap/commit/98ba75d6de179145c001c677e9a4136ebdbadce3", "comments_url": "https://api.github.com/repos/PunitTailor55/WebMap/commits/98ba75d6de179145c001c677e9a4136ebdbadce3/comments", "author": {"login": "Rev3rseSecurity", "id": 36775664, "node_id": "MDQ6VXNlcjM2Nzc1NjY0", "avatar_url": "https://avatars.githubusercontent.com/u/36775664?v=4", "gravatar_id": "", "url": "https://api.github.com/users/Rev3rseSecurity", "html_url": "https://github.com/Rev3rseSecurity", "followers_url": "https://api.github.com/users/Rev3rseSecurity/followers", "following_url": "https://api.github.com/users/Rev3rseSecurity/following{/other_user}", "gists_url": "https://api.github.com/users/Rev3rseSecurity/gists{/gist_id}", "starred_url": "https://api.github.com/users/Rev3rseSecurity/starred{/owner}{/repo}", "subscriptions_url": "https://api.github.com/users/Rev3rseSecurity/subscriptions", "organizations_url": "https://api.github.com/users/Rev3rseSecurity/orgs", "repos_url": "https://api.github.com/users/Rev3rseSecurity/repos", "events_url": "https://api.github.com/users/Rev3rseSecurity/events{/privacy}", "received_events_url": "https://api.github.com/users/Rev3rseSecurity/received_events", "type": "User", "site_admin": false}, "committer": {"login": "Rev3rseSecurity", "id": 36775664, "node_id": "MDQ6VXNlcjM2Nzc1NjY0", "avatar_url": "https://avatars.githubusercontent.com/u/36775664?v=4", "gravatar_id": "", "url": "https://api.github.com/users/Rev3rseSecurity", "html_url": "https://github.com/Rev3rseSecurity", "followers_url": "https://api.github.com/users/Rev3rseSecurity/followers", "following_url": "https://api.github.com/users/Rev3rseSecurity/following{/other_user}", "gists_url": "https://api.github.com/users/Rev3rseSecurity/gists{/gist_id}", "starred_url": "https://api.github.com/users/Rev3rseSecurity/starred{/owner}{/repo}", "subscriptions_url": "https://api.github.com/users/Rev3rseSecurity/subscriptions", "organizations_url": "https://api.github.com/users/Rev3rseSecurity/orgs", "repos_url": "https://api.github.com/users/Rev3rseSecurity/repos", "events_url": "https://api.github.com/users/Rev3rseSecurity/events{/privacy}", "received_events_url": "https://api.github.com/users/Rev3rseSecurity/received_events", "type": "User", "site_admin": false}, "parents": [{"sha": "d38284e848d4ea3dd375e0716e44de2ca23cf928", "url": "https://api.github.com/repos/PunitTailor55/WebMap/commits/d38284e848d4ea3dd375e0716e44de2ca23cf928", "html_url": "https://github.com/PunitTailor55/WebMap/commit/d38284e848d4ea3dd375e0716e44de2ca23cf928"}]}, {"sha": "d38284e848d4ea3dd375e0716e44de2ca23cf928", "node_id": "MDY6Q29tbWl0MTU0MTIzNzQ5OmQzODI4NGU4NDhkNGVhM2RkMzc1ZTA3MTZlNDRkZTJjYTIzY2Y5Mjg=", "commit": {"author": {"name": "rev3rsesecurity", "email": "36775664+Rev3rseSecurity@users.noreply.github.com", "date": "2018-10-21T19:12:10Z"}, "committer": {"name": "rev3rsesecurity", "email": "36775664+Rev3rseSecurity@users.noreply.github.com", "date": "2018-10-21T19:12:10Z"}, "message": "fix readme and links", "tree": {"sha": "11f6f7f471858aa8b3b260e61dbfa41970b02412", "url": "https://api.github.com/repos/PunitTailor55/WebMap/git/trees/11f6f7f471858aa8b3b260e61dbfa41970b02412"}, "url": "https://api.github.com/repos/PunitTailor55/WebMap/git/commits/d38284e848d4ea3dd375e0716e44de2ca23cf928", "comment_count": 0, "verification": {"verified": false, "reason": "unsigned", "signature": null, "payload": null}}, "url": "https://api.github.com/repos/PunitTailor55/WebMap/commits/d38284e848d4ea3dd375e0716e44de2ca23cf928", "html_url": "https://github.com/PunitTailor55/WebMap/commit/d38284e848d4ea3dd375e0716e44de2ca23cf928", "comments_url": "https://api.github.com/repos/PunitTailor55/WebMap/commits/d38284e848d4ea3dd375e0716e44de2ca23cf928/comments", "author": {"login": "Rev3rseSecurity", "id": 36775664, "node_id": "MDQ6VXNlcjM2Nzc1NjY0", "avatar_url": "https://avatars.githubusercontent.com/u/36775664?v=4", "gravatar_id": "", "url": "https://api.github.com/users/Rev3rseSecurity", "html_url": "https://github.com/Rev3rseSecurity", "followers_url": "https://api.github.com/users/Rev3rseSecurity/followers", "following_url": "https://api.github.com/users/Rev3rseSecurity/following{/other_user}", "gists_url": "https://api.github.com/users/Rev3rseSecurity/gists{/gist_id}", "starred_url": "https://api.github.com/users/Rev3rseSecurity/starred{/owner}{/repo}", "subscriptions_url": "https://api.github.com/users/Rev3rseSecurity/subscriptions", "organizations_url": "https://api.github.com/users/Rev3rseSecurity/orgs", "repos_url": "https://api.github.com/users/Rev3rseSecurity/repos", "events_url": "https://api.github.com/users/Rev3rseSecurity/events{/privacy}", "received_events_url": "https://api.github.com/users/Rev3rseSecurity/received_events", "type": "User", "site_admin": false}, "committer": {"login": "Rev3rseSecurity", "id": 36775664, "node_id": "MDQ6VXNlcjM2Nzc1NjY0", "avatar_url": "https://avatars.githubusercontent.com/u/36775664?v=4", "gravatar_id": "", "url": "https://api.github.com/users/Rev3rseSecurity", "html_url": "https://github.com/Rev3rseSecurity", "followers_url": "https://api.github.com/users/Rev3rseSecurity/followers", "following_url": "https://api.github.com/users/Rev3rseSecurity/following{/other_user}", "gists_url": "https://api.github.com/users/Rev3rseSecurity/gists{/gist_id}", "starred_url": "https://api.github.com/users/Rev3rseSecurity/starred{/owner}{/repo}", "subscriptions_url": "https://api.github.com/users/Rev3rseSecurity/subscriptions", "organizations_url": "https://api.github.com/users/Rev3rseSecurity/orgs", "repos_url": "https://api.github.com/users/Rev3rseSecurity/repos", "events_url": "https://api.github.com/users/Rev3rseSecurity/events{/privacy}", "received_events_url": "https://api.github.com/users/Rev3rseSecurity/received_events", "type": "User", "site_admin": false}, "parents": [{"sha": "4c6ed50edd1030e8ce2b6d50180ed3af595e2fac", "url": "https://api.github.com/repos/PunitTailor55/WebMap/commits/4c6ed50edd1030e8ce2b6d50180ed3af595e2fac", "html_url": "https://github.com/PunitTailor55/WebMap/commit/4c6ed50edd1030e8ce2b6d50180ed3af595e2fac"}]}, {"sha": "4c6ed50edd1030e8ce2b6d50180ed3af595e2fac", "node_id": "MDY6Q29tbWl0MTU0MTIzNzQ5OjRjNmVkNTBlZGQxMDMwZThjZTJiNmQ1MDE4MGVkM2FmNTk1ZTJmYWM=", "commit": {"author": {"name": "rev3rsesecurity", "email": "36775664+Rev3rseSecurity@users.noreply.github.com", "date": "2018-10-21T17:52:19Z"}, "committer": {"name": "rev3rsesecurity", "email": "36775664+Rev3rseSecurity@users.noreply.github.com", "date": "2018-10-21T17:52:19Z"}, "message": "first commit", "tree": {"sha": "e93b870fbe48011508553c46e995d2ad01b44290", "url": "https://api.github.com/repos/PunitTailor55/WebMap/git/trees/e93b870fbe48011508553c46e995d2ad01b44290"}, "url": "https://api.github.com/repos/PunitTailor55/WebMap/git/commits/4c6ed50edd1030e8ce2b6d50180ed3af595e2fac", "comment_count": 0, "verification": {"verified": false, "reason": "unsigned", "signature": null, "payload": null}}, "url": "https://api.github.com/repos/PunitTailor55/WebMap/commits/4c6ed50edd1030e8ce2b6d50180ed3af595e2fac", "html_url": "https://github.com/PunitTailor55/WebMap/commit/4c6ed50edd1030e8ce2b6d50180ed3af595e2fac", "comments_url": "https://api.github.com/repos/PunitTailor55/WebMap/commits/4c6ed50edd1030e8ce2b6d50180ed3af595e2fac/comments", "author": {"login": "Rev3rseSecurity", "id": 36775664, "node_id": "MDQ6VXNlcjM2Nzc1NjY0", "avatar_url": "https://avatars.githubusercontent.com/u/36775664?v=4", "gravatar_id": "", "url": "https://api.github.com/users/Rev3rseSecurity", "html_url": "https://github.com/Rev3rseSecurity", "followers_url": "https://api.github.com/users/Rev3rseSecurity/followers", "following_url": "https://api.github.com/users/Rev3rseSecurity/following{/other_user}", "gists_url": "https://api.github.com/users/Rev3rseSecurity/gists{/gist_id}", "starred_url": "https://api.github.com/users/Rev3rseSecurity/starred{/owner}{/repo}", "subscriptions_url": "https://api.github.com/users/Rev3rseSecurity/subscriptions", "organizations_url": "https://api.github.com/users/Rev3rseSecurity/orgs", "repos_url": "https://api.github.com/users/Rev3rseSecurity/repos", "events_url": "https://api.github.com/users/Rev3rseSecurity/events{/privacy}", "received_events_url": "https://api.github.com/users/Rev3rseSecurity/received_events", "type": "User", "site_admin": false}, "committer": {"login": "Rev3rseSecurity", "id": 36775664, "node_id": "MDQ6VXNlcjM2Nzc1NjY0", "avatar_url": "https://avatars.githubusercontent.com/u/36775664?v=4", "gravatar_id": "", "url": "https://api.github.com/users/Rev3rseSecurity", "html_url": "https://github.com/Rev3rseSecurity", "followers_url": "https://api.github.com/users/Rev3rseSecurity/followers", "following_url": "https://api.github.com/users/Rev3rseSecurity/following{/other_user}", "gists_url": "https://api.github.com/users/Rev3rseSecurity/gists{/gist_id}", "starred_url": "https://api.github.com/users/Rev3rseSecurity/starred{/owner}{/repo}", "subscriptions_url": "https://api.github.com/users/Rev3rseSecurity/subscriptions", "organizations_url": "https://api.github.com/users/Rev3rseSecurity/orgs", "repos_url": "https://api.github.com/users/Rev3rseSecurity/repos", "events_url": "https://api.github.com/users/Rev3rseSecurity/events{/privacy}", "received_events_url": "https://api.github.com/users/Rev3rseSecurity/received_events", "type": "User", "site_admin": false}, "parents": []}]