[{"sha": "a8f9b2d14bd6bfaf079d5793b81aa11d49e60ca2", "node_id": "MDY6Q29tbWl0NjU1MTE3NzQ6YThmOWIyZDE0YmQ2YmZhZjA3OWQ1NzkzYjgxYWExMWQ0OWU2MGNhMg==", "commit": {"author": {"name": "Barak Tawily", "email": "quitten11@gmail.com", "date": "2017-04-13T16:54:07Z"}, "committer": {"name": "GitHub", "email": "noreply@github.com", "date": "2017-04-13T16:54:07Z"}, "message": "Update README.md", "tree": {"sha": "f1850ec42539a4fe7afcc5f2f91f1f36df75f170", "url": "https://api.github.com/repos/Quitten/XSSor/git/trees/f1850ec42539a4fe7afcc5f2f91f1f36df75f170"}, "url": "https://api.github.com/repos/Quitten/XSSor/git/commits/a8f9b2d14bd6bfaf079d5793b81aa11d49e60ca2", "comment_count": 0, "verification": {"verified": false, "reason": "unsigned", "signature": null, "payload": null}}, "url": "https://api.github.com/repos/Quitten/XSSor/commits/a8f9b2d14bd6bfaf079d5793b81aa11d49e60ca2", "html_url": "https://github.com/Quitten/XSSor/commit/a8f9b2d14bd6bfaf079d5793b81aa11d49e60ca2", "comments_url": "https://api.github.com/repos/Quitten/XSSor/commits/a8f9b2d14bd6bfaf079d5793b81aa11d49e60ca2/comments", "author": {"login": "Quitten", "id": 8288210, "node_id": "MDQ6VXNlcjgyODgyMTA=", "avatar_url": "https://avatars.githubusercontent.com/u/8288210?v=4", "gravatar_id": "", "url": "https://api.github.com/users/Quitten", "html_url": "https://github.com/Quitten", "followers_url": "https://api.github.com/users/Quitten/followers", "following_url": "https://api.github.com/users/Quitten/following{/other_user}", "gists_url": "https://api.github.com/users/Quitten/gists{/gist_id}", "starred_url": "https://api.github.com/users/Quitten/starred{/owner}{/repo}", "subscriptions_url": "https://api.github.com/users/Quitten/subscriptions", "organizations_url": "https://api.github.com/users/Quitten/orgs", "repos_url": "https://api.github.com/users/Quitten/repos", "events_url": "https://api.github.com/users/Quitten/events{/privacy}", "received_events_url": "https://api.github.com/users/Quitten/received_events", "type": "User", "site_admin": false}, "committer": {"login": "web-flow", "id": 19864447, "node_id": "MDQ6VXNlcjE5ODY0NDQ3", "avatar_url": "https://avatars.githubusercontent.com/u/19864447?v=4", "gravatar_id": "", "url": "https://api.github.com/users/web-flow", "html_url": "https://github.com/web-flow", "followers_url": "https://api.github.com/users/web-flow/followers", "following_url": "https://api.github.com/users/web-flow/following{/other_user}", "gists_url": "https://api.github.com/users/web-flow/gists{/gist_id}", "starred_url": "https://api.github.com/users/web-flow/starred{/owner}{/repo}", "subscriptions_url": "https://api.github.com/users/web-flow/subscriptions", "organizations_url": "https://api.github.com/users/web-flow/orgs", "repos_url": "https://api.github.com/users/web-flow/repos", "events_url": "https://api.github.com/users/web-flow/events{/privacy}", "received_events_url": "https://api.github.com/users/web-flow/received_events", "type": "User", "site_admin": false}, "parents": [{"sha": "a717c324bb4d0113807c81652cf2e6a9ea31fa3f", "url": "https://api.github.com/repos/Quitten/XSSor/commits/a717c324bb4d0113807c81652cf2e6a9ea31fa3f", "html_url": "https://github.com/Quitten/XSSor/commit/a717c324bb4d0113807c81652cf2e6a9ea31fa3f"}]}, {"sha": "a717c324bb4d0113807c81652cf2e6a9ea31fa3f", "node_id": "MDY6Q29tbWl0NjU1MTE3NzQ6YTcxN2MzMjRiYjRkMDExMzgwN2M4MTY1MmNmMmU2YTllYTMxZmEzZg==", "commit": {"author": {"name": "Barak Tawily", "email": "quitten11@gmail.com", "date": "2016-08-20T20:53:24Z"}, "committer": {"name": "GitHub", "email": "noreply@github.com", "date": "2016-08-20T20:53:24Z"}, "message": "Update README.md", "tree": {"sha": "65fc7ec7a1647fa0abe2b4fce92e7ecd52f821b6", "url": "https://api.github.com/repos/Quitten/XSSor/git/trees/65fc7ec7a1647fa0abe2b4fce92e7ecd52f821b6"}, "url": "https://api.github.com/repos/Quitten/XSSor/git/commits/a717c324bb4d0113807c81652cf2e6a9ea31fa3f", "comment_count": 0, "verification": {"verified": false, "reason": "unsigned", "signature": null, "payload": null}}, "url": "https://api.github.com/repos/Quitten/XSSor/commits/a717c324bb4d0113807c81652cf2e6a9ea31fa3f", "html_url": "https://github.com/Quitten/XSSor/commit/a717c324bb4d0113807c81652cf2e6a9ea31fa3f", "comments_url": "https://api.github.com/repos/Quitten/XSSor/commits/a717c324bb4d0113807c81652cf2e6a9ea31fa3f/comments", "author": {"login": "Quitten", "id": 8288210, "node_id": "MDQ6VXNlcjgyODgyMTA=", "avatar_url": "https://avatars.githubusercontent.com/u/8288210?v=4", "gravatar_id": "", "url": "https://api.github.com/users/Quitten", "html_url": "https://github.com/Quitten", "followers_url": "https://api.github.com/users/Quitten/followers", "following_url": "https://api.github.com/users/Quitten/following{/other_user}", "gists_url": "https://api.github.com/users/Quitten/gists{/gist_id}", "starred_url": "https://api.github.com/users/Quitten/starred{/owner}{/repo}", "subscriptions_url": "https://api.github.com/users/Quitten/subscriptions", "organizations_url": "https://api.github.com/users/Quitten/orgs", "repos_url": "https://api.github.com/users/Quitten/repos", "events_url": "https://api.github.com/users/Quitten/events{/privacy}", "received_events_url": "https://api.github.com/users/Quitten/received_events", "type": "User", "site_admin": false}, "committer": {"login": "web-flow", "id": 19864447, "node_id": "MDQ6VXNlcjE5ODY0NDQ3", "avatar_url": "https://avatars.githubusercontent.com/u/19864447?v=4", "gravatar_id": "", "url": "https://api.github.com/users/web-flow", "html_url": "https://github.com/web-flow", "followers_url": "https://api.github.com/users/web-flow/followers", "following_url": "https://api.github.com/users/web-flow/following{/other_user}", "gists_url": "https://api.github.com/users/web-flow/gists{/gist_id}", "starred_url": "https://api.github.com/users/web-flow/starred{/owner}{/repo}", "subscriptions_url": "https://api.github.com/users/web-flow/subscriptions", "organizations_url": "https://api.github.com/users/web-flow/orgs", "repos_url": "https://api.github.com/users/web-flow/repos", "events_url": "https://api.github.com/users/web-flow/events{/privacy}", "received_events_url": "https://api.github.com/users/web-flow/received_events", "type": "User", "site_admin": false}, "parents": [{"sha": "c5297a3bd4c6a1f714058c8d2ac51264bf1d8027", "url": "https://api.github.com/repos/Quitten/XSSor/commits/c5297a3bd4c6a1f714058c8d2ac51264bf1d8027", "html_url": "https://github.com/Quitten/XSSor/commit/c5297a3bd4c6a1f714058c8d2ac51264bf1d8027"}]}, {"sha": "c5297a3bd4c6a1f714058c8d2ac51264bf1d8027", "node_id": "MDY6Q29tbWl0NjU1MTE3NzQ6YzUyOTdhM2JkNGM2YTFmNzE0MDU4YzhkMmFjNTEyNjRiZjFkODAyNw==", "commit": {"author": {"name": "Barak Tawily", "email": "quitten11@gmail.com", "date": "2016-08-18T23:24:08Z"}, "committer": {"name": "GitHub", "email": "noreply@github.com", "date": "2016-08-18T23:24:08Z"}, "message": "readme", "tree": {"sha": "dc6e91c7ca28231066f01249bb8ddb361a8cfaf1", "url": "https://api.github.com/repos/Quitten/XSSor/git/trees/dc6e91c7ca28231066f01249bb8ddb361a8cfaf1"}, "url": "https://api.github.com/repos/Quitten/XSSor/git/commits/c5297a3bd4c6a1f714058c8d2ac51264bf1d8027", "comment_count": 0, "verification": {"verified": false, "reason": "unsigned", "signature": null, "payload": null}}, "url": "https://api.github.com/repos/Quitten/XSSor/commits/c5297a3bd4c6a1f714058c8d2ac51264bf1d8027", "html_url": "https://github.com/Quitten/XSSor/commit/c5297a3bd4c6a1f714058c8d2ac51264bf1d8027", "comments_url": "https://api.github.com/repos/Quitten/XSSor/commits/c5297a3bd4c6a1f714058c8d2ac51264bf1d8027/comments", "author": {"login": "Quitten", "id": 8288210, "node_id": "MDQ6VXNlcjgyODgyMTA=", "avatar_url": "https://avatars.githubusercontent.com/u/8288210?v=4", "gravatar_id": "", "url": "https://api.github.com/users/Quitten", "html_url": "https://github.com/Quitten", "followers_url": "https://api.github.com/users/Quitten/followers", "following_url": "https://api.github.com/users/Quitten/following{/other_user}", "gists_url": "https://api.github.com/users/Quitten/gists{/gist_id}", "starred_url": "https://api.github.com/users/Quitten/starred{/owner}{/repo}", "subscriptions_url": "https://api.github.com/users/Quitten/subscriptions", "organizations_url": "https://api.github.com/users/Quitten/orgs", "repos_url": "https://api.github.com/users/Quitten/repos", "events_url": "https://api.github.com/users/Quitten/events{/privacy}", "received_events_url": "https://api.github.com/users/Quitten/received_events", "type": "User", "site_admin": false}, "committer": {"login": "web-flow", "id": 19864447, "node_id": "MDQ6VXNlcjE5ODY0NDQ3", "avatar_url": "https://avatars.githubusercontent.com/u/19864447?v=4", "gravatar_id": "", "url": "https://api.github.com/users/web-flow", "html_url": "https://github.com/web-flow", "followers_url": "https://api.github.com/users/web-flow/followers", "following_url": "https://api.github.com/users/web-flow/following{/other_user}", "gists_url": "https://api.github.com/users/web-flow/gists{/gist_id}", "starred_url": "https://api.github.com/users/web-flow/starred{/owner}{/repo}", "subscriptions_url": "https://api.github.com/users/web-flow/subscriptions", "organizations_url": "https://api.github.com/users/web-flow/orgs", "repos_url": "https://api.github.com/users/web-flow/repos", "events_url": "https://api.github.com/users/web-flow/events{/privacy}", "received_events_url": "https://api.github.com/users/web-flow/received_events", "type": "User", "site_admin": false}, "parents": [{"sha": "f7e4b12e1371039a79807b05af99911f4eb6be72", "url": "https://api.github.com/repos/Quitten/XSSor/commits/f7e4b12e1371039a79807b05af99911f4eb6be72", "html_url": "https://github.com/Quitten/XSSor/commit/f7e4b12e1371039a79807b05af99911f4eb6be72"}]}, {"sha": "f7e4b12e1371039a79807b05af99911f4eb6be72", "node_id": "MDY6Q29tbWl0NjU1MTE3NzQ6ZjdlNGIxMmUxMzcxMDM5YTc5ODA3YjA1YWY5OTkxMWY0ZWI2YmU3Mg==", "commit": {"author": {"name": "Barak Tawily", "email": "quitten11@gmail.com", "date": "2016-08-17T01:15:15Z"}, "committer": {"name": "GitHub", "email": "noreply@github.com", "date": "2016-08-17T01:15:15Z"}, "message": "bug fixing", "tree": {"sha": "679d4d1aea16a59903fe5876c4e38d9590310766", "url": "https://api.github.com/repos/Quitten/XSSor/git/trees/679d4d1aea16a59903fe5876c4e38d9590310766"}, "url": "https://api.github.com/repos/Quitten/XSSor/git/commits/f7e4b12e1371039a79807b05af99911f4eb6be72", "comment_count": 0, "verification": {"verified": false, "reason": "unsigned", "signature": null, "payload": null}}, "url": "https://api.github.com/repos/Quitten/XSSor/commits/f7e4b12e1371039a79807b05af99911f4eb6be72", "html_url": "https://github.com/Quitten/XSSor/commit/f7e4b12e1371039a79807b05af99911f4eb6be72", "comments_url": "https://api.github.com/repos/Quitten/XSSor/commits/f7e4b12e1371039a79807b05af99911f4eb6be72/comments", "author": {"login": "Quitten", "id": 8288210, "node_id": "MDQ6VXNlcjgyODgyMTA=", "avatar_url": "https://avatars.githubusercontent.com/u/8288210?v=4", "gravatar_id": "", "url": "https://api.github.com/users/Quitten", "html_url": "https://github.com/Quitten", "followers_url": "https://api.github.com/users/Quitten/followers", "following_url": "https://api.github.com/users/Quitten/following{/other_user}", "gists_url": "https://api.github.com/users/Quitten/gists{/gist_id}", "starred_url": "https://api.github.com/users/Quitten/starred{/owner}{/repo}", "subscriptions_url": "https://api.github.com/users/Quitten/subscriptions", "organizations_url": "https://api.github.com/users/Quitten/orgs", "repos_url": "https://api.github.com/users/Quitten/repos", "events_url": "https://api.github.com/users/Quitten/events{/privacy}", "received_events_url": "https://api.github.com/users/Quitten/received_events", "type": "User", "site_admin": false}, "committer": {"login": "web-flow", "id": 19864447, "node_id": "MDQ6VXNlcjE5ODY0NDQ3", "avatar_url": "https://avatars.githubusercontent.com/u/19864447?v=4", "gravatar_id": "", "url": "https://api.github.com/users/web-flow", "html_url": "https://github.com/web-flow", "followers_url": "https://api.github.com/users/web-flow/followers", "following_url": "https://api.github.com/users/web-flow/following{/other_user}", "gists_url": "https://api.github.com/users/web-flow/gists{/gist_id}", "starred_url": "https://api.github.com/users/web-flow/starred{/owner}{/repo}", "subscriptions_url": "https://api.github.com/users/web-flow/subscriptions", "organizations_url": "https://api.github.com/users/web-flow/orgs", "repos_url": "https://api.github.com/users/web-flow/repos", "events_url": "https://api.github.com/users/web-flow/events{/privacy}", "received_events_url": "https://api.github.com/users/web-flow/received_events", "type": "User", "site_admin": false}, "parents": [{"sha": "87e1adc473d1d408873d0f77511e119fd40ef493", "url": "https://api.github.com/repos/Quitten/XSSor/commits/87e1adc473d1d408873d0f77511e119fd40ef493", "html_url": "https://github.com/Quitten/XSSor/commit/87e1adc473d1d408873d0f77511e119fd40ef493"}]}, {"sha": "87e1adc473d1d408873d0f77511e119fd40ef493", "node_id": "MDY6Q29tbWl0NjU1MTE3NzQ6ODdlMWFkYzQ3M2QxZDQwODg3M2QwZjc3NTExZTExOWZkNDBlZjQ5Mw==", "commit": {"author": {"name": "Barak Tawily", "email": "quitten11@gmail.com", "date": "2016-08-17T00:28:09Z"}, "committer": {"name": "GitHub", "email": "noreply@github.com", "date": "2016-08-17T00:28:09Z"}, "message": "images", "tree": {"sha": "e89b1c2578ee0a093f62b71d72865f9aab6e3d92", "url": "https://api.github.com/repos/Quitten/XSSor/git/trees/e89b1c2578ee0a093f62b71d72865f9aab6e3d92"}, "url": "https://api.github.com/repos/Quitten/XSSor/git/commits/87e1adc473d1d408873d0f77511e119fd40ef493", "comment_count": 0, "verification": {"verified": false, "reason": "unsigned", "signature": null, "payload": null}}, "url": "https://api.github.com/repos/Quitten/XSSor/commits/87e1adc473d1d408873d0f77511e119fd40ef493", "html_url": "https://github.com/Quitten/XSSor/commit/87e1adc473d1d408873d0f77511e119fd40ef493", "comments_url": "https://api.github.com/repos/Quitten/XSSor/commits/87e1adc473d1d408873d0f77511e119fd40ef493/comments", "author": {"login": "Quitten", "id": 8288210, "node_id": "MDQ6VXNlcjgyODgyMTA=", "avatar_url": "https://avatars.githubusercontent.com/u/8288210?v=4", "gravatar_id": "", "url": "https://api.github.com/users/Quitten", "html_url": "https://github.com/Quitten", "followers_url": "https://api.github.com/users/Quitten/followers", "following_url": "https://api.github.com/users/Quitten/following{/other_user}", "gists_url": "https://api.github.com/users/Quitten/gists{/gist_id}", "starred_url": "https://api.github.com/users/Quitten/starred{/owner}{/repo}", "subscriptions_url": "https://api.github.com/users/Quitten/subscriptions", "organizations_url": "https://api.github.com/users/Quitten/orgs", "repos_url": "https://api.github.com/users/Quitten/repos", "events_url": "https://api.github.com/users/Quitten/events{/privacy}", "received_events_url": "https://api.github.com/users/Quitten/received_events", "type": "User", "site_admin": false}, "committer": {"login": "web-flow", "id": 19864447, "node_id": "MDQ6VXNlcjE5ODY0NDQ3", "avatar_url": "https://avatars.githubusercontent.com/u/19864447?v=4", "gravatar_id": "", "url": "https://api.github.com/users/web-flow", "html_url": "https://github.com/web-flow", "followers_url": "https://api.github.com/users/web-flow/followers", "following_url": "https://api.github.com/users/web-flow/following{/other_user}", "gists_url": "https://api.github.com/users/web-flow/gists{/gist_id}", "starred_url": "https://api.github.com/users/web-flow/starred{/owner}{/repo}", "subscriptions_url": "https://api.github.com/users/web-flow/subscriptions", "organizations_url": "https://api.github.com/users/web-flow/orgs", "repos_url": "https://api.github.com/users/web-flow/repos", "events_url": "https://api.github.com/users/web-flow/events{/privacy}", "received_events_url": "https://api.github.com/users/web-flow/received_events", "type": "User", "site_admin": false}, "parents": [{"sha": "8cf0dbec6d6867997b2f5dc6d22207063a13e8c9", "url": "https://api.github.com/repos/Quitten/XSSor/commits/8cf0dbec6d6867997b2f5dc6d22207063a13e8c9", "html_url": "https://github.com/Quitten/XSSor/commit/8cf0dbec6d6867997b2f5dc6d22207063a13e8c9"}]}, {"sha": "8cf0dbec6d6867997b2f5dc6d22207063a13e8c9", "node_id": "MDY6Q29tbWl0NjU1MTE3NzQ6OGNmMGRiZWM2ZDY4Njc5OTdiMmY1ZGM2ZDIyMjA3MDYzYTEzZThjOQ==", "commit": {"author": {"name": "Barak Tawily", "email": "quitten11@gmail.com", "date": "2016-08-12T00:59:13Z"}, "committer": {"name": "GitHub", "email": "noreply@github.com", "date": "2016-08-12T00:59:13Z"}, "message": "XSSor first commit\n\ncore code :)", "tree": {"sha": "6422a992c9d8c5844d9017f6b0f800e12d987d90", "url": "https://api.github.com/repos/Quitten/XSSor/git/trees/6422a992c9d8c5844d9017f6b0f800e12d987d90"}, "url": "https://api.github.com/repos/Quitten/XSSor/git/commits/8cf0dbec6d6867997b2f5dc6d22207063a13e8c9", "comment_count": 0, "verification": {"verified": false, "reason": "unsigned", "signature": null, "payload": null}}, "url": "https://api.github.com/repos/Quitten/XSSor/commits/8cf0dbec6d6867997b2f5dc6d22207063a13e8c9", "html_url": "https://github.com/Quitten/XSSor/commit/8cf0dbec6d6867997b2f5dc6d22207063a13e8c9", "comments_url": "https://api.github.com/repos/Quitten/XSSor/commits/8cf0dbec6d6867997b2f5dc6d22207063a13e8c9/comments", "author": {"login": "Quitten", "id": 8288210, "node_id": "MDQ6VXNlcjgyODgyMTA=", "avatar_url": "https://avatars.githubusercontent.com/u/8288210?v=4", "gravatar_id": "", "url": "https://api.github.com/users/Quitten", "html_url": "https://github.com/Quitten", "followers_url": "https://api.github.com/users/Quitten/followers", "following_url": "https://api.github.com/users/Quitten/following{/other_user}", "gists_url": "https://api.github.com/users/Quitten/gists{/gist_id}", "starred_url": "https://api.github.com/users/Quitten/starred{/owner}{/repo}", "subscriptions_url": "https://api.github.com/users/Quitten/subscriptions", "organizations_url": "https://api.github.com/users/Quitten/orgs", "repos_url": "https://api.github.com/users/Quitten/repos", "events_url": "https://api.github.com/users/Quitten/events{/privacy}", "received_events_url": "https://api.github.com/users/Quitten/received_events", "type": "User", "site_admin": false}, "committer": {"login": "web-flow", "id": 19864447, "node_id": "MDQ6VXNlcjE5ODY0NDQ3", "avatar_url": "https://avatars.githubusercontent.com/u/19864447?v=4", "gravatar_id": "", "url": "https://api.github.com/users/web-flow", "html_url": "https://github.com/web-flow", "followers_url": "https://api.github.com/users/web-flow/followers", "following_url": "https://api.github.com/users/web-flow/following{/other_user}", "gists_url": "https://api.github.com/users/web-flow/gists{/gist_id}", "starred_url": "https://api.github.com/users/web-flow/starred{/owner}{/repo}", "subscriptions_url": "https://api.github.com/users/web-flow/subscriptions", "organizations_url": "https://api.github.com/users/web-flow/orgs", "repos_url": "https://api.github.com/users/web-flow/repos", "events_url": "https://api.github.com/users/web-flow/events{/privacy}", "received_events_url": "https://api.github.com/users/web-flow/received_events", "type": "User", "site_admin": false}, "parents": [{"sha": "79c1f667aa3bf98f52e77bda8d2b21496d4439d8", "url": "https://api.github.com/repos/Quitten/XSSor/commits/79c1f667aa3bf98f52e77bda8d2b21496d4439d8", "html_url": "https://github.com/Quitten/XSSor/commit/79c1f667aa3bf98f52e77bda8d2b21496d4439d8"}]}, {"sha": "79c1f667aa3bf98f52e77bda8d2b21496d4439d8", "node_id": "MDY6Q29tbWl0NjU1MTE3NzQ6NzljMWY2NjdhYTNiZjk4ZjUyZTc3YmRhOGQyYjIxNDk2ZDQ0MzlkOA==", "commit": {"author": {"name": "Barak Tawily", "email": "quitten11@gmail.com", "date": "2016-08-12T00:58:25Z"}, "committer": {"name": "Barak Tawily", "email": "quitten11@gmail.com", "date": "2016-08-12T00:58:25Z"}, "message": "Initial commit", "tree": {"sha": "f4099ea97099d0900522823c6931de51ec45d5c4", "url": "https://api.github.com/repos/Quitten/XSSor/git/trees/f4099ea97099d0900522823c6931de51ec45d5c4"}, "url": "https://api.github.com/repos/Quitten/XSSor/git/commits/79c1f667aa3bf98f52e77bda8d2b21496d4439d8", "comment_count": 0, "verification": {"verified": false, "reason": "unsigned", "signature": null, "payload": null}}, "url": "https://api.github.com/repos/Quitten/XSSor/commits/79c1f667aa3bf98f52e77bda8d2b21496d4439d8", "html_url": "https://github.com/Quitten/XSSor/commit/79c1f667aa3bf98f52e77bda8d2b21496d4439d8", "comments_url": "https://api.github.com/repos/Quitten/XSSor/commits/79c1f667aa3bf98f52e77bda8d2b21496d4439d8/comments", "author": {"login": "Quitten", "id": 8288210, "node_id": "MDQ6VXNlcjgyODgyMTA=", "avatar_url": "https://avatars.githubusercontent.com/u/8288210?v=4", "gravatar_id": "", "url": "https://api.github.com/users/Quitten", "html_url": "https://github.com/Quitten", "followers_url": "https://api.github.com/users/Quitten/followers", "following_url": "https://api.github.com/users/Quitten/following{/other_user}", "gists_url": "https://api.github.com/users/Quitten/gists{/gist_id}", "starred_url": "https://api.github.com/users/Quitten/starred{/owner}{/repo}", "subscriptions_url": "https://api.github.com/users/Quitten/subscriptions", "organizations_url": "https://api.github.com/users/Quitten/orgs", "repos_url": "https://api.github.com/users/Quitten/repos", "events_url": "https://api.github.com/users/Quitten/events{/privacy}", "received_events_url": "https://api.github.com/users/Quitten/received_events", "type": "User", "site_admin": false}, "committer": {"login": "Quitten", "id": 8288210, "node_id": "MDQ6VXNlcjgyODgyMTA=", "avatar_url": "https://avatars.githubusercontent.com/u/8288210?v=4", "gravatar_id": "", "url": "https://api.github.com/users/Quitten", "html_url": "https://github.com/Quitten", "followers_url": "https://api.github.com/users/Quitten/followers", "following_url": "https://api.github.com/users/Quitten/following{/other_user}", "gists_url": "https://api.github.com/users/Quitten/gists{/gist_id}", "starred_url": "https://api.github.com/users/Quitten/starred{/owner}{/repo}", "subscriptions_url": "https://api.github.com/users/Quitten/subscriptions", "organizations_url": "https://api.github.com/users/Quitten/orgs", "repos_url": "https://api.github.com/users/Quitten/repos", "events_url": "https://api.github.com/users/Quitten/events{/privacy}", "received_events_url": "https://api.github.com/users/Quitten/received_events", "type": "User", "site_admin": false}, "parents": []}]