[{"sha": "52268f83b4d0538c5cf6e156b68e50c6c0c251a4", "node_id": "MDY6Q29tbWl0MzUwMzcyMzo1MjI2OGY4M2I0ZDA1MzhjNWNmNmUxNTZiNjhlNTBjNmMwYzI1MWE0", "commit": {"author": {"name": "singe", "email": "singe-github@singe.za.net", "date": "2015-04-23T10:14:29Z"}, "committer": {"name": "singe", "email": "singe-github@singe.za.net", "date": "2015-04-23T10:14:29Z"}, "message": "Added link to latest release", "tree": {"sha": "265b203b88f0a8435c3cdc8bc72756643f211527", "url": "https://api.github.com/repos/sensepost/wikto/git/trees/265b203b88f0a8435c3cdc8bc72756643f211527"}, "url": "https://api.github.com/repos/sensepost/wikto/git/commits/52268f83b4d0538c5cf6e156b68e50c6c0c251a4", "comment_count": 0, "verification": {"verified": false, "reason": "unsigned", "signature": null, "payload": null}}, "url": "https://api.github.com/repos/sensepost/wikto/commits/52268f83b4d0538c5cf6e156b68e50c6c0c251a4", "html_url": "https://github.com/sensepost/wikto/commit/52268f83b4d0538c5cf6e156b68e50c6c0c251a4", "comments_url": "https://api.github.com/repos/sensepost/wikto/commits/52268f83b4d0538c5cf6e156b68e50c6c0c251a4/comments", "author": {"login": "singe", "id": 1150684, "node_id": "MDQ6VXNlcjExNTA2ODQ=", "avatar_url": "https://avatars.githubusercontent.com/u/1150684?v=4", "gravatar_id": "", "url": "https://api.github.com/users/singe", "html_url": "https://github.com/singe", "followers_url": "https://api.github.com/users/singe/followers", "following_url": "https://api.github.com/users/singe/following{/other_user}", "gists_url": "https://api.github.com/users/singe/gists{/gist_id}", "starred_url": "https://api.github.com/users/singe/starred{/owner}{/repo}", "subscriptions_url": "https://api.github.com/users/singe/subscriptions", "organizations_url": "https://api.github.com/users/singe/orgs", "repos_url": "https://api.github.com/users/singe/repos", "events_url": "https://api.github.com/users/singe/events{/privacy}", "received_events_url": "https://api.github.com/users/singe/received_events", "type": "User", "site_admin": false}, "committer": {"login": "singe", "id": 1150684, "node_id": "MDQ6VXNlcjExNTA2ODQ=", "avatar_url": "https://avatars.githubusercontent.com/u/1150684?v=4", "gravatar_id": "", "url": "https://api.github.com/users/singe", "html_url": "https://github.com/singe", "followers_url": "https://api.github.com/users/singe/followers", "following_url": "https://api.github.com/users/singe/following{/other_user}", "gists_url": "https://api.github.com/users/singe/gists{/gist_id}", "starred_url": "https://api.github.com/users/singe/starred{/owner}{/repo}", "subscriptions_url": "https://api.github.com/users/singe/subscriptions", "organizations_url": "https://api.github.com/users/singe/orgs", "repos_url": "https://api.github.com/users/singe/repos", "events_url": "https://api.github.com/users/singe/events{/privacy}", "received_events_url": "https://api.github.com/users/singe/received_events", "type": "User", "site_admin": false}, "parents": [{"sha": "0c9128a09415d4df4e50dcbd0d14919ac6b9ceb9", "url": "https://api.github.com/repos/sensepost/wikto/commits/0c9128a09415d4df4e50dcbd0d14919ac6b9ceb9", "html_url": "https://github.com/sensepost/wikto/commit/0c9128a09415d4df4e50dcbd0d14919ac6b9ceb9"}]}, {"sha": "0c9128a09415d4df4e50dcbd0d14919ac6b9ceb9", "node_id": "MDY6Q29tbWl0MzUwMzcyMzowYzkxMjhhMDk0MTVkNGRmNGU1MGRjYmQwZDE0OTE5YWM2YjljZWI5", "commit": {"author": {"name": "singe", "email": "singe-github@singe.za.net", "date": "2015-04-23T10:09:14Z"}, "committer": {"name": "singe", "email": "singe-github@singe.za.net", "date": "2015-04-23T10:09:14Z"}, "message": "Updated link to documentation", "tree": {"sha": "a298a034d1030bacafe1d2ac6eded2e7d08f48fc", "url": "https://api.github.com/repos/sensepost/wikto/git/trees/a298a034d1030bacafe1d2ac6eded2e7d08f48fc"}, "url": "https://api.github.com/repos/sensepost/wikto/git/commits/0c9128a09415d4df4e50dcbd0d14919ac6b9ceb9", "comment_count": 0, "verification": {"verified": false, "reason": "unsigned", "signature": null, "payload": null}}, "url": "https://api.github.com/repos/sensepost/wikto/commits/0c9128a09415d4df4e50dcbd0d14919ac6b9ceb9", "html_url": "https://github.com/sensepost/wikto/commit/0c9128a09415d4df4e50dcbd0d14919ac6b9ceb9", "comments_url": "https://api.github.com/repos/sensepost/wikto/commits/0c9128a09415d4df4e50dcbd0d14919ac6b9ceb9/comments", "author": {"login": "singe", "id": 1150684, "node_id": "MDQ6VXNlcjExNTA2ODQ=", "avatar_url": "https://avatars.githubusercontent.com/u/1150684?v=4", "gravatar_id": "", "url": "https://api.github.com/users/singe", "html_url": "https://github.com/singe", "followers_url": "https://api.github.com/users/singe/followers", "following_url": "https://api.github.com/users/singe/following{/other_user}", "gists_url": "https://api.github.com/users/singe/gists{/gist_id}", "starred_url": "https://api.github.com/users/singe/starred{/owner}{/repo}", "subscriptions_url": "https://api.github.com/users/singe/subscriptions", "organizations_url": "https://api.github.com/users/singe/orgs", "repos_url": "https://api.github.com/users/singe/repos", "events_url": "https://api.github.com/users/singe/events{/privacy}", "received_events_url": "https://api.github.com/users/singe/received_events", "type": "User", "site_admin": false}, "committer": {"login": "singe", "id": 1150684, "node_id": "MDQ6VXNlcjExNTA2ODQ=", "avatar_url": "https://avatars.githubusercontent.com/u/1150684?v=4", "gravatar_id": "", "url": "https://api.github.com/users/singe", "html_url": "https://github.com/singe", "followers_url": "https://api.github.com/users/singe/followers", "following_url": "https://api.github.com/users/singe/following{/other_user}", "gists_url": "https://api.github.com/users/singe/gists{/gist_id}", "starred_url": "https://api.github.com/users/singe/starred{/owner}{/repo}", "subscriptions_url": "https://api.github.com/users/singe/subscriptions", "organizations_url": "https://api.github.com/users/singe/orgs", "repos_url": "https://api.github.com/users/singe/repos", "events_url": "https://api.github.com/users/singe/events{/privacy}", "received_events_url": "https://api.github.com/users/singe/received_events", "type": "User", "site_admin": false}, "parents": [{"sha": "3357010eb9e3ccfc5128a0e7ef6d7d77c356321b", "url": "https://api.github.com/repos/sensepost/wikto/commits/3357010eb9e3ccfc5128a0e7ef6d7d77c356321b", "html_url": "https://github.com/sensepost/wikto/commit/3357010eb9e3ccfc5128a0e7ef6d7d77c356321b"}]}, {"sha": "3357010eb9e3ccfc5128a0e7ef6d7d77c356321b", "node_id": "MDY6Q29tbWl0MzUwMzcyMzozMzU3MDEwZWI5ZTNjY2ZjNTEyOGEwZTdlZjZkN2Q3N2MzNTYzMjFi", "commit": {"author": {"name": "singe", "email": "singe-github@singe.za.net", "date": "2015-04-23T10:07:26Z"}, "committer": {"name": "singe", "email": "singe-github@singe.za.net", "date": "2015-04-23T10:07:26Z"}, "message": "Added documentation", "tree": {"sha": "e7aaf86c864ff3bdb141118ad1d091528717ccae", "url": "https://api.github.com/repos/sensepost/wikto/git/trees/e7aaf86c864ff3bdb141118ad1d091528717ccae"}, "url": "https://api.github.com/repos/sensepost/wikto/git/commits/3357010eb9e3ccfc5128a0e7ef6d7d77c356321b", "comment_count": 0, "verification": {"verified": false, "reason": "unsigned", "signature": null, "payload": null}}, "url": "https://api.github.com/repos/sensepost/wikto/commits/3357010eb9e3ccfc5128a0e7ef6d7d77c356321b", "html_url": "https://github.com/sensepost/wikto/commit/3357010eb9e3ccfc5128a0e7ef6d7d77c356321b", "comments_url": "https://api.github.com/repos/sensepost/wikto/commits/3357010eb9e3ccfc5128a0e7ef6d7d77c356321b/comments", "author": {"login": "singe", "id": 1150684, "node_id": "MDQ6VXNlcjExNTA2ODQ=", "avatar_url": "https://avatars.githubusercontent.com/u/1150684?v=4", "gravatar_id": "", "url": "https://api.github.com/users/singe", "html_url": "https://github.com/singe", "followers_url": "https://api.github.com/users/singe/followers", "following_url": "https://api.github.com/users/singe/following{/other_user}", "gists_url": "https://api.github.com/users/singe/gists{/gist_id}", "starred_url": "https://api.github.com/users/singe/starred{/owner}{/repo}", "subscriptions_url": "https://api.github.com/users/singe/subscriptions", "organizations_url": "https://api.github.com/users/singe/orgs", "repos_url": "https://api.github.com/users/singe/repos", "events_url": "https://api.github.com/users/singe/events{/privacy}", "received_events_url": "https://api.github.com/users/singe/received_events", "type": "User", "site_admin": false}, "committer": {"login": "singe", "id": 1150684, "node_id": "MDQ6VXNlcjExNTA2ODQ=", "avatar_url": "https://avatars.githubusercontent.com/u/1150684?v=4", "gravatar_id": "", "url": "https://api.github.com/users/singe", "html_url": "https://github.com/singe", "followers_url": "https://api.github.com/users/singe/followers", "following_url": "https://api.github.com/users/singe/following{/other_user}", "gists_url": "https://api.github.com/users/singe/gists{/gist_id}", "starred_url": "https://api.github.com/users/singe/starred{/owner}{/repo}", "subscriptions_url": "https://api.github.com/users/singe/subscriptions", "organizations_url": "https://api.github.com/users/singe/orgs", "repos_url": "https://api.github.com/users/singe/repos", "events_url": "https://api.github.com/users/singe/events{/privacy}", "received_events_url": "https://api.github.com/users/singe/received_events", "type": "User", "site_admin": false}, "parents": [{"sha": "55594e683f23195de416391977b0f56e4090f54b", "url": "https://api.github.com/repos/sensepost/wikto/commits/55594e683f23195de416391977b0f56e4090f54b", "html_url": "https://github.com/sensepost/wikto/commit/55594e683f23195de416391977b0f56e4090f54b"}]}, {"sha": "55594e683f23195de416391977b0f56e4090f54b", "node_id": "MDY6Q29tbWl0MzUwMzcyMzo1NTU5NGU2ODNmMjMxOTVkZTQxNjM5MTk3N2IwZjU2ZTQwOTBmNTRi", "commit": {"author": {"name": "SensePost Pty Ltd", "email": "github@sensepost.com", "date": "2012-02-21T12:49:54Z"}, "committer": {"name": "SensePost Pty Ltd", "email": "github@sensepost.com", "date": "2012-02-21T12:49:54Z"}, "message": "Updated README", "tree": {"sha": "69807cb992c7c3cfa2e4dc7e6394fa1f5fc50e21", "url": "https://api.github.com/repos/sensepost/wikto/git/trees/69807cb992c7c3cfa2e4dc7e6394fa1f5fc50e21"}, "url": "https://api.github.com/repos/sensepost/wikto/git/commits/55594e683f23195de416391977b0f56e4090f54b", "comment_count": 0, "verification": {"verified": false, "reason": "unsigned", "signature": null, "payload": null}}, "url": "https://api.github.com/repos/sensepost/wikto/commits/55594e683f23195de416391977b0f56e4090f54b", "html_url": "https://github.com/sensepost/wikto/commit/55594e683f23195de416391977b0f56e4090f54b", "comments_url": "https://api.github.com/repos/sensepost/wikto/commits/55594e683f23195de416391977b0f56e4090f54b/comments", "author": null, "committer": null, "parents": [{"sha": "e866e179ffa2ce8d04ad22fbc3fb83066e2bb8c2", "url": "https://api.github.com/repos/sensepost/wikto/commits/e866e179ffa2ce8d04ad22fbc3fb83066e2bb8c2", "html_url": "https://github.com/sensepost/wikto/commit/e866e179ffa2ce8d04ad22fbc3fb83066e2bb8c2"}]}, {"sha": "e866e179ffa2ce8d04ad22fbc3fb83066e2bb8c2", "node_id": "MDY6Q29tbWl0MzUwMzcyMzplODY2ZTE3OWZmYTJjZThkMDRhZDIyZmJjM2ZiODMwNjZlMmJiOGMy", "commit": {"author": {"name": "SensePost Pty Ltd", "email": "github@sensepost.com", "date": "2012-02-21T12:48:19Z"}, "committer": {"name": "SensePost Pty Ltd", "email": "github@sensepost.com", "date": "2012-02-21T12:48:19Z"}, "message": "Updated README", "tree": {"sha": "3cf5dc0525420c3da0cb1ad05b66925b9f1733d7", "url": "https://api.github.com/repos/sensepost/wikto/git/trees/3cf5dc0525420c3da0cb1ad05b66925b9f1733d7"}, "url": "https://api.github.com/repos/sensepost/wikto/git/commits/e866e179ffa2ce8d04ad22fbc3fb83066e2bb8c2", "comment_count": 0, "verification": {"verified": false, "reason": "unsigned", "signature": null, "payload": null}}, "url": "https://api.github.com/repos/sensepost/wikto/commits/e866e179ffa2ce8d04ad22fbc3fb83066e2bb8c2", "html_url": "https://github.com/sensepost/wikto/commit/e866e179ffa2ce8d04ad22fbc3fb83066e2bb8c2", "comments_url": "https://api.github.com/repos/sensepost/wikto/commits/e866e179ffa2ce8d04ad22fbc3fb83066e2bb8c2/comments", "author": null, "committer": null, "parents": [{"sha": "ab31aaf9e523459c0e5243adbb3f92d01684c287", "url": "https://api.github.com/repos/sensepost/wikto/commits/ab31aaf9e523459c0e5243adbb3f92d01684c287", "html_url": "https://github.com/sensepost/wikto/commit/ab31aaf9e523459c0e5243adbb3f92d01684c287"}]}, {"sha": "ab31aaf9e523459c0e5243adbb3f92d01684c287", "node_id": "MDY6Q29tbWl0MzUwMzcyMzphYjMxYWFmOWU1MjM0NTljMGU1MjQzYWRiYjNmOTJkMDE2ODRjMjg3", "commit": {"author": {"name": "SensePost Pty Ltd", "email": "github@sensepost.com", "date": "2012-02-21T12:44:47Z"}, "committer": {"name": "SensePost Pty Ltd", "email": "github@sensepost.com", "date": "2012-02-21T12:44:47Z"}, "message": "First Commit", "tree": {"sha": "407d95507e5ea1d4389bc270001bb5f98d07232a", "url": "https://api.github.com/repos/sensepost/wikto/git/trees/407d95507e5ea1d4389bc270001bb5f98d07232a"}, "url": "https://api.github.com/repos/sensepost/wikto/git/commits/ab31aaf9e523459c0e5243adbb3f92d01684c287", "comment_count": 0, "verification": {"verified": false, "reason": "unsigned", "signature": null, "payload": null}}, "url": "https://api.github.com/repos/sensepost/wikto/commits/ab31aaf9e523459c0e5243adbb3f92d01684c287", "html_url": "https://github.com/sensepost/wikto/commit/ab31aaf9e523459c0e5243adbb3f92d01684c287", "comments_url": "https://api.github.com/repos/sensepost/wikto/commits/ab31aaf9e523459c0e5243adbb3f92d01684c287/comments", "author": null, "committer": null, "parents": []}]