[{"sha": "6dd9ced87dd7c230e853bef483e46f245f65bad7", "node_id": "MDY6Q29tbWl0NDAzODMzMzM6NmRkOWNlZDg3ZGQ3YzIzMGU4NTNiZWY0ODNlNDZmMjQ1ZjY1YmFkNw==", "commit": {"author": {"name": "Scott Stevelinck", "email": "scott@fit-pay.com", "date": "2018-02-09T00:42:27Z"}, "committer": {"name": "Scott Stevelinck", "email": "scott@fit-pay.com", "date": "2018-02-09T00:42:27Z"}, "message": "lots of upgrades and enabling sse", "tree": {"sha": "30f5d32712d524f81e62c9ad0969f24f058e5806", "url": "https://api.github.com/repos/ssteveli/hookbin/git/trees/30f5d32712d524f81e62c9ad0969f24f058e5806"}, "url": "https://api.github.com/repos/ssteveli/hookbin/git/commits/6dd9ced87dd7c230e853bef483e46f245f65bad7", "comment_count": 0, "verification": {"verified": false, "reason": "unsigned", "signature": null, "payload": null}}, "url": "https://api.github.com/repos/ssteveli/hookbin/commits/6dd9ced87dd7c230e853bef483e46f245f65bad7", "html_url": "https://github.com/ssteveli/hookbin/commit/6dd9ced87dd7c230e853bef483e46f245f65bad7", "comments_url": "https://api.github.com/repos/ssteveli/hookbin/commits/6dd9ced87dd7c230e853bef483e46f245f65bad7/comments", "author": null, "committer": null, "parents": [{"sha": "2468aaebeb08a9624882f367a04e9200dab4aba0", "url": "https://api.github.com/repos/ssteveli/hookbin/commits/2468aaebeb08a9624882f367a04e9200dab4aba0", "html_url": "https://github.com/ssteveli/hookbin/commit/2468aaebeb08a9624882f367a04e9200dab4aba0"}]}, {"sha": "2468aaebeb08a9624882f367a04e9200dab4aba0", "node_id": "MDY6Q29tbWl0NDAzODMzMzM6MjQ2OGFhZWJlYjA4YTk2MjQ4ODJmMzY3YTA0ZTkyMDBkYWI0YWJhMA==", "commit": {"author": {"name": "Scott Stevelinck", "email": "scott@stevelinck.com", "date": "2015-08-31T16:27:45Z"}, "committer": {"name": "Scott Stevelinck", "email": "scott@stevelinck.com", "date": "2015-08-31T16:27:45Z"}, "message": "Merge pull request #4 from ssteveli/master\n\nMaster", "tree": {"sha": "130c9c0e71a73743bca762efdb101fc295e2858f", "url": "https://api.github.com/repos/ssteveli/hookbin/git/trees/130c9c0e71a73743bca762efdb101fc295e2858f"}, "url": "https://api.github.com/repos/ssteveli/hookbin/git/commits/2468aaebeb08a9624882f367a04e9200dab4aba0", "comment_count": 0, "verification": {"verified": false, "reason": "unsigned", "signature": null, "payload": null}}, "url": "https://api.github.com/repos/ssteveli/hookbin/commits/2468aaebeb08a9624882f367a04e9200dab4aba0", "html_url": "https://github.com/ssteveli/hookbin/commit/2468aaebeb08a9624882f367a04e9200dab4aba0", "comments_url": "https://api.github.com/repos/ssteveli/hookbin/commits/2468aaebeb08a9624882f367a04e9200dab4aba0/comments", "author": {"login": "ssteveli", "id": 569814, "node_id": "MDQ6VXNlcjU2OTgxNA==", "avatar_url": "https://avatars.githubusercontent.com/u/569814?v=4", "gravatar_id": "", "url": "https://api.github.com/users/ssteveli", "html_url": "https://github.com/ssteveli", "followers_url": "https://api.github.com/users/ssteveli/followers", "following_url": "https://api.github.com/users/ssteveli/following{/other_user}", "gists_url": "https://api.github.com/users/ssteveli/gists{/gist_id}", "starred_url": "https://api.github.com/users/ssteveli/starred{/owner}{/repo}", "subscriptions_url": "https://api.github.com/users/ssteveli/subscriptions", "organizations_url": "https://api.github.com/users/ssteveli/orgs", "repos_url": "https://api.github.com/users/ssteveli/repos", "events_url": "https://api.github.com/users/ssteveli/events{/privacy}", "received_events_url": "https://api.github.com/users/ssteveli/received_events", "type": "User", "site_admin": false}, "committer": {"login": "ssteveli", "id": 569814, "node_id": "MDQ6VXNlcjU2OTgxNA==", "avatar_url": "https://avatars.githubusercontent.com/u/569814?v=4", "gravatar_id": "", "url": "https://api.github.com/users/ssteveli", "html_url": "https://github.com/ssteveli", "followers_url": "https://api.github.com/users/ssteveli/followers", "following_url": "https://api.github.com/users/ssteveli/following{/other_user}", "gists_url": "https://api.github.com/users/ssteveli/gists{/gist_id}", "starred_url": "https://api.github.com/users/ssteveli/starred{/owner}{/repo}", "subscriptions_url": "https://api.github.com/users/ssteveli/subscriptions", "organizations_url": "https://api.github.com/users/ssteveli/orgs", "repos_url": "https://api.github.com/users/ssteveli/repos", "events_url": "https://api.github.com/users/ssteveli/events{/privacy}", "received_events_url": "https://api.github.com/users/ssteveli/received_events", "type": "User", "site_admin": false}, "parents": [{"sha": "4172b584efff929f2860ebca9f9a6776fed5e034", "url": "https://api.github.com/repos/ssteveli/hookbin/commits/4172b584efff929f2860ebca9f9a6776fed5e034", "html_url": "https://github.com/ssteveli/hookbin/commit/4172b584efff929f2860ebca9f9a6776fed5e034"}, {"sha": "352dba0fdd199598f2301f856b0ef58fdbf9c7cc", "url": "https://api.github.com/repos/ssteveli/hookbin/commits/352dba0fdd199598f2301f856b0ef58fdbf9c7cc", "html_url": "https://github.com/ssteveli/hookbin/commit/352dba0fdd199598f2301f856b0ef58fdbf9c7cc"}]}, {"sha": "352dba0fdd199598f2301f856b0ef58fdbf9c7cc", "node_id": "MDY6Q29tbWl0NDAzODMzMzM6MzUyZGJhMGZkZDE5OTU5OGYyMzAxZjg1NmIwZWY1OGZkYmY5YzdjYw==", "commit": {"author": {"name": "Scott Stevelinck", "email": "scott@fit-pay.com", "date": "2015-08-31T16:24:48Z"}, "committer": {"name": "Scott Stevelinck", "email": "scott@fit-pay.com", "date": "2015-08-31T16:24:48Z"}, "message": "added FT for CORS headers", "tree": {"sha": "130c9c0e71a73743bca762efdb101fc295e2858f", "url": "https://api.github.com/repos/ssteveli/hookbin/git/trees/130c9c0e71a73743bca762efdb101fc295e2858f"}, "url": "https://api.github.com/repos/ssteveli/hookbin/git/commits/352dba0fdd199598f2301f856b0ef58fdbf9c7cc", "comment_count": 0, "verification": {"verified": false, "reason": "unsigned", "signature": null, "payload": null}}, "url": "https://api.github.com/repos/ssteveli/hookbin/commits/352dba0fdd199598f2301f856b0ef58fdbf9c7cc", "html_url": "https://github.com/ssteveli/hookbin/commit/352dba0fdd199598f2301f856b0ef58fdbf9c7cc", "comments_url": "https://api.github.com/repos/ssteveli/hookbin/commits/352dba0fdd199598f2301f856b0ef58fdbf9c7cc/comments", "author": null, "committer": null, "parents": [{"sha": "883172e6bd6eaf0b0d22e29eb6ac5d42a5b2fff3", "url": "https://api.github.com/repos/ssteveli/hookbin/commits/883172e6bd6eaf0b0d22e29eb6ac5d42a5b2fff3", "html_url": "https://github.com/ssteveli/hookbin/commit/883172e6bd6eaf0b0d22e29eb6ac5d42a5b2fff3"}]}, {"sha": "883172e6bd6eaf0b0d22e29eb6ac5d42a5b2fff3", "node_id": "MDY6Q29tbWl0NDAzODMzMzM6ODgzMTcyZTZiZDZlYWYwYjBkMjJlMjllYjZhYzVkNDJhNWIyZmZmMw==", "commit": {"author": {"name": "Scott Stevelinck", "email": "scott@fit-pay.com", "date": "2015-08-31T16:18:30Z"}, "committer": {"name": "Scott Stevelinck", "email": "scott@fit-pay.com", "date": "2015-08-31T16:18:30Z"}, "message": "added cross origin filter to provide cross origin support", "tree": {"sha": "5b81a50b022ddb8722c1320de22e3c1efec14965", "url": "https://api.github.com/repos/ssteveli/hookbin/git/trees/5b81a50b022ddb8722c1320de22e3c1efec14965"}, "url": "https://api.github.com/repos/ssteveli/hookbin/git/commits/883172e6bd6eaf0b0d22e29eb6ac5d42a5b2fff3", "comment_count": 0, "verification": {"verified": false, "reason": "unsigned", "signature": null, "payload": null}}, "url": "https://api.github.com/repos/ssteveli/hookbin/commits/883172e6bd6eaf0b0d22e29eb6ac5d42a5b2fff3", "html_url": "https://github.com/ssteveli/hookbin/commit/883172e6bd6eaf0b0d22e29eb6ac5d42a5b2fff3", "comments_url": "https://api.github.com/repos/ssteveli/hookbin/commits/883172e6bd6eaf0b0d22e29eb6ac5d42a5b2fff3/comments", "author": null, "committer": null, "parents": [{"sha": "4172b584efff929f2860ebca9f9a6776fed5e034", "url": "https://api.github.com/repos/ssteveli/hookbin/commits/4172b584efff929f2860ebca9f9a6776fed5e034", "html_url": "https://github.com/ssteveli/hookbin/commit/4172b584efff929f2860ebca9f9a6776fed5e034"}]}, {"sha": "4172b584efff929f2860ebca9f9a6776fed5e034", "node_id": "MDY6Q29tbWl0NDAzODMzMzM6NDE3MmI1ODRlZmZmOTI5ZjI4NjBlYmNhOWY5YTY3NzZmZWQ1ZTAzNA==", "commit": {"author": {"name": "Scott Stevelinck", "email": "scott@fit-pay.com", "date": "2015-08-10T18:29:51Z"}, "committer": {"name": "Scott Stevelinck", "email": "scott@fit-pay.com", "date": "2015-08-10T18:29:51Z"}, "message": "added the ability to bulk delete requests", "tree": {"sha": "4a3fa4d63ae3279e7f67597a90677b59aaeecdde", "url": "https://api.github.com/repos/ssteveli/hookbin/git/trees/4a3fa4d63ae3279e7f67597a90677b59aaeecdde"}, "url": "https://api.github.com/repos/ssteveli/hookbin/git/commits/4172b584efff929f2860ebca9f9a6776fed5e034", "comment_count": 0, "verification": {"verified": false, "reason": "unsigned", "signature": null, "payload": null}}, "url": "https://api.github.com/repos/ssteveli/hookbin/commits/4172b584efff929f2860ebca9f9a6776fed5e034", "html_url": "https://github.com/ssteveli/hookbin/commit/4172b584efff929f2860ebca9f9a6776fed5e034", "comments_url": "https://api.github.com/repos/ssteveli/hookbin/commits/4172b584efff929f2860ebca9f9a6776fed5e034/comments", "author": null, "committer": null, "parents": [{"sha": "d8f6995dcbb77049deaa1a6f12e5228233e5c234", "url": "https://api.github.com/repos/ssteveli/hookbin/commits/d8f6995dcbb77049deaa1a6f12e5228233e5c234", "html_url": "https://github.com/ssteveli/hookbin/commit/d8f6995dcbb77049deaa1a6f12e5228233e5c234"}]}, {"sha": "d8f6995dcbb77049deaa1a6f12e5228233e5c234", "node_id": "MDY6Q29tbWl0NDAzODMzMzM6ZDhmNjk5NWRjYmI3NzA0OWRlYWExYTZmMTJlNTIyODIzM2U1YzIzNA==", "commit": {"author": {"name": "Scott Stevelinck", "email": "scott@fit-pay.com", "date": "2015-08-10T14:56:25Z"}, "committer": {"name": "Scott Stevelinck", "email": "scott@fit-pay.com", "date": "2015-08-10T14:56:25Z"}, "message": "added missing file", "tree": {"sha": "79c70288a3159ae787174786116670211281a1df", "url": "https://api.github.com/repos/ssteveli/hookbin/git/trees/79c70288a3159ae787174786116670211281a1df"}, "url": "https://api.github.com/repos/ssteveli/hookbin/git/commits/d8f6995dcbb77049deaa1a6f12e5228233e5c234", "comment_count": 0, "verification": {"verified": false, "reason": "unsigned", "signature": null, "payload": null}}, "url": "https://api.github.com/repos/ssteveli/hookbin/commits/d8f6995dcbb77049deaa1a6f12e5228233e5c234", "html_url": "https://github.com/ssteveli/hookbin/commit/d8f6995dcbb77049deaa1a6f12e5228233e5c234", "comments_url": "https://api.github.com/repos/ssteveli/hookbin/commits/d8f6995dcbb77049deaa1a6f12e5228233e5c234/comments", "author": null, "committer": null, "parents": [{"sha": "558fdb2e0d89392c4b123712648075b249a3d66f", "url": "https://api.github.com/repos/ssteveli/hookbin/commits/558fdb2e0d89392c4b123712648075b249a3d66f", "html_url": "https://github.com/ssteveli/hookbin/commit/558fdb2e0d89392c4b123712648075b249a3d66f"}]}, {"sha": "558fdb2e0d89392c4b123712648075b249a3d66f", "node_id": "MDY6Q29tbWl0NDAzODMzMzM6NTU4ZmRiMmUwZDg5MzkyYzRiMTIzNzEyNjQ4MDc1YjI0OWEzZDY2Zg==", "commit": {"author": {"name": "Scott Stevelinck", "email": "scott@fit-pay.com", "date": "2015-08-10T14:55:08Z"}, "committer": {"name": "Scott Stevelinck", "email": "scott@fit-pay.com", "date": "2015-08-10T14:55:08Z"}, "message": "added hypermedia discovery the buckets url and abstracted out some common bucket testing functionality", "tree": {"sha": "77f6ab993c74fb116e4c0d8f53c119e840367649", "url": "https://api.github.com/repos/ssteveli/hookbin/git/trees/77f6ab993c74fb116e4c0d8f53c119e840367649"}, "url": "https://api.github.com/repos/ssteveli/hookbin/git/commits/558fdb2e0d89392c4b123712648075b249a3d66f", "comment_count": 0, "verification": {"verified": false, "reason": "unsigned", "signature": null, "payload": null}}, "url": "https://api.github.com/repos/ssteveli/hookbin/commits/558fdb2e0d89392c4b123712648075b249a3d66f", "html_url": "https://github.com/ssteveli/hookbin/commit/558fdb2e0d89392c4b123712648075b249a3d66f", "comments_url": "https://api.github.com/repos/ssteveli/hookbin/commits/558fdb2e0d89392c4b123712648075b249a3d66f/comments", "author": null, "committer": null, "parents": [{"sha": "be31ece1a6ac2132ee42526a75edd68035bedd5c", "url": "https://api.github.com/repos/ssteveli/hookbin/commits/be31ece1a6ac2132ee42526a75edd68035bedd5c", "html_url": "https://github.com/ssteveli/hookbin/commit/be31ece1a6ac2132ee42526a75edd68035bedd5c"}]}, {"sha": "be31ece1a6ac2132ee42526a75edd68035bedd5c", "node_id": "MDY6Q29tbWl0NDAzODMzMzM6YmUzMWVjZTFhNmFjMjEzMmVlNDI1MjZhNzVlZGQ2ODAzNWJlZGQ1Yw==", "commit": {"author": {"name": "Scott Stevelinck", "email": "scott@fit-pay.com", "date": "2015-08-10T14:46:38Z"}, "committer": {"name": "Scott Stevelinck", "email": "scott@fit-pay.com", "date": "2015-08-10T14:46:38Z"}, "message": "Merge branch 'develop' of github.com:ssteveli/hookbin into develop", "tree": {"sha": "8110f24501094a619de600e4abce70c7edae7739", "url": "https://api.github.com/repos/ssteveli/hookbin/git/trees/8110f24501094a619de600e4abce70c7edae7739"}, "url": "https://api.github.com/repos/ssteveli/hookbin/git/commits/be31ece1a6ac2132ee42526a75edd68035bedd5c", "comment_count": 0, "verification": {"verified": false, "reason": "unsigned", "signature": null, "payload": null}}, "url": "https://api.github.com/repos/ssteveli/hookbin/commits/be31ece1a6ac2132ee42526a75edd68035bedd5c", "html_url": "https://github.com/ssteveli/hookbin/commit/be31ece1a6ac2132ee42526a75edd68035bedd5c", "comments_url": "https://api.github.com/repos/ssteveli/hookbin/commits/be31ece1a6ac2132ee42526a75edd68035bedd5c/comments", "author": null, "committer": null, "parents": [{"sha": "bc95811079e697800bb2aef0f8ddb773c6bdca89", "url": "https://api.github.com/repos/ssteveli/hookbin/commits/bc95811079e697800bb2aef0f8ddb773c6bdca89", "html_url": "https://github.com/ssteveli/hookbin/commit/bc95811079e697800bb2aef0f8ddb773c6bdca89"}, {"sha": "208dec4cd23f4eb3870211b7cdda8dd32b05857a", "url": "https://api.github.com/repos/ssteveli/hookbin/commits/208dec4cd23f4eb3870211b7cdda8dd32b05857a", "html_url": "https://github.com/ssteveli/hookbin/commit/208dec4cd23f4eb3870211b7cdda8dd32b05857a"}]}, {"sha": "bc95811079e697800bb2aef0f8ddb773c6bdca89", "node_id": "MDY6Q29tbWl0NDAzODMzMzM6YmM5NTgxMTA3OWU2OTc4MDBiYjJhZWYwZjhkZGI3NzNjNmJkY2E4OQ==", "commit": {"author": {"name": "Scott Stevelinck", "email": "scott@fit-pay.com", "date": "2015-08-10T14:46:05Z"}, "committer": {"name": "Scott Stevelinck", "email": "scott@fit-pay.com", "date": "2015-08-10T14:46:05Z"}, "message": "added root api resource", "tree": {"sha": "2ff5550383a0d92fcaf16172f77700f3982d64ea", "url": "https://api.github.com/repos/ssteveli/hookbin/git/trees/2ff5550383a0d92fcaf16172f77700f3982d64ea"}, "url": "https://api.github.com/repos/ssteveli/hookbin/git/commits/bc95811079e697800bb2aef0f8ddb773c6bdca89", "comment_count": 0, "verification": {"verified": false, "reason": "unsigned", "signature": null, "payload": null}}, "url": "https://api.github.com/repos/ssteveli/hookbin/commits/bc95811079e697800bb2aef0f8ddb773c6bdca89", "html_url": "https://github.com/ssteveli/hookbin/commit/bc95811079e697800bb2aef0f8ddb773c6bdca89", "comments_url": "https://api.github.com/repos/ssteveli/hookbin/commits/bc95811079e697800bb2aef0f8ddb773c6bdca89/comments", "author": null, "committer": null, "parents": [{"sha": "88337f571b3567504d1d09e92f4213232691ecb5", "url": "https://api.github.com/repos/ssteveli/hookbin/commits/88337f571b3567504d1d09e92f4213232691ecb5", "html_url": "https://github.com/ssteveli/hookbin/commit/88337f571b3567504d1d09e92f4213232691ecb5"}]}, {"sha": "208dec4cd23f4eb3870211b7cdda8dd32b05857a", "node_id": "MDY6Q29tbWl0NDAzODMzMzM6MjA4ZGVjNGNkMjNmNGViMzg3MDIxMWI3Y2RkYThkZDMyYjA1ODU3YQ==", "commit": {"author": {"name": "Scott Stevelinck", "email": "scott@stevelinck.com", "date": "2015-08-10T13:21:22Z"}, "committer": {"name": "Scott Stevelinck", "email": "scott@stevelinck.com", "date": "2015-08-10T13:21:22Z"}, "message": "Update README.md", "tree": {"sha": "924f5fc5f57ed8b74ab917af26da9838643c57f9", "url": "https://api.github.com/repos/ssteveli/hookbin/git/trees/924f5fc5f57ed8b74ab917af26da9838643c57f9"}, "url": "https://api.github.com/repos/ssteveli/hookbin/git/commits/208dec4cd23f4eb3870211b7cdda8dd32b05857a", "comment_count": 0, "verification": {"verified": false, "reason": "unsigned", "signature": null, "payload": null}}, "url": "https://api.github.com/repos/ssteveli/hookbin/commits/208dec4cd23f4eb3870211b7cdda8dd32b05857a", "html_url": "https://github.com/ssteveli/hookbin/commit/208dec4cd23f4eb3870211b7cdda8dd32b05857a", "comments_url": "https://api.github.com/repos/ssteveli/hookbin/commits/208dec4cd23f4eb3870211b7cdda8dd32b05857a/comments", "author": {"login": "ssteveli", "id": 569814, "node_id": "MDQ6VXNlcjU2OTgxNA==", "avatar_url": "https://avatars.githubusercontent.com/u/569814?v=4", "gravatar_id": "", "url": "https://api.github.com/users/ssteveli", "html_url": "https://github.com/ssteveli", "followers_url": "https://api.github.com/users/ssteveli/followers", "following_url": "https://api.github.com/users/ssteveli/following{/other_user}", "gists_url": "https://api.github.com/users/ssteveli/gists{/gist_id}", "starred_url": "https://api.github.com/users/ssteveli/starred{/owner}{/repo}", "subscriptions_url": "https://api.github.com/users/ssteveli/subscriptions", "organizations_url": "https://api.github.com/users/ssteveli/orgs", "repos_url": "https://api.github.com/users/ssteveli/repos", "events_url": "https://api.github.com/users/ssteveli/events{/privacy}", "received_events_url": "https://api.github.com/users/ssteveli/received_events", "type": "User", "site_admin": false}, "committer": {"login": "ssteveli", "id": 569814, "node_id": "MDQ6VXNlcjU2OTgxNA==", "avatar_url": "https://avatars.githubusercontent.com/u/569814?v=4", "gravatar_id": "", "url": "https://api.github.com/users/ssteveli", "html_url": "https://github.com/ssteveli", "followers_url": "https://api.github.com/users/ssteveli/followers", "following_url": "https://api.github.com/users/ssteveli/following{/other_user}", "gists_url": "https://api.github.com/users/ssteveli/gists{/gist_id}", "starred_url": "https://api.github.com/users/ssteveli/starred{/owner}{/repo}", "subscriptions_url": "https://api.github.com/users/ssteveli/subscriptions", "organizations_url": "https://api.github.com/users/ssteveli/orgs", "repos_url": "https://api.github.com/users/ssteveli/repos", "events_url": "https://api.github.com/users/ssteveli/events{/privacy}", "received_events_url": "https://api.github.com/users/ssteveli/received_events", "type": "User", "site_admin": false}, "parents": [{"sha": "b55878a0c1ac94f8bfacf78fd935d4574ad5d9e7", "url": "https://api.github.com/repos/ssteveli/hookbin/commits/b55878a0c1ac94f8bfacf78fd935d4574ad5d9e7", "html_url": "https://github.com/ssteveli/hookbin/commit/b55878a0c1ac94f8bfacf78fd935d4574ad5d9e7"}]}, {"sha": "b55878a0c1ac94f8bfacf78fd935d4574ad5d9e7", "node_id": "MDY6Q29tbWl0NDAzODMzMzM6YjU1ODc4YTBjMWFjOTRmOGJmYWNmNzhmZDkzNWQ0NTc0YWQ1ZDllNw==", "commit": {"author": {"name": "Scott Stevelinck", "email": "scott@stevelinck.com", "date": "2015-08-10T13:16:48Z"}, "committer": {"name": "Scott Stevelinck", "email": "scott@stevelinck.com", "date": "2015-08-10T13:16:48Z"}, "message": "Create README.md", "tree": {"sha": "81124c2fea6f0b4796fc9ee4d3db738c8cbe23e8", "url": "https://api.github.com/repos/ssteveli/hookbin/git/trees/81124c2fea6f0b4796fc9ee4d3db738c8cbe23e8"}, "url": "https://api.github.com/repos/ssteveli/hookbin/git/commits/b55878a0c1ac94f8bfacf78fd935d4574ad5d9e7", "comment_count": 0, "verification": {"verified": false, "reason": "unsigned", "signature": null, "payload": null}}, "url": "https://api.github.com/repos/ssteveli/hookbin/commits/b55878a0c1ac94f8bfacf78fd935d4574ad5d9e7", "html_url": "https://github.com/ssteveli/hookbin/commit/b55878a0c1ac94f8bfacf78fd935d4574ad5d9e7", "comments_url": "https://api.github.com/repos/ssteveli/hookbin/commits/b55878a0c1ac94f8bfacf78fd935d4574ad5d9e7/comments", "author": {"login": "ssteveli", "id": 569814, "node_id": "MDQ6VXNlcjU2OTgxNA==", "avatar_url": "https://avatars.githubusercontent.com/u/569814?v=4", "gravatar_id": "", "url": "https://api.github.com/users/ssteveli", "html_url": "https://github.com/ssteveli", "followers_url": "https://api.github.com/users/ssteveli/followers", "following_url": "https://api.github.com/users/ssteveli/following{/other_user}", "gists_url": "https://api.github.com/users/ssteveli/gists{/gist_id}", "starred_url": "https://api.github.com/users/ssteveli/starred{/owner}{/repo}", "subscriptions_url": "https://api.github.com/users/ssteveli/subscriptions", "organizations_url": "https://api.github.com/users/ssteveli/orgs", "repos_url": "https://api.github.com/users/ssteveli/repos", "events_url": "https://api.github.com/users/ssteveli/events{/privacy}", "received_events_url": "https://api.github.com/users/ssteveli/received_events", "type": "User", "site_admin": false}, "committer": {"login": "ssteveli", "id": 569814, "node_id": "MDQ6VXNlcjU2OTgxNA==", "avatar_url": "https://avatars.githubusercontent.com/u/569814?v=4", "gravatar_id": "", "url": "https://api.github.com/users/ssteveli", "html_url": "https://github.com/ssteveli", "followers_url": "https://api.github.com/users/ssteveli/followers", "following_url": "https://api.github.com/users/ssteveli/following{/other_user}", "gists_url": "https://api.github.com/users/ssteveli/gists{/gist_id}", "starred_url": "https://api.github.com/users/ssteveli/starred{/owner}{/repo}", "subscriptions_url": "https://api.github.com/users/ssteveli/subscriptions", "organizations_url": "https://api.github.com/users/ssteveli/orgs", "repos_url": "https://api.github.com/users/ssteveli/repos", "events_url": "https://api.github.com/users/ssteveli/events{/privacy}", "received_events_url": "https://api.github.com/users/ssteveli/received_events", "type": "User", "site_admin": false}, "parents": [{"sha": "361e9e4c88f4124746fac18fb750809f945bd1a2", "url": "https://api.github.com/repos/ssteveli/hookbin/commits/361e9e4c88f4124746fac18fb750809f945bd1a2", "html_url": "https://github.com/ssteveli/hookbin/commit/361e9e4c88f4124746fac18fb750809f945bd1a2"}]}, {"sha": "361e9e4c88f4124746fac18fb750809f945bd1a2", "node_id": "MDY6Q29tbWl0NDAzODMzMzM6MzYxZTllNGM4OGY0MTI0NzQ2ZmFjMThmYjc1MDgwOWY5NDViZDFhMg==", "commit": {"author": {"name": "Scott Stevelinck", "email": "scott@stevelinck.com", "date": "2015-08-08T18:17:19Z"}, "committer": {"name": "Scott Stevelinck", "email": "scott@stevelinck.com", "date": "2015-08-08T18:17:19Z"}, "message": "Merge pull request #3 from ssteveli/master\n\nMaster", "tree": {"sha": "15dbbfd75ae7f6913ea368e6bdce43280aac49d3", "url": "https://api.github.com/repos/ssteveli/hookbin/git/trees/15dbbfd75ae7f6913ea368e6bdce43280aac49d3"}, "url": "https://api.github.com/repos/ssteveli/hookbin/git/commits/361e9e4c88f4124746fac18fb750809f945bd1a2", "comment_count": 0, "verification": {"verified": false, "reason": "unsigned", "signature": null, "payload": null}}, "url": "https://api.github.com/repos/ssteveli/hookbin/commits/361e9e4c88f4124746fac18fb750809f945bd1a2", "html_url": "https://github.com/ssteveli/hookbin/commit/361e9e4c88f4124746fac18fb750809f945bd1a2", "comments_url": "https://api.github.com/repos/ssteveli/hookbin/commits/361e9e4c88f4124746fac18fb750809f945bd1a2/comments", "author": {"login": "ssteveli", "id": 569814, "node_id": "MDQ6VXNlcjU2OTgxNA==", "avatar_url": "https://avatars.githubusercontent.com/u/569814?v=4", "gravatar_id": "", "url": "https://api.github.com/users/ssteveli", "html_url": "https://github.com/ssteveli", "followers_url": "https://api.github.com/users/ssteveli/followers", "following_url": "https://api.github.com/users/ssteveli/following{/other_user}", "gists_url": "https://api.github.com/users/ssteveli/gists{/gist_id}", "starred_url": "https://api.github.com/users/ssteveli/starred{/owner}{/repo}", "subscriptions_url": "https://api.github.com/users/ssteveli/subscriptions", "organizations_url": "https://api.github.com/users/ssteveli/orgs", "repos_url": "https://api.github.com/users/ssteveli/repos", "events_url": "https://api.github.com/users/ssteveli/events{/privacy}", "received_events_url": "https://api.github.com/users/ssteveli/received_events", "type": "User", "site_admin": false}, "committer": {"login": "ssteveli", "id": 569814, "node_id": "MDQ6VXNlcjU2OTgxNA==", "avatar_url": "https://avatars.githubusercontent.com/u/569814?v=4", "gravatar_id": "", "url": "https://api.github.com/users/ssteveli", "html_url": "https://github.com/ssteveli", "followers_url": "https://api.github.com/users/ssteveli/followers", "following_url": "https://api.github.com/users/ssteveli/following{/other_user}", "gists_url": "https://api.github.com/users/ssteveli/gists{/gist_id}", "starred_url": "https://api.github.com/users/ssteveli/starred{/owner}{/repo}", "subscriptions_url": "https://api.github.com/users/ssteveli/subscriptions", "organizations_url": "https://api.github.com/users/ssteveli/orgs", "repos_url": "https://api.github.com/users/ssteveli/repos", "events_url": "https://api.github.com/users/ssteveli/events{/privacy}", "received_events_url": "https://api.github.com/users/ssteveli/received_events", "type": "User", "site_admin": false}, "parents": [{"sha": "88337f571b3567504d1d09e92f4213232691ecb5", "url": "https://api.github.com/repos/ssteveli/hookbin/commits/88337f571b3567504d1d09e92f4213232691ecb5", "html_url": "https://github.com/ssteveli/hookbin/commit/88337f571b3567504d1d09e92f4213232691ecb5"}, {"sha": "a6a2f4eafcf9f011de398a0ffd5aca94623271a9", "url": "https://api.github.com/repos/ssteveli/hookbin/commits/a6a2f4eafcf9f011de398a0ffd5aca94623271a9", "html_url": "https://github.com/ssteveli/hookbin/commit/a6a2f4eafcf9f011de398a0ffd5aca94623271a9"}]}, {"sha": "88337f571b3567504d1d09e92f4213232691ecb5", "node_id": "MDY6Q29tbWl0NDAzODMzMzM6ODgzMzdmNTcxYjM1Njc1MDRkMWQwOWU5MmY0MjEzMjMyNjkxZWNiNQ==", "commit": {"author": {"name": "Scott Stevelinck", "email": "scott@fit-pay.com", "date": "2015-08-08T14:41:34Z"}, "committer": {"name": "Scott Stevelinck", "email": "scott@fit-pay.com", "date": "2015-08-08T14:41:34Z"}, "message": "prevent duplicate bucket creation", "tree": {"sha": "9605afcefae05c0319fa234327023ed0e061db4c", "url": "https://api.github.com/repos/ssteveli/hookbin/git/trees/9605afcefae05c0319fa234327023ed0e061db4c"}, "url": "https://api.github.com/repos/ssteveli/hookbin/git/commits/88337f571b3567504d1d09e92f4213232691ecb5", "comment_count": 0, "verification": {"verified": false, "reason": "unsigned", "signature": null, "payload": null}}, "url": "https://api.github.com/repos/ssteveli/hookbin/commits/88337f571b3567504d1d09e92f4213232691ecb5", "html_url": "https://github.com/ssteveli/hookbin/commit/88337f571b3567504d1d09e92f4213232691ecb5", "comments_url": "https://api.github.com/repos/ssteveli/hookbin/commits/88337f571b3567504d1d09e92f4213232691ecb5/comments", "author": null, "committer": null, "parents": [{"sha": "83f37cdb65f821f2c9c7d7cebf1d36190e9e6ab4", "url": "https://api.github.com/repos/ssteveli/hookbin/commits/83f37cdb65f821f2c9c7d7cebf1d36190e9e6ab4", "html_url": "https://github.com/ssteveli/hookbin/commit/83f37cdb65f821f2c9c7d7cebf1d36190e9e6ab4"}]}, {"sha": "a6a2f4eafcf9f011de398a0ffd5aca94623271a9", "node_id": "MDY6Q29tbWl0NDAzODMzMzM6YTZhMmY0ZWFmY2Y5ZjAxMWRlMzk4YTBmZmQ1YWNhOTQ2MjMyNzFhOQ==", "commit": {"author": {"name": "Scott Stevelinck", "email": "scott@fit-pay.com", "date": "2015-08-08T14:09:48Z"}, "committer": {"name": "Scott Stevelinck", "email": "scott@fit-pay.com", "date": "2015-08-08T14:09:48Z"}, "message": "Merge branch 'develop'", "tree": {"sha": "38a0bc618ce0c56e2954dd959aa1602504a306b2", "url": "https://api.github.com/repos/ssteveli/hookbin/git/trees/38a0bc618ce0c56e2954dd959aa1602504a306b2"}, "url": "https://api.github.com/repos/ssteveli/hookbin/git/commits/a6a2f4eafcf9f011de398a0ffd5aca94623271a9", "comment_count": 0, "verification": {"verified": false, "reason": "unsigned", "signature": null, "payload": null}}, "url": "https://api.github.com/repos/ssteveli/hookbin/commits/a6a2f4eafcf9f011de398a0ffd5aca94623271a9", "html_url": "https://github.com/ssteveli/hookbin/commit/a6a2f4eafcf9f011de398a0ffd5aca94623271a9", "comments_url": "https://api.github.com/repos/ssteveli/hookbin/commits/a6a2f4eafcf9f011de398a0ffd5aca94623271a9/comments", "author": null, "committer": null, "parents": [{"sha": "0b8246cd792b63170bc81fd0ddb764ba31a7bf99", "url": "https://api.github.com/repos/ssteveli/hookbin/commits/0b8246cd792b63170bc81fd0ddb764ba31a7bf99", "html_url": "https://github.com/ssteveli/hookbin/commit/0b8246cd792b63170bc81fd0ddb764ba31a7bf99"}, {"sha": "83f37cdb65f821f2c9c7d7cebf1d36190e9e6ab4", "url": "https://api.github.com/repos/ssteveli/hookbin/commits/83f37cdb65f821f2c9c7d7cebf1d36190e9e6ab4", "html_url": "https://github.com/ssteveli/hookbin/commit/83f37cdb65f821f2c9c7d7cebf1d36190e9e6ab4"}]}, {"sha": "83f37cdb65f821f2c9c7d7cebf1d36190e9e6ab4", "node_id": "MDY6Q29tbWl0NDAzODMzMzM6ODNmMzdjZGI2NWY4MjFmMmM5YzdkN2NlYmYxZDM2MTkwZTllNmFiNA==", "commit": {"author": {"name": "Scott Stevelinck", "email": "scott@fit-pay.com", "date": "2015-08-08T14:09:35Z"}, "committer": {"name": "Scott Stevelinck", "email": "scott@fit-pay.com", "date": "2015-08-08T14:09:35Z"}, "message": "disallow post to non-existent bucket", "tree": {"sha": "51bc9ea36e2d952c178381645e287d2dedb27e2a", "url": "https://api.github.com/repos/ssteveli/hookbin/git/trees/51bc9ea36e2d952c178381645e287d2dedb27e2a"}, "url": "https://api.github.com/repos/ssteveli/hookbin/git/commits/83f37cdb65f821f2c9c7d7cebf1d36190e9e6ab4", "comment_count": 0, "verification": {"verified": false, "reason": "unsigned", "signature": null, "payload": null}}, "url": "https://api.github.com/repos/ssteveli/hookbin/commits/83f37cdb65f821f2c9c7d7cebf1d36190e9e6ab4", "html_url": "https://github.com/ssteveli/hookbin/commit/83f37cdb65f821f2c9c7d7cebf1d36190e9e6ab4", "comments_url": "https://api.github.com/repos/ssteveli/hookbin/commits/83f37cdb65f821f2c9c7d7cebf1d36190e9e6ab4/comments", "author": null, "committer": null, "parents": [{"sha": "9f7adbd01086ba183807a999cd3c326cb3ca0e38", "url": "https://api.github.com/repos/ssteveli/hookbin/commits/9f7adbd01086ba183807a999cd3c326cb3ca0e38", "html_url": "https://github.com/ssteveli/hookbin/commit/9f7adbd01086ba183807a999cd3c326cb3ca0e38"}]}, {"sha": "9f7adbd01086ba183807a999cd3c326cb3ca0e38", "node_id": "MDY6Q29tbWl0NDAzODMzMzM6OWY3YWRiZDAxMDg2YmExODM4MDdhOTk5Y2QzYzMyNmNiM2NhMGUzOA==", "commit": {"author": {"name": "Scott Stevelinck", "email": "scott@fit-pay.com", "date": "2015-08-08T13:09:35Z"}, "committer": {"name": "Scott Stevelinck", "email": "scott@fit-pay.com", "date": "2015-08-08T13:09:35Z"}, "message": "added datastore", "tree": {"sha": "72ff540883c1af9b979081348d2f96b6de59c423", "url": "https://api.github.com/repos/ssteveli/hookbin/git/trees/72ff540883c1af9b979081348d2f96b6de59c423"}, "url": "https://api.github.com/repos/ssteveli/hookbin/git/commits/9f7adbd01086ba183807a999cd3c326cb3ca0e38", "comment_count": 0, "verification": {"verified": false, "reason": "unsigned", "signature": null, "payload": null}}, "url": "https://api.github.com/repos/ssteveli/hookbin/commits/9f7adbd01086ba183807a999cd3c326cb3ca0e38", "html_url": "https://github.com/ssteveli/hookbin/commit/9f7adbd01086ba183807a999cd3c326cb3ca0e38", "comments_url": "https://api.github.com/repos/ssteveli/hookbin/commits/9f7adbd01086ba183807a999cd3c326cb3ca0e38/comments", "author": null, "committer": null, "parents": [{"sha": "0613bed1a8af1761adb3678393a0752fdfad9b15", "url": "https://api.github.com/repos/ssteveli/hookbin/commits/0613bed1a8af1761adb3678393a0752fdfad9b15", "html_url": "https://github.com/ssteveli/hookbin/commit/0613bed1a8af1761adb3678393a0752fdfad9b15"}]}, {"sha": "0b8246cd792b63170bc81fd0ddb764ba31a7bf99", "node_id": "MDY6Q29tbWl0NDAzODMzMzM6MGI4MjQ2Y2Q3OTJiNjMxNzBiYzgxZmQwZGRiNzY0YmEzMWE3YmY5OQ==", "commit": {"author": {"name": "Scott Stevelinck", "email": "scott@fit-pay.com", "date": "2015-08-08T13:08:14Z"}, "committer": {"name": "Scott Stevelinck", "email": "scott@fit-pay.com", "date": "2015-08-08T13:08:14Z"}, "message": "Merge branch 'master' of github.com:ssteveli/hookbin", "tree": {"sha": "6503cdb59c8b243c53cd874331ec9056e003fd03", "url": "https://api.github.com/repos/ssteveli/hookbin/git/trees/6503cdb59c8b243c53cd874331ec9056e003fd03"}, "url": "https://api.github.com/repos/ssteveli/hookbin/git/commits/0b8246cd792b63170bc81fd0ddb764ba31a7bf99", "comment_count": 0, "verification": {"verified": false, "reason": "unsigned", "signature": null, "payload": null}}, "url": "https://api.github.com/repos/ssteveli/hookbin/commits/0b8246cd792b63170bc81fd0ddb764ba31a7bf99", "html_url": "https://github.com/ssteveli/hookbin/commit/0b8246cd792b63170bc81fd0ddb764ba31a7bf99", "comments_url": "https://api.github.com/repos/ssteveli/hookbin/commits/0b8246cd792b63170bc81fd0ddb764ba31a7bf99/comments", "author": null, "committer": null, "parents": [{"sha": "ca3f50c4d20c7abe15e9ec492a3a8c8f0d7a441e", "url": "https://api.github.com/repos/ssteveli/hookbin/commits/ca3f50c4d20c7abe15e9ec492a3a8c8f0d7a441e", "html_url": "https://github.com/ssteveli/hookbin/commit/ca3f50c4d20c7abe15e9ec492a3a8c8f0d7a441e"}, {"sha": "7574150259a5ee82c6a880b7596916057d5051bd", "url": "https://api.github.com/repos/ssteveli/hookbin/commits/7574150259a5ee82c6a880b7596916057d5051bd", "html_url": "https://github.com/ssteveli/hookbin/commit/7574150259a5ee82c6a880b7596916057d5051bd"}]}, {"sha": "7574150259a5ee82c6a880b7596916057d5051bd", "node_id": "MDY6Q29tbWl0NDAzODMzMzM6NzU3NDE1MDI1OWE1ZWU4MmM2YTg4MGI3NTk2OTE2MDU3ZDUwNTFiZA==", "commit": {"author": {"name": "Scott Stevelinck", "email": "scott@stevelinck.com", "date": "2015-08-08T13:05:25Z"}, "committer": {"name": "Scott Stevelinck", "email": "scott@stevelinck.com", "date": "2015-08-08T13:05:25Z"}, "message": "Merge pull request #2 from ssteveli/develop\n\nrelease", "tree": {"sha": "d63c918244895f16a50bd04dc41c8320f22dfd8a", "url": "https://api.github.com/repos/ssteveli/hookbin/git/trees/d63c918244895f16a50bd04dc41c8320f22dfd8a"}, "url": "https://api.github.com/repos/ssteveli/hookbin/git/commits/7574150259a5ee82c6a880b7596916057d5051bd", "comment_count": 0, "verification": {"verified": false, "reason": "unsigned", "signature": null, "payload": null}}, "url": "https://api.github.com/repos/ssteveli/hookbin/commits/7574150259a5ee82c6a880b7596916057d5051bd", "html_url": "https://github.com/ssteveli/hookbin/commit/7574150259a5ee82c6a880b7596916057d5051bd", "comments_url": "https://api.github.com/repos/ssteveli/hookbin/commits/7574150259a5ee82c6a880b7596916057d5051bd/comments", "author": {"login": "ssteveli", "id": 569814, "node_id": "MDQ6VXNlcjU2OTgxNA==", "avatar_url": "https://avatars.githubusercontent.com/u/569814?v=4", "gravatar_id": "", "url": "https://api.github.com/users/ssteveli", "html_url": "https://github.com/ssteveli", "followers_url": "https://api.github.com/users/ssteveli/followers", "following_url": "https://api.github.com/users/ssteveli/following{/other_user}", "gists_url": "https://api.github.com/users/ssteveli/gists{/gist_id}", "starred_url": "https://api.github.com/users/ssteveli/starred{/owner}{/repo}", "subscriptions_url": "https://api.github.com/users/ssteveli/subscriptions", "organizations_url": "https://api.github.com/users/ssteveli/orgs", "repos_url": "https://api.github.com/users/ssteveli/repos", "events_url": "https://api.github.com/users/ssteveli/events{/privacy}", "received_events_url": "https://api.github.com/users/ssteveli/received_events", "type": "User", "site_admin": false}, "committer": {"login": "ssteveli", "id": 569814, "node_id": "MDQ6VXNlcjU2OTgxNA==", "avatar_url": "https://avatars.githubusercontent.com/u/569814?v=4", "gravatar_id": "", "url": "https://api.github.com/users/ssteveli", "html_url": "https://github.com/ssteveli", "followers_url": "https://api.github.com/users/ssteveli/followers", "following_url": "https://api.github.com/users/ssteveli/following{/other_user}", "gists_url": "https://api.github.com/users/ssteveli/gists{/gist_id}", "starred_url": "https://api.github.com/users/ssteveli/starred{/owner}{/repo}", "subscriptions_url": "https://api.github.com/users/ssteveli/subscriptions", "organizations_url": "https://api.github.com/users/ssteveli/orgs", "repos_url": "https://api.github.com/users/ssteveli/repos", "events_url": "https://api.github.com/users/ssteveli/events{/privacy}", "received_events_url": "https://api.github.com/users/ssteveli/received_events", "type": "User", "site_admin": false}, "parents": [{"sha": "b71a071b35bb0543a15b958da5bc0d8b0cf9a042", "url": "https://api.github.com/repos/ssteveli/hookbin/commits/b71a071b35bb0543a15b958da5bc0d8b0cf9a042", "html_url": "https://github.com/ssteveli/hookbin/commit/b71a071b35bb0543a15b958da5bc0d8b0cf9a042"}, {"sha": "0613bed1a8af1761adb3678393a0752fdfad9b15", "url": "https://api.github.com/repos/ssteveli/hookbin/commits/0613bed1a8af1761adb3678393a0752fdfad9b15", "html_url": "https://github.com/ssteveli/hookbin/commit/0613bed1a8af1761adb3678393a0752fdfad9b15"}]}, {"sha": "0613bed1a8af1761adb3678393a0752fdfad9b15", "node_id": "MDY6Q29tbWl0NDAzODMzMzM6MDYxM2JlZDFhOGFmMTc2MWFkYjM2NzgzOTNhMDc1MmZkZmFkOWIxNQ==", "commit": {"author": {"name": "Scott Stevelinck", "email": "scott@stevelinck.com", "date": "2015-08-08T13:03:57Z"}, "committer": {"name": "Scott Stevelinck", "email": "scott@stevelinck.com", "date": "2015-08-08T13:03:57Z"}, "message": "Merge pull request #1 from ssteveli/master\n\nMaster", "tree": {"sha": "d63c918244895f16a50bd04dc41c8320f22dfd8a", "url": "https://api.github.com/repos/ssteveli/hookbin/git/trees/d63c918244895f16a50bd04dc41c8320f22dfd8a"}, "url": "https://api.github.com/repos/ssteveli/hookbin/git/commits/0613bed1a8af1761adb3678393a0752fdfad9b15", "comment_count": 0, "verification": {"verified": false, "reason": "unsigned", "signature": null, "payload": null}}, "url": "https://api.github.com/repos/ssteveli/hookbin/commits/0613bed1a8af1761adb3678393a0752fdfad9b15", "html_url": "https://github.com/ssteveli/hookbin/commit/0613bed1a8af1761adb3678393a0752fdfad9b15", "comments_url": "https://api.github.com/repos/ssteveli/hookbin/commits/0613bed1a8af1761adb3678393a0752fdfad9b15/comments", "author": {"login": "ssteveli", "id": 569814, "node_id": "MDQ6VXNlcjU2OTgxNA==", "avatar_url": "https://avatars.githubusercontent.com/u/569814?v=4", "gravatar_id": "", "url": "https://api.github.com/users/ssteveli", "html_url": "https://github.com/ssteveli", "followers_url": "https://api.github.com/users/ssteveli/followers", "following_url": "https://api.github.com/users/ssteveli/following{/other_user}", "gists_url": "https://api.github.com/users/ssteveli/gists{/gist_id}", "starred_url": "https://api.github.com/users/ssteveli/starred{/owner}{/repo}", "subscriptions_url": "https://api.github.com/users/ssteveli/subscriptions", "organizations_url": "https://api.github.com/users/ssteveli/orgs", "repos_url": "https://api.github.com/users/ssteveli/repos", "events_url": "https://api.github.com/users/ssteveli/events{/privacy}", "received_events_url": "https://api.github.com/users/ssteveli/received_events", "type": "User", "site_admin": false}, "committer": {"login": "ssteveli", "id": 569814, "node_id": "MDQ6VXNlcjU2OTgxNA==", "avatar_url": "https://avatars.githubusercontent.com/u/569814?v=4", "gravatar_id": "", "url": "https://api.github.com/users/ssteveli", "html_url": "https://github.com/ssteveli", "followers_url": "https://api.github.com/users/ssteveli/followers", "following_url": "https://api.github.com/users/ssteveli/following{/other_user}", "gists_url": "https://api.github.com/users/ssteveli/gists{/gist_id}", "starred_url": "https://api.github.com/users/ssteveli/starred{/owner}{/repo}", "subscriptions_url": "https://api.github.com/users/ssteveli/subscriptions", "organizations_url": "https://api.github.com/users/ssteveli/orgs", "repos_url": "https://api.github.com/users/ssteveli/repos", "events_url": "https://api.github.com/users/ssteveli/events{/privacy}", "received_events_url": "https://api.github.com/users/ssteveli/received_events", "type": "User", "site_admin": false}, "parents": [{"sha": "7c2e3970c6633bfe15867c9cbabcd6d252c9e360", "url": "https://api.github.com/repos/ssteveli/hookbin/commits/7c2e3970c6633bfe15867c9cbabcd6d252c9e360", "html_url": "https://github.com/ssteveli/hookbin/commit/7c2e3970c6633bfe15867c9cbabcd6d252c9e360"}, {"sha": "b71a071b35bb0543a15b958da5bc0d8b0cf9a042", "url": "https://api.github.com/repos/ssteveli/hookbin/commits/b71a071b35bb0543a15b958da5bc0d8b0cf9a042", "html_url": "https://github.com/ssteveli/hookbin/commit/b71a071b35bb0543a15b958da5bc0d8b0cf9a042"}]}, {"sha": "ca3f50c4d20c7abe15e9ec492a3a8c8f0d7a441e", "node_id": "MDY6Q29tbWl0NDAzODMzMzM6Y2EzZjUwYzRkMjBjN2FiZTE1ZTllYzQ5MmEzYThjOGYwZDdhNDQxZQ==", "commit": {"author": {"name": "Scott Stevelinck", "email": "scott@fit-pay.com", "date": "2015-08-08T12:51:23Z"}, "committer": {"name": "Scott Stevelinck", "email": "scott@fit-pay.com", "date": "2015-08-08T12:51:23Z"}, "message": "updated maven spring-boot plugin", "tree": {"sha": "a30794f58fe84690a8a1af3e2d4861edb60dff4e", "url": "https://api.github.com/repos/ssteveli/hookbin/git/trees/a30794f58fe84690a8a1af3e2d4861edb60dff4e"}, "url": "https://api.github.com/repos/ssteveli/hookbin/git/commits/ca3f50c4d20c7abe15e9ec492a3a8c8f0d7a441e", "comment_count": 0, "verification": {"verified": false, "reason": "unsigned", "signature": null, "payload": null}}, "url": "https://api.github.com/repos/ssteveli/hookbin/commits/ca3f50c4d20c7abe15e9ec492a3a8c8f0d7a441e", "html_url": "https://github.com/ssteveli/hookbin/commit/ca3f50c4d20c7abe15e9ec492a3a8c8f0d7a441e", "comments_url": "https://api.github.com/repos/ssteveli/hookbin/commits/ca3f50c4d20c7abe15e9ec492a3a8c8f0d7a441e/comments", "author": null, "committer": null, "parents": [{"sha": "b71a071b35bb0543a15b958da5bc0d8b0cf9a042", "url": "https://api.github.com/repos/ssteveli/hookbin/commits/b71a071b35bb0543a15b958da5bc0d8b0cf9a042", "html_url": "https://github.com/ssteveli/hookbin/commit/b71a071b35bb0543a15b958da5bc0d8b0cf9a042"}]}, {"sha": "b71a071b35bb0543a15b958da5bc0d8b0cf9a042", "node_id": "MDY6Q29tbWl0NDAzODMzMzM6YjcxYTA3MWIzNWJiMDU0M2ExNWI5NThkYTViYzBkOGIwY2Y5YTA0Mg==", "commit": {"author": {"name": "Scott Stevelinck", "email": "scott@fit-pay.com", "date": "2015-08-08T12:39:36Z"}, "committer": {"name": "Scott Stevelinck", "email": "scott@fit-pay.com", "date": "2015-08-08T12:39:36Z"}, "message": "cleaned up for spring-boot", "tree": {"sha": "79fca4325d3d2731d73a250cb24bc5a8ec2642eb", "url": "https://api.github.com/repos/ssteveli/hookbin/git/trees/79fca4325d3d2731d73a250cb24bc5a8ec2642eb"}, "url": "https://api.github.com/repos/ssteveli/hookbin/git/commits/b71a071b35bb0543a15b958da5bc0d8b0cf9a042", "comment_count": 0, "verification": {"verified": false, "reason": "unsigned", "signature": null, "payload": null}}, "url": "https://api.github.com/repos/ssteveli/hookbin/commits/b71a071b35bb0543a15b958da5bc0d8b0cf9a042", "html_url": "https://github.com/ssteveli/hookbin/commit/b71a071b35bb0543a15b958da5bc0d8b0cf9a042", "comments_url": "https://api.github.com/repos/ssteveli/hookbin/commits/b71a071b35bb0543a15b958da5bc0d8b0cf9a042/comments", "author": null, "committer": null, "parents": [{"sha": "2556d59023d9f1870cbc648ed5b25d73fbee1bb1", "url": "https://api.github.com/repos/ssteveli/hookbin/commits/2556d59023d9f1870cbc648ed5b25d73fbee1bb1", "html_url": "https://github.com/ssteveli/hookbin/commit/2556d59023d9f1870cbc648ed5b25d73fbee1bb1"}]}, {"sha": "2556d59023d9f1870cbc648ed5b25d73fbee1bb1", "node_id": "MDY6Q29tbWl0NDAzODMzMzM6MjU1NmQ1OTAyM2Q5ZjE4NzBjYmM2NDhlZDViMjVkNzNmYmVlMWJiMQ==", "commit": {"author": {"name": "Scott Stevelinck", "email": "scott@fit-pay.com", "date": "2015-08-08T12:36:04Z"}, "committer": {"name": "Scott Stevelinck", "email": "scott@fit-pay.com", "date": "2015-08-08T12:36:04Z"}, "message": "initial addition", "tree": {"sha": "363ed862fe106dff19ca0664793f972464c38116", "url": "https://api.github.com/repos/ssteveli/hookbin/git/trees/363ed862fe106dff19ca0664793f972464c38116"}, "url": "https://api.github.com/repos/ssteveli/hookbin/git/commits/2556d59023d9f1870cbc648ed5b25d73fbee1bb1", "comment_count": 0, "verification": {"verified": false, "reason": "unsigned", "signature": null, "payload": null}}, "url": "https://api.github.com/repos/ssteveli/hookbin/commits/2556d59023d9f1870cbc648ed5b25d73fbee1bb1", "html_url": "https://github.com/ssteveli/hookbin/commit/2556d59023d9f1870cbc648ed5b25d73fbee1bb1", "comments_url": "https://api.github.com/repos/ssteveli/hookbin/commits/2556d59023d9f1870cbc648ed5b25d73fbee1bb1/comments", "author": null, "committer": null, "parents": [{"sha": "36a607c07bdeaffa349e4e82990a1aaf8200f6f5", "url": "https://api.github.com/repos/ssteveli/hookbin/commits/36a607c07bdeaffa349e4e82990a1aaf8200f6f5", "html_url": "https://github.com/ssteveli/hookbin/commit/36a607c07bdeaffa349e4e82990a1aaf8200f6f5"}]}, {"sha": "7c2e3970c6633bfe15867c9cbabcd6d252c9e360", "node_id": "MDY6Q29tbWl0NDAzODMzMzM6N2MyZTM5NzBjNjYzM2JmZTE1ODY3YzljYmFiY2Q2ZDI1MmM5ZTM2MA==", "commit": {"author": {"name": "Scott Stevelinck", "email": "scott@fit-pay.com", "date": "2015-08-07T23:45:22Z"}, "committer": {"name": "Scott Stevelinck", "email": "scott@fit-pay.com", "date": "2015-08-07T23:45:22Z"}, "message": "added lastRequest functionality", "tree": {"sha": "59f80aa493e0f3301b910a7cf52fea55d0e407b1", "url": "https://api.github.com/repos/ssteveli/hookbin/git/trees/59f80aa493e0f3301b910a7cf52fea55d0e407b1"}, "url": "https://api.github.com/repos/ssteveli/hookbin/git/commits/7c2e3970c6633bfe15867c9cbabcd6d252c9e360", "comment_count": 0, "verification": {"verified": false, "reason": "unsigned", "signature": null, "payload": null}}, "url": "https://api.github.com/repos/ssteveli/hookbin/commits/7c2e3970c6633bfe15867c9cbabcd6d252c9e360", "html_url": "https://github.com/ssteveli/hookbin/commit/7c2e3970c6633bfe15867c9cbabcd6d252c9e360", "comments_url": "https://api.github.com/repos/ssteveli/hookbin/commits/7c2e3970c6633bfe15867c9cbabcd6d252c9e360/comments", "author": null, "committer": null, "parents": [{"sha": "36a607c07bdeaffa349e4e82990a1aaf8200f6f5", "url": "https://api.github.com/repos/ssteveli/hookbin/commits/36a607c07bdeaffa349e4e82990a1aaf8200f6f5", "html_url": "https://github.com/ssteveli/hookbin/commit/36a607c07bdeaffa349e4e82990a1aaf8200f6f5"}]}, {"sha": "36a607c07bdeaffa349e4e82990a1aaf8200f6f5", "node_id": "MDY6Q29tbWl0NDAzODMzMzM6MzZhNjA3YzA3YmRlYWZmYTM0OWU0ZTgyOTkwYTFhYWY4MjAwZjZmNQ==", "commit": {"author": {"name": "Scott Stevelinck", "email": "scott@fit-pay.com", "date": "2015-08-07T22:24:57Z"}, "committer": {"name": "Scott Stevelinck", "email": "scott@fit-pay.com", "date": "2015-08-07T22:24:57Z"}, "message": "initial addition", "tree": {"sha": "ec97a6db02ad63db51c9141bd4db15ecfab561c4", "url": "https://api.github.com/repos/ssteveli/hookbin/git/trees/ec97a6db02ad63db51c9141bd4db15ecfab561c4"}, "url": "https://api.github.com/repos/ssteveli/hookbin/git/commits/36a607c07bdeaffa349e4e82990a1aaf8200f6f5", "comment_count": 0, "verification": {"verified": false, "reason": "unsigned", "signature": null, "payload": null}}, "url": "https://api.github.com/repos/ssteveli/hookbin/commits/36a607c07bdeaffa349e4e82990a1aaf8200f6f5", "html_url": "https://github.com/ssteveli/hookbin/commit/36a607c07bdeaffa349e4e82990a1aaf8200f6f5", "comments_url": "https://api.github.com/repos/ssteveli/hookbin/commits/36a607c07bdeaffa349e4e82990a1aaf8200f6f5/comments", "author": null, "committer": null, "parents": []}]