[{"sha": "636394e11ebe69562d8054f4d2e81d1b03b9f0d8", "node_id": "MDY6Q29tbWl0MjU5Mjg5NzYyOjYzNjM5NGUxMWViZTY5NTYyZDgwNTRmNGQyZTgxZDFiMDNiOWYwZDg=", "commit": {"author": {"name": "aevy-syn", "email": "matthieu.barjole+github@synacktiv.com", "date": "2021-09-14T09:40:23Z"}, "committer": {"name": "aevy-syn", "email": "matthieu.barjole+github@synacktiv.com", "date": "2021-09-14T09:40:23Z"}, "message": "fix #7", "tree": {"sha": "807cc01ba1f091e99e809fe2690d23bf96c477f6", "url": "https://api.github.com/repos/synacktiv/eos/git/trees/807cc01ba1f091e99e809fe2690d23bf96c477f6"}, "url": "https://api.github.com/repos/synacktiv/eos/git/commits/636394e11ebe69562d8054f4d2e81d1b03b9f0d8", "comment_count": 0, "verification": {"verified": false, "reason": "unsigned", "signature": null, "payload": null}}, "url": "https://api.github.com/repos/synacktiv/eos/commits/636394e11ebe69562d8054f4d2e81d1b03b9f0d8", "html_url": "https://github.com/synacktiv/eos/commit/636394e11ebe69562d8054f4d2e81d1b03b9f0d8", "comments_url": "https://api.github.com/repos/synacktiv/eos/commits/636394e11ebe69562d8054f4d2e81d1b03b9f0d8/comments", "author": {"login": "aevy-syn", "id": 50951297, "node_id": "MDQ6VXNlcjUwOTUxMjk3", "avatar_url": "https://avatars.githubusercontent.com/u/50951297?v=4", "gravatar_id": "", "url": "https://api.github.com/users/aevy-syn", "html_url": "https://github.com/aevy-syn", "followers_url": "https://api.github.com/users/aevy-syn/followers", "following_url": "https://api.github.com/users/aevy-syn/following{/other_user}", "gists_url": "https://api.github.com/users/aevy-syn/gists{/gist_id}", "starred_url": "https://api.github.com/users/aevy-syn/starred{/owner}{/repo}", "subscriptions_url": "https://api.github.com/users/aevy-syn/subscriptions", "organizations_url": "https://api.github.com/users/aevy-syn/orgs", "repos_url": "https://api.github.com/users/aevy-syn/repos", "events_url": "https://api.github.com/users/aevy-syn/events{/privacy}", "received_events_url": "https://api.github.com/users/aevy-syn/received_events", "type": "User", "site_admin": false}, "committer": {"login": "aevy-syn", "id": 50951297, "node_id": "MDQ6VXNlcjUwOTUxMjk3", "avatar_url": "https://avatars.githubusercontent.com/u/50951297?v=4", "gravatar_id": "", "url": "https://api.github.com/users/aevy-syn", "html_url": "https://github.com/aevy-syn", "followers_url": "https://api.github.com/users/aevy-syn/followers", "following_url": "https://api.github.com/users/aevy-syn/following{/other_user}", "gists_url": "https://api.github.com/users/aevy-syn/gists{/gist_id}", "starred_url": "https://api.github.com/users/aevy-syn/starred{/owner}{/repo}", "subscriptions_url": "https://api.github.com/users/aevy-syn/subscriptions", "organizations_url": "https://api.github.com/users/aevy-syn/orgs", "repos_url": "https://api.github.com/users/aevy-syn/repos", "events_url": "https://api.github.com/users/aevy-syn/events{/privacy}", "received_events_url": "https://api.github.com/users/aevy-syn/received_events", "type": "User", "site_admin": false}, "parents": [{"sha": "0a24b0fe60d8ef60ef0b7085c21c114ec41c25ac", "url": "https://api.github.com/repos/synacktiv/eos/commits/0a24b0fe60d8ef60ef0b7085c21c114ec41c25ac", "html_url": "https://github.com/synacktiv/eos/commit/0a24b0fe60d8ef60ef0b7085c21c114ec41c25ac"}]}, {"sha": "0a24b0fe60d8ef60ef0b7085c21c114ec41c25ac", "node_id": "MDY6Q29tbWl0MjU5Mjg5NzYyOjBhMjRiMGZlNjBkOGVmNjBlZjBiNzA4NWMyMWMxMTRlYzQxYzI1YWM=", "commit": {"author": {"name": "aevy-syn", "email": "matthieu.barjole+github@synacktiv.com", "date": "2021-07-07T23:08:34Z"}, "committer": {"name": "aevy-syn", "email": "matthieu.barjole+github@synacktiv.com", "date": "2021-07-07T23:08:34Z"}, "message": "Rework HTTP headers argument + clarify supported Python versions", "tree": {"sha": "66e3ee647f3e2b347ce077472aa7d1217c5ab61e", "url": "https://api.github.com/repos/synacktiv/eos/git/trees/66e3ee647f3e2b347ce077472aa7d1217c5ab61e"}, "url": "https://api.github.com/repos/synacktiv/eos/git/commits/0a24b0fe60d8ef60ef0b7085c21c114ec41c25ac", "comment_count": 0, "verification": {"verified": false, "reason": "unsigned", "signature": null, "payload": null}}, "url": "https://api.github.com/repos/synacktiv/eos/commits/0a24b0fe60d8ef60ef0b7085c21c114ec41c25ac", "html_url": "https://github.com/synacktiv/eos/commit/0a24b0fe60d8ef60ef0b7085c21c114ec41c25ac", "comments_url": "https://api.github.com/repos/synacktiv/eos/commits/0a24b0fe60d8ef60ef0b7085c21c114ec41c25ac/comments", "author": {"login": "aevy-syn", "id": 50951297, "node_id": "MDQ6VXNlcjUwOTUxMjk3", "avatar_url": "https://avatars.githubusercontent.com/u/50951297?v=4", "gravatar_id": "", "url": "https://api.github.com/users/aevy-syn", "html_url": "https://github.com/aevy-syn", "followers_url": "https://api.github.com/users/aevy-syn/followers", "following_url": "https://api.github.com/users/aevy-syn/following{/other_user}", "gists_url": "https://api.github.com/users/aevy-syn/gists{/gist_id}", "starred_url": "https://api.github.com/users/aevy-syn/starred{/owner}{/repo}", "subscriptions_url": "https://api.github.com/users/aevy-syn/subscriptions", "organizations_url": "https://api.github.com/users/aevy-syn/orgs", "repos_url": "https://api.github.com/users/aevy-syn/repos", "events_url": "https://api.github.com/users/aevy-syn/events{/privacy}", "received_events_url": "https://api.github.com/users/aevy-syn/received_events", "type": "User", "site_admin": false}, "committer": {"login": "aevy-syn", "id": 50951297, "node_id": "MDQ6VXNlcjUwOTUxMjk3", "avatar_url": "https://avatars.githubusercontent.com/u/50951297?v=4", "gravatar_id": "", "url": "https://api.github.com/users/aevy-syn", "html_url": "https://github.com/aevy-syn", "followers_url": "https://api.github.com/users/aevy-syn/followers", "following_url": "https://api.github.com/users/aevy-syn/following{/other_user}", "gists_url": "https://api.github.com/users/aevy-syn/gists{/gist_id}", "starred_url": "https://api.github.com/users/aevy-syn/starred{/owner}{/repo}", "subscriptions_url": "https://api.github.com/users/aevy-syn/subscriptions", "organizations_url": "https://api.github.com/users/aevy-syn/orgs", "repos_url": "https://api.github.com/users/aevy-syn/repos", "events_url": "https://api.github.com/users/aevy-syn/events{/privacy}", "received_events_url": "https://api.github.com/users/aevy-syn/received_events", "type": "User", "site_admin": false}, "parents": [{"sha": "7f0cc9f996b1b46f0a9bde655bb84fada1938e32", "url": "https://api.github.com/repos/synacktiv/eos/commits/7f0cc9f996b1b46f0a9bde655bb84fada1938e32", "html_url": "https://github.com/synacktiv/eos/commit/7f0cc9f996b1b46f0a9bde655bb84fada1938e32"}]}, {"sha": "7f0cc9f996b1b46f0a9bde655bb84fada1938e32", "node_id": "MDY6Q29tbWl0MjU5Mjg5NzYyOjdmMGNjOWY5OTZiMWI0NmYwYTliZGU2NTViYjg0ZmFkYTE5MzhlMzI=", "commit": {"author": {"name": "aevy-syn", "email": "matthieu.barjole+github@synacktiv.com", "date": "2021-02-10T16:34:16Z"}, "committer": {"name": "aevy-syn", "email": "matthieu.barjole+github@synacktiv.com", "date": "2021-02-10T16:34:16Z"}, "message": "Improved argument parsing for extra headers", "tree": {"sha": "09b88812cb3e8050ee024148b5682bdc981ef061", "url": "https://api.github.com/repos/synacktiv/eos/git/trees/09b88812cb3e8050ee024148b5682bdc981ef061"}, "url": "https://api.github.com/repos/synacktiv/eos/git/commits/7f0cc9f996b1b46f0a9bde655bb84fada1938e32", "comment_count": 0, "verification": {"verified": false, "reason": "unsigned", "signature": null, "payload": null}}, "url": "https://api.github.com/repos/synacktiv/eos/commits/7f0cc9f996b1b46f0a9bde655bb84fada1938e32", "html_url": "https://github.com/synacktiv/eos/commit/7f0cc9f996b1b46f0a9bde655bb84fada1938e32", "comments_url": "https://api.github.com/repos/synacktiv/eos/commits/7f0cc9f996b1b46f0a9bde655bb84fada1938e32/comments", "author": {"login": "aevy-syn", "id": 50951297, "node_id": "MDQ6VXNlcjUwOTUxMjk3", "avatar_url": "https://avatars.githubusercontent.com/u/50951297?v=4", "gravatar_id": "", "url": "https://api.github.com/users/aevy-syn", "html_url": "https://github.com/aevy-syn", "followers_url": "https://api.github.com/users/aevy-syn/followers", "following_url": "https://api.github.com/users/aevy-syn/following{/other_user}", "gists_url": "https://api.github.com/users/aevy-syn/gists{/gist_id}", "starred_url": "https://api.github.com/users/aevy-syn/starred{/owner}{/repo}", "subscriptions_url": "https://api.github.com/users/aevy-syn/subscriptions", "organizations_url": "https://api.github.com/users/aevy-syn/orgs", "repos_url": "https://api.github.com/users/aevy-syn/repos", "events_url": "https://api.github.com/users/aevy-syn/events{/privacy}", "received_events_url": "https://api.github.com/users/aevy-syn/received_events", "type": "User", "site_admin": false}, "committer": {"login": "aevy-syn", "id": 50951297, "node_id": "MDQ6VXNlcjUwOTUxMjk3", "avatar_url": "https://avatars.githubusercontent.com/u/50951297?v=4", "gravatar_id": "", "url": "https://api.github.com/users/aevy-syn", "html_url": "https://github.com/aevy-syn", "followers_url": "https://api.github.com/users/aevy-syn/followers", "following_url": "https://api.github.com/users/aevy-syn/following{/other_user}", "gists_url": "https://api.github.com/users/aevy-syn/gists{/gist_id}", "starred_url": "https://api.github.com/users/aevy-syn/starred{/owner}{/repo}", "subscriptions_url": "https://api.github.com/users/aevy-syn/subscriptions", "organizations_url": "https://api.github.com/users/aevy-syn/orgs", "repos_url": "https://api.github.com/users/aevy-syn/repos", "events_url": "https://api.github.com/users/aevy-syn/events{/privacy}", "received_events_url": "https://api.github.com/users/aevy-syn/received_events", "type": "User", "site_admin": false}, "parents": [{"sha": "a1e6b34bb6b278d142dadade3cb5d008667fa38b", "url": "https://api.github.com/repos/synacktiv/eos/commits/a1e6b34bb6b278d142dadade3cb5d008667fa38b", "html_url": "https://github.com/synacktiv/eos/commit/a1e6b34bb6b278d142dadade3cb5d008667fa38b"}]}, {"sha": "a1e6b34bb6b278d142dadade3cb5d008667fa38b", "node_id": "MDY6Q29tbWl0MjU5Mjg5NzYyOmExZTZiMzRiYjZiMjc4ZDE0MmRhZGFkZTNjYjVkMDA4NjY3ZmEzOGI=", "commit": {"author": {"name": "aevy-syn", "email": "matthieu.barjole+github@synacktiv.com", "date": "2021-02-09T14:41:46Z"}, "committer": {"name": "aevy-syn", "email": "matthieu.barjole+github@synacktiv.com", "date": "2021-02-09T14:42:20Z"}, "message": "Optimizations + removed reliance on the X-Debug-Token header", "tree": {"sha": "732ffe36e5509125333afbdc036cf74549db47a6", "url": "https://api.github.com/repos/synacktiv/eos/git/trees/732ffe36e5509125333afbdc036cf74549db47a6"}, "url": "https://api.github.com/repos/synacktiv/eos/git/commits/a1e6b34bb6b278d142dadade3cb5d008667fa38b", "comment_count": 0, "verification": {"verified": false, "reason": "unsigned", "signature": null, "payload": null}}, "url": "https://api.github.com/repos/synacktiv/eos/commits/a1e6b34bb6b278d142dadade3cb5d008667fa38b", "html_url": "https://github.com/synacktiv/eos/commit/a1e6b34bb6b278d142dadade3cb5d008667fa38b", "comments_url": "https://api.github.com/repos/synacktiv/eos/commits/a1e6b34bb6b278d142dadade3cb5d008667fa38b/comments", "author": {"login": "aevy-syn", "id": 50951297, "node_id": "MDQ6VXNlcjUwOTUxMjk3", "avatar_url": "https://avatars.githubusercontent.com/u/50951297?v=4", "gravatar_id": "", "url": "https://api.github.com/users/aevy-syn", "html_url": "https://github.com/aevy-syn", "followers_url": "https://api.github.com/users/aevy-syn/followers", "following_url": "https://api.github.com/users/aevy-syn/following{/other_user}", "gists_url": "https://api.github.com/users/aevy-syn/gists{/gist_id}", "starred_url": "https://api.github.com/users/aevy-syn/starred{/owner}{/repo}", "subscriptions_url": "https://api.github.com/users/aevy-syn/subscriptions", "organizations_url": "https://api.github.com/users/aevy-syn/orgs", "repos_url": "https://api.github.com/users/aevy-syn/repos", "events_url": "https://api.github.com/users/aevy-syn/events{/privacy}", "received_events_url": "https://api.github.com/users/aevy-syn/received_events", "type": "User", "site_admin": false}, "committer": {"login": "aevy-syn", "id": 50951297, "node_id": "MDQ6VXNlcjUwOTUxMjk3", "avatar_url": "https://avatars.githubusercontent.com/u/50951297?v=4", "gravatar_id": "", "url": "https://api.github.com/users/aevy-syn", "html_url": "https://github.com/aevy-syn", "followers_url": "https://api.github.com/users/aevy-syn/followers", "following_url": "https://api.github.com/users/aevy-syn/following{/other_user}", "gists_url": "https://api.github.com/users/aevy-syn/gists{/gist_id}", "starred_url": "https://api.github.com/users/aevy-syn/starred{/owner}{/repo}", "subscriptions_url": "https://api.github.com/users/aevy-syn/subscriptions", "organizations_url": "https://api.github.com/users/aevy-syn/orgs", "repos_url": "https://api.github.com/users/aevy-syn/repos", "events_url": "https://api.github.com/users/aevy-syn/events{/privacy}", "received_events_url": "https://api.github.com/users/aevy-syn/received_events", "type": "User", "site_admin": false}, "parents": [{"sha": "7b85ee17a866cc975ce0c25d10eb56a17fc7c4be", "url": "https://api.github.com/repos/synacktiv/eos/commits/7b85ee17a866cc975ce0c25d10eb56a17fc7c4be", "html_url": "https://github.com/synacktiv/eos/commit/7b85ee17a866cc975ce0c25d10eb56a17fc7c4be"}]}, {"sha": "7b85ee17a866cc975ce0c25d10eb56a17fc7c4be", "node_id": "MDY6Q29tbWl0MjU5Mjg5NzYyOjdiODVlZTE3YTg2NmNjOTc1Y2UwYzI1ZDEwZWI1NmExN2ZjN2M0YmU=", "commit": {"author": {"name": "aevy-syn", "email": "matthieu.barjole+github@synacktiv.com", "date": "2020-07-09T12:41:00Z"}, "committer": {"name": "aevy-syn", "email": "matthieu.barjole+github@synacktiv.com", "date": "2020-07-09T12:41:00Z"}, "message": "Fixed requirements", "tree": {"sha": "54b489c7fb1ce7788df365cfe904dff7bd390b27", "url": "https://api.github.com/repos/synacktiv/eos/git/trees/54b489c7fb1ce7788df365cfe904dff7bd390b27"}, "url": "https://api.github.com/repos/synacktiv/eos/git/commits/7b85ee17a866cc975ce0c25d10eb56a17fc7c4be", "comment_count": 0, "verification": {"verified": false, "reason": "unsigned", "signature": null, "payload": null}}, "url": "https://api.github.com/repos/synacktiv/eos/commits/7b85ee17a866cc975ce0c25d10eb56a17fc7c4be", "html_url": "https://github.com/synacktiv/eos/commit/7b85ee17a866cc975ce0c25d10eb56a17fc7c4be", "comments_url": "https://api.github.com/repos/synacktiv/eos/commits/7b85ee17a866cc975ce0c25d10eb56a17fc7c4be/comments", "author": {"login": "aevy-syn", "id": 50951297, "node_id": "MDQ6VXNlcjUwOTUxMjk3", "avatar_url": "https://avatars.githubusercontent.com/u/50951297?v=4", "gravatar_id": "", "url": "https://api.github.com/users/aevy-syn", "html_url": "https://github.com/aevy-syn", "followers_url": "https://api.github.com/users/aevy-syn/followers", "following_url": "https://api.github.com/users/aevy-syn/following{/other_user}", "gists_url": "https://api.github.com/users/aevy-syn/gists{/gist_id}", "starred_url": "https://api.github.com/users/aevy-syn/starred{/owner}{/repo}", "subscriptions_url": "https://api.github.com/users/aevy-syn/subscriptions", "organizations_url": "https://api.github.com/users/aevy-syn/orgs", "repos_url": "https://api.github.com/users/aevy-syn/repos", "events_url": "https://api.github.com/users/aevy-syn/events{/privacy}", "received_events_url": "https://api.github.com/users/aevy-syn/received_events", "type": "User", "site_admin": false}, "committer": {"login": "aevy-syn", "id": 50951297, "node_id": "MDQ6VXNlcjUwOTUxMjk3", "avatar_url": "https://avatars.githubusercontent.com/u/50951297?v=4", "gravatar_id": "", "url": "https://api.github.com/users/aevy-syn", "html_url": "https://github.com/aevy-syn", "followers_url": "https://api.github.com/users/aevy-syn/followers", "following_url": "https://api.github.com/users/aevy-syn/following{/other_user}", "gists_url": "https://api.github.com/users/aevy-syn/gists{/gist_id}", "starred_url": "https://api.github.com/users/aevy-syn/starred{/owner}{/repo}", "subscriptions_url": "https://api.github.com/users/aevy-syn/subscriptions", "organizations_url": "https://api.github.com/users/aevy-syn/orgs", "repos_url": "https://api.github.com/users/aevy-syn/repos", "events_url": "https://api.github.com/users/aevy-syn/events{/privacy}", "received_events_url": "https://api.github.com/users/aevy-syn/received_events", "type": "User", "site_admin": false}, "parents": [{"sha": "016e32f2355b6d99384f6d71731ffecb7825be1b", "url": "https://api.github.com/repos/synacktiv/eos/commits/016e32f2355b6d99384f6d71731ffecb7825be1b", "html_url": "https://github.com/synacktiv/eos/commit/016e32f2355b6d99384f6d71731ffecb7825be1b"}]}, {"sha": "016e32f2355b6d99384f6d71731ffecb7825be1b", "node_id": "MDY6Q29tbWl0MjU5Mjg5NzYyOjAxNmUzMmYyMzU1YjZkOTkzODRmNmQ3MTczMWZmZWNiNzgyNWJlMWI=", "commit": {"author": {"name": "aevy-syn", "email": "matthieu.barjole+github@synacktiv.com", "date": "2020-06-26T12:01:29Z"}, "committer": {"name": "aevy-syn", "email": "matthieu.barjole+github@synacktiv.com", "date": "2020-06-26T12:01:29Z"}, "message": "Fixed csv/xml parsers issues", "tree": {"sha": "c9b8cad5213ca0b8cc30fd125868e6aa21d8125a", "url": "https://api.github.com/repos/synacktiv/eos/git/trees/c9b8cad5213ca0b8cc30fd125868e6aa21d8125a"}, "url": "https://api.github.com/repos/synacktiv/eos/git/commits/016e32f2355b6d99384f6d71731ffecb7825be1b", "comment_count": 0, "verification": {"verified": false, "reason": "unsigned", "signature": null, "payload": null}}, "url": "https://api.github.com/repos/synacktiv/eos/commits/016e32f2355b6d99384f6d71731ffecb7825be1b", "html_url": "https://github.com/synacktiv/eos/commit/016e32f2355b6d99384f6d71731ffecb7825be1b", "comments_url": "https://api.github.com/repos/synacktiv/eos/commits/016e32f2355b6d99384f6d71731ffecb7825be1b/comments", "author": {"login": "aevy-syn", "id": 50951297, "node_id": "MDQ6VXNlcjUwOTUxMjk3", "avatar_url": "https://avatars.githubusercontent.com/u/50951297?v=4", "gravatar_id": "", "url": "https://api.github.com/users/aevy-syn", "html_url": "https://github.com/aevy-syn", "followers_url": "https://api.github.com/users/aevy-syn/followers", "following_url": "https://api.github.com/users/aevy-syn/following{/other_user}", "gists_url": "https://api.github.com/users/aevy-syn/gists{/gist_id}", "starred_url": "https://api.github.com/users/aevy-syn/starred{/owner}{/repo}", "subscriptions_url": "https://api.github.com/users/aevy-syn/subscriptions", "organizations_url": "https://api.github.com/users/aevy-syn/orgs", "repos_url": "https://api.github.com/users/aevy-syn/repos", "events_url": "https://api.github.com/users/aevy-syn/events{/privacy}", "received_events_url": "https://api.github.com/users/aevy-syn/received_events", "type": "User", "site_admin": false}, "committer": {"login": "aevy-syn", "id": 50951297, "node_id": "MDQ6VXNlcjUwOTUxMjk3", "avatar_url": "https://avatars.githubusercontent.com/u/50951297?v=4", "gravatar_id": "", "url": "https://api.github.com/users/aevy-syn", "html_url": "https://github.com/aevy-syn", "followers_url": "https://api.github.com/users/aevy-syn/followers", "following_url": "https://api.github.com/users/aevy-syn/following{/other_user}", "gists_url": "https://api.github.com/users/aevy-syn/gists{/gist_id}", "starred_url": "https://api.github.com/users/aevy-syn/starred{/owner}{/repo}", "subscriptions_url": "https://api.github.com/users/aevy-syn/subscriptions", "organizations_url": "https://api.github.com/users/aevy-syn/orgs", "repos_url": "https://api.github.com/users/aevy-syn/repos", "events_url": "https://api.github.com/users/aevy-syn/events{/privacy}", "received_events_url": "https://api.github.com/users/aevy-syn/received_events", "type": "User", "site_admin": false}, "parents": [{"sha": "ac9596f942aaf733ebafd9eef94617710ac18864", "url": "https://api.github.com/repos/synacktiv/eos/commits/ac9596f942aaf733ebafd9eef94617710ac18864", "html_url": "https://github.com/synacktiv/eos/commit/ac9596f942aaf733ebafd9eef94617710ac18864"}]}, {"sha": "ac9596f942aaf733ebafd9eef94617710ac18864", "node_id": "MDY6Q29tbWl0MjU5Mjg5NzYyOmFjOTU5NmY5NDJhYWY3MzNlYmFmZDllZWY5NDYxNzcxMGFjMTg4NjQ=", "commit": {"author": {"name": "aevy-syn", "email": "matthieu.barjole+github@synacktiv.com", "date": "2020-06-17T09:12:18Z"}, "committer": {"name": "aevy-syn", "email": "matthieu.barjole+github@synacktiv.com", "date": "2020-06-17T09:13:00Z"}, "message": "Replaced lxml by defusedxml for a safer pwn (thanks @punkeel)", "tree": {"sha": "463e200bb0952df96d2342ac573f206abfb0c489", "url": "https://api.github.com/repos/synacktiv/eos/git/trees/463e200bb0952df96d2342ac573f206abfb0c489"}, "url": "https://api.github.com/repos/synacktiv/eos/git/commits/ac9596f942aaf733ebafd9eef94617710ac18864", "comment_count": 0, "verification": {"verified": false, "reason": "unsigned", "signature": null, "payload": null}}, "url": "https://api.github.com/repos/synacktiv/eos/commits/ac9596f942aaf733ebafd9eef94617710ac18864", "html_url": "https://github.com/synacktiv/eos/commit/ac9596f942aaf733ebafd9eef94617710ac18864", "comments_url": "https://api.github.com/repos/synacktiv/eos/commits/ac9596f942aaf733ebafd9eef94617710ac18864/comments", "author": {"login": "aevy-syn", "id": 50951297, "node_id": "MDQ6VXNlcjUwOTUxMjk3", "avatar_url": "https://avatars.githubusercontent.com/u/50951297?v=4", "gravatar_id": "", "url": "https://api.github.com/users/aevy-syn", "html_url": "https://github.com/aevy-syn", "followers_url": "https://api.github.com/users/aevy-syn/followers", "following_url": "https://api.github.com/users/aevy-syn/following{/other_user}", "gists_url": "https://api.github.com/users/aevy-syn/gists{/gist_id}", "starred_url": "https://api.github.com/users/aevy-syn/starred{/owner}{/repo}", "subscriptions_url": "https://api.github.com/users/aevy-syn/subscriptions", "organizations_url": "https://api.github.com/users/aevy-syn/orgs", "repos_url": "https://api.github.com/users/aevy-syn/repos", "events_url": "https://api.github.com/users/aevy-syn/events{/privacy}", "received_events_url": "https://api.github.com/users/aevy-syn/received_events", "type": "User", "site_admin": false}, "committer": {"login": "aevy-syn", "id": 50951297, "node_id": "MDQ6VXNlcjUwOTUxMjk3", "avatar_url": "https://avatars.githubusercontent.com/u/50951297?v=4", "gravatar_id": "", "url": "https://api.github.com/users/aevy-syn", "html_url": "https://github.com/aevy-syn", "followers_url": "https://api.github.com/users/aevy-syn/followers", "following_url": "https://api.github.com/users/aevy-syn/following{/other_user}", "gists_url": "https://api.github.com/users/aevy-syn/gists{/gist_id}", "starred_url": "https://api.github.com/users/aevy-syn/starred{/owner}{/repo}", "subscriptions_url": "https://api.github.com/users/aevy-syn/subscriptions", "organizations_url": "https://api.github.com/users/aevy-syn/orgs", "repos_url": "https://api.github.com/users/aevy-syn/repos", "events_url": "https://api.github.com/users/aevy-syn/events{/privacy}", "received_events_url": "https://api.github.com/users/aevy-syn/received_events", "type": "User", "site_admin": false}, "parents": [{"sha": "3d69cac440fb5f6c7cf71ea508cd563a7e1bf988", "url": "https://api.github.com/repos/synacktiv/eos/commits/3d69cac440fb5f6c7cf71ea508cd563a7e1bf988", "html_url": "https://github.com/synacktiv/eos/commit/3d69cac440fb5f6c7cf71ea508cd563a7e1bf988"}]}, {"sha": "3d69cac440fb5f6c7cf71ea508cd563a7e1bf988", "node_id": "MDY6Q29tbWl0MjU5Mjg5NzYyOjNkNjljYWM0NDBmYjVmNmM3Y2Y3MWVhNTA4Y2Q1NjNhN2UxYmY5ODg=", "commit": {"author": {"name": "aevy-syn", "email": "matthieu.barjole+github@synacktiv.com", "date": "2020-05-15T16:32:19Z"}, "committer": {"name": "aevy-syn", "email": "matthieu.barjole+github@synacktiv.com", "date": "2020-05-15T16:32:19Z"}, "message": "Fixed insecure argument error in cookies subparser", "tree": {"sha": "6b6d95dcbdec8bd19cfc9e464e95330db767e88c", "url": "https://api.github.com/repos/synacktiv/eos/git/trees/6b6d95dcbdec8bd19cfc9e464e95330db767e88c"}, "url": "https://api.github.com/repos/synacktiv/eos/git/commits/3d69cac440fb5f6c7cf71ea508cd563a7e1bf988", "comment_count": 0, "verification": {"verified": false, "reason": "unsigned", "signature": null, "payload": null}}, "url": "https://api.github.com/repos/synacktiv/eos/commits/3d69cac440fb5f6c7cf71ea508cd563a7e1bf988", "html_url": "https://github.com/synacktiv/eos/commit/3d69cac440fb5f6c7cf71ea508cd563a7e1bf988", "comments_url": "https://api.github.com/repos/synacktiv/eos/commits/3d69cac440fb5f6c7cf71ea508cd563a7e1bf988/comments", "author": {"login": "aevy-syn", "id": 50951297, "node_id": "MDQ6VXNlcjUwOTUxMjk3", "avatar_url": "https://avatars.githubusercontent.com/u/50951297?v=4", "gravatar_id": "", "url": "https://api.github.com/users/aevy-syn", "html_url": "https://github.com/aevy-syn", "followers_url": "https://api.github.com/users/aevy-syn/followers", "following_url": "https://api.github.com/users/aevy-syn/following{/other_user}", "gists_url": "https://api.github.com/users/aevy-syn/gists{/gist_id}", "starred_url": "https://api.github.com/users/aevy-syn/starred{/owner}{/repo}", "subscriptions_url": "https://api.github.com/users/aevy-syn/subscriptions", "organizations_url": "https://api.github.com/users/aevy-syn/orgs", "repos_url": "https://api.github.com/users/aevy-syn/repos", "events_url": "https://api.github.com/users/aevy-syn/events{/privacy}", "received_events_url": "https://api.github.com/users/aevy-syn/received_events", "type": "User", "site_admin": false}, "committer": {"login": "aevy-syn", "id": 50951297, "node_id": "MDQ6VXNlcjUwOTUxMjk3", "avatar_url": "https://avatars.githubusercontent.com/u/50951297?v=4", "gravatar_id": "", "url": "https://api.github.com/users/aevy-syn", "html_url": "https://github.com/aevy-syn", "followers_url": "https://api.github.com/users/aevy-syn/followers", "following_url": "https://api.github.com/users/aevy-syn/following{/other_user}", "gists_url": "https://api.github.com/users/aevy-syn/gists{/gist_id}", "starred_url": "https://api.github.com/users/aevy-syn/starred{/owner}{/repo}", "subscriptions_url": "https://api.github.com/users/aevy-syn/subscriptions", "organizations_url": "https://api.github.com/users/aevy-syn/orgs", "repos_url": "https://api.github.com/users/aevy-syn/repos", "events_url": "https://api.github.com/users/aevy-syn/events{/privacy}", "received_events_url": "https://api.github.com/users/aevy-syn/received_events", "type": "User", "site_admin": false}, "parents": [{"sha": "d8393df1e942c9b8744553a7dd5b0fc7d6267f90", "url": "https://api.github.com/repos/synacktiv/eos/commits/d8393df1e942c9b8744553a7dd5b0fc7d6267f90", "html_url": "https://github.com/synacktiv/eos/commit/d8393df1e942c9b8744553a7dd5b0fc7d6267f90"}]}, {"sha": "d8393df1e942c9b8744553a7dd5b0fc7d6267f90", "node_id": "MDY6Q29tbWl0MjU5Mjg5NzYyOmQ4MzkzZGYxZTk0MmM5Yjg3NDQ1NTNhN2RkNWIwZmM3ZDYyNjdmOTA=", "commit": {"author": {"name": "aevy-syn", "email": "matthieu.barjole+github@synacktiv.com", "date": "2020-04-29T10:09:11Z"}, "committer": {"name": "aevy-syn", "email": "matthieu.barjole+github@synacktiv.com", "date": "2020-04-29T10:09:11Z"}, "message": "Clarifications and credits to Symfony", "tree": {"sha": "82e2eb4bf4a7cef43fae619ef4b907fc51476edd", "url": "https://api.github.com/repos/synacktiv/eos/git/trees/82e2eb4bf4a7cef43fae619ef4b907fc51476edd"}, "url": "https://api.github.com/repos/synacktiv/eos/git/commits/d8393df1e942c9b8744553a7dd5b0fc7d6267f90", "comment_count": 0, "verification": {"verified": false, "reason": "unsigned", "signature": null, "payload": null}}, "url": "https://api.github.com/repos/synacktiv/eos/commits/d8393df1e942c9b8744553a7dd5b0fc7d6267f90", "html_url": "https://github.com/synacktiv/eos/commit/d8393df1e942c9b8744553a7dd5b0fc7d6267f90", "comments_url": "https://api.github.com/repos/synacktiv/eos/commits/d8393df1e942c9b8744553a7dd5b0fc7d6267f90/comments", "author": {"login": "aevy-syn", "id": 50951297, "node_id": "MDQ6VXNlcjUwOTUxMjk3", "avatar_url": "https://avatars.githubusercontent.com/u/50951297?v=4", "gravatar_id": "", "url": "https://api.github.com/users/aevy-syn", "html_url": "https://github.com/aevy-syn", "followers_url": "https://api.github.com/users/aevy-syn/followers", "following_url": "https://api.github.com/users/aevy-syn/following{/other_user}", "gists_url": "https://api.github.com/users/aevy-syn/gists{/gist_id}", "starred_url": "https://api.github.com/users/aevy-syn/starred{/owner}{/repo}", "subscriptions_url": "https://api.github.com/users/aevy-syn/subscriptions", "organizations_url": "https://api.github.com/users/aevy-syn/orgs", "repos_url": "https://api.github.com/users/aevy-syn/repos", "events_url": "https://api.github.com/users/aevy-syn/events{/privacy}", "received_events_url": "https://api.github.com/users/aevy-syn/received_events", "type": "User", "site_admin": false}, "committer": {"login": "aevy-syn", "id": 50951297, "node_id": "MDQ6VXNlcjUwOTUxMjk3", "avatar_url": "https://avatars.githubusercontent.com/u/50951297?v=4", "gravatar_id": "", "url": "https://api.github.com/users/aevy-syn", "html_url": "https://github.com/aevy-syn", "followers_url": "https://api.github.com/users/aevy-syn/followers", "following_url": "https://api.github.com/users/aevy-syn/following{/other_user}", "gists_url": "https://api.github.com/users/aevy-syn/gists{/gist_id}", "starred_url": "https://api.github.com/users/aevy-syn/starred{/owner}{/repo}", "subscriptions_url": "https://api.github.com/users/aevy-syn/subscriptions", "organizations_url": "https://api.github.com/users/aevy-syn/orgs", "repos_url": "https://api.github.com/users/aevy-syn/repos", "events_url": "https://api.github.com/users/aevy-syn/events{/privacy}", "received_events_url": "https://api.github.com/users/aevy-syn/received_events", "type": "User", "site_admin": false}, "parents": [{"sha": "0cb6b02acc8f4c286c7e59e8db2d8ee4d05cd339", "url": "https://api.github.com/repos/synacktiv/eos/commits/0cb6b02acc8f4c286c7e59e8db2d8ee4d05cd339", "html_url": "https://github.com/synacktiv/eos/commit/0cb6b02acc8f4c286c7e59e8db2d8ee4d05cd339"}]}, {"sha": "0cb6b02acc8f4c286c7e59e8db2d8ee4d05cd339", "node_id": "MDY6Q29tbWl0MjU5Mjg5NzYyOjBjYjZiMDJhY2M4ZjRjMjg2YzdlNTllOGRiMmQ4ZWU0ZDA1Y2QzMzk=", "commit": {"author": {"name": "aevy-syn", "email": "matthieu.barjole+github@synacktiv.com", "date": "2020-04-29T09:40:29Z"}, "committer": {"name": "aevy-syn", "email": "matthieu.barjole+github@synacktiv.com", "date": "2020-04-29T09:40:29Z"}, "message": "License", "tree": {"sha": "58ce6b6b242bf187b267afb34ba6bf4b9f1b1083", "url": "https://api.github.com/repos/synacktiv/eos/git/trees/58ce6b6b242bf187b267afb34ba6bf4b9f1b1083"}, "url": "https://api.github.com/repos/synacktiv/eos/git/commits/0cb6b02acc8f4c286c7e59e8db2d8ee4d05cd339", "comment_count": 0, "verification": {"verified": false, "reason": "unsigned", "signature": null, "payload": null}}, "url": "https://api.github.com/repos/synacktiv/eos/commits/0cb6b02acc8f4c286c7e59e8db2d8ee4d05cd339", "html_url": "https://github.com/synacktiv/eos/commit/0cb6b02acc8f4c286c7e59e8db2d8ee4d05cd339", "comments_url": "https://api.github.com/repos/synacktiv/eos/commits/0cb6b02acc8f4c286c7e59e8db2d8ee4d05cd339/comments", "author": {"login": "aevy-syn", "id": 50951297, "node_id": "MDQ6VXNlcjUwOTUxMjk3", "avatar_url": "https://avatars.githubusercontent.com/u/50951297?v=4", "gravatar_id": "", "url": "https://api.github.com/users/aevy-syn", "html_url": "https://github.com/aevy-syn", "followers_url": "https://api.github.com/users/aevy-syn/followers", "following_url": "https://api.github.com/users/aevy-syn/following{/other_user}", "gists_url": "https://api.github.com/users/aevy-syn/gists{/gist_id}", "starred_url": "https://api.github.com/users/aevy-syn/starred{/owner}{/repo}", "subscriptions_url": "https://api.github.com/users/aevy-syn/subscriptions", "organizations_url": "https://api.github.com/users/aevy-syn/orgs", "repos_url": "https://api.github.com/users/aevy-syn/repos", "events_url": "https://api.github.com/users/aevy-syn/events{/privacy}", "received_events_url": "https://api.github.com/users/aevy-syn/received_events", "type": "User", "site_admin": false}, "committer": {"login": "aevy-syn", "id": 50951297, "node_id": "MDQ6VXNlcjUwOTUxMjk3", "avatar_url": "https://avatars.githubusercontent.com/u/50951297?v=4", "gravatar_id": "", "url": "https://api.github.com/users/aevy-syn", "html_url": "https://github.com/aevy-syn", "followers_url": "https://api.github.com/users/aevy-syn/followers", "following_url": "https://api.github.com/users/aevy-syn/following{/other_user}", "gists_url": "https://api.github.com/users/aevy-syn/gists{/gist_id}", "starred_url": "https://api.github.com/users/aevy-syn/starred{/owner}{/repo}", "subscriptions_url": "https://api.github.com/users/aevy-syn/subscriptions", "organizations_url": "https://api.github.com/users/aevy-syn/orgs", "repos_url": "https://api.github.com/users/aevy-syn/repos", "events_url": "https://api.github.com/users/aevy-syn/events{/privacy}", "received_events_url": "https://api.github.com/users/aevy-syn/received_events", "type": "User", "site_admin": false}, "parents": [{"sha": "88deb10adb0b1250d575dcd79ad6afc3867d5f8e", "url": "https://api.github.com/repos/synacktiv/eos/commits/88deb10adb0b1250d575dcd79ad6afc3867d5f8e", "html_url": "https://github.com/synacktiv/eos/commit/88deb10adb0b1250d575dcd79ad6afc3867d5f8e"}]}, {"sha": "88deb10adb0b1250d575dcd79ad6afc3867d5f8e", "node_id": "MDY6Q29tbWl0MjU5Mjg5NzYyOjg4ZGViMTBhZGIwYjEyNTBkNTc1ZGNkNzlhZDZhZmMzODY3ZDVmOGU=", "commit": {"author": {"name": "aevy-syn", "email": "aevy-syn", "date": "2020-04-28T22:26:25Z"}, "committer": {"name": "aevy-syn", "email": "aevy-syn", "date": "2020-04-28T22:26:25Z"}, "message": "added cli switch -k to ignore ssl/tls cert validation", "tree": {"sha": "64b44cf5ead0db3b263f45f9bed60cde73f78932", "url": "https://api.github.com/repos/synacktiv/eos/git/trees/64b44cf5ead0db3b263f45f9bed60cde73f78932"}, "url": "https://api.github.com/repos/synacktiv/eos/git/commits/88deb10adb0b1250d575dcd79ad6afc3867d5f8e", "comment_count": 0, "verification": {"verified": false, "reason": "unsigned", "signature": null, "payload": null}}, "url": "https://api.github.com/repos/synacktiv/eos/commits/88deb10adb0b1250d575dcd79ad6afc3867d5f8e", "html_url": "https://github.com/synacktiv/eos/commit/88deb10adb0b1250d575dcd79ad6afc3867d5f8e", "comments_url": "https://api.github.com/repos/synacktiv/eos/commits/88deb10adb0b1250d575dcd79ad6afc3867d5f8e/comments", "author": null, "committer": null, "parents": [{"sha": "b549f7c2a3d70677209a25eeafb2b3669a436bef", "url": "https://api.github.com/repos/synacktiv/eos/commits/b549f7c2a3d70677209a25eeafb2b3669a436bef", "html_url": "https://github.com/synacktiv/eos/commit/b549f7c2a3d70677209a25eeafb2b3669a436bef"}]}, {"sha": "b549f7c2a3d70677209a25eeafb2b3669a436bef", "node_id": "MDY6Q29tbWl0MjU5Mjg5NzYyOmI1NDlmN2MyYTNkNzA2NzcyMDlhMjVlZWFmYjJiMzY2OWE0MzZiZWY=", "commit": {"author": {"name": "aevy-syn", "email": "aevy-syn", "date": "2020-04-27T11:13:04Z"}, "committer": {"name": "aevy-syn", "email": "aevy-syn", "date": "2020-04-27T11:13:04Z"}, "message": "Release", "tree": {"sha": "5f1b0fd6518037a8583837829f719a085416ed2c", "url": "https://api.github.com/repos/synacktiv/eos/git/trees/5f1b0fd6518037a8583837829f719a085416ed2c"}, "url": "https://api.github.com/repos/synacktiv/eos/git/commits/b549f7c2a3d70677209a25eeafb2b3669a436bef", "comment_count": 0, "verification": {"verified": false, "reason": "unsigned", "signature": null, "payload": null}}, "url": "https://api.github.com/repos/synacktiv/eos/commits/b549f7c2a3d70677209a25eeafb2b3669a436bef", "html_url": "https://github.com/synacktiv/eos/commit/b549f7c2a3d70677209a25eeafb2b3669a436bef", "comments_url": "https://api.github.com/repos/synacktiv/eos/commits/b549f7c2a3d70677209a25eeafb2b3669a436bef/comments", "author": null, "committer": null, "parents": []}]