[{"sha": "f95d69187e645a3adb1edd194973d26b14e0afaf", "node_id": "MDY6Q29tbWl0MjE1MDg0NzQ2OmY5NWQ2OTE4N2U2NDVhM2FkYjFlZGQxOTQ5NzNkMjZiMTRlMGFmYWY=", "commit": {"author": {"name": "Joel Margolis", "email": "joel@teknogeek.io", "date": "2019-10-14T16:55:34Z"}, "committer": {"name": "Joel Margolis", "email": "joel@teknogeek.io", "date": "2019-10-14T16:55:34Z"}, "message": "Update README", "tree": {"sha": "a88074a87b61be7feb342912e456414b3b7d45f6", "url": "https://api.github.com/repos/teknogeek/ssrf-sheriff/git/trees/a88074a87b61be7feb342912e456414b3b7d45f6"}, "url": "https://api.github.com/repos/teknogeek/ssrf-sheriff/git/commits/f95d69187e645a3adb1edd194973d26b14e0afaf", "comment_count": 0, "verification": {"verified": false, "reason": "unsigned", "signature": null, "payload": null}}, "url": "https://api.github.com/repos/teknogeek/ssrf-sheriff/commits/f95d69187e645a3adb1edd194973d26b14e0afaf", "html_url": "https://github.com/teknogeek/ssrf-sheriff/commit/f95d69187e645a3adb1edd194973d26b14e0afaf", "comments_url": "https://api.github.com/repos/teknogeek/ssrf-sheriff/commits/f95d69187e645a3adb1edd194973d26b14e0afaf/comments", "author": {"login": "teknogeek", "id": 2267004, "node_id": "MDQ6VXNlcjIyNjcwMDQ=", "avatar_url": "https://avatars.githubusercontent.com/u/2267004?v=4", "gravatar_id": "", "url": "https://api.github.com/users/teknogeek", "html_url": "https://github.com/teknogeek", "followers_url": "https://api.github.com/users/teknogeek/followers", "following_url": "https://api.github.com/users/teknogeek/following{/other_user}", "gists_url": "https://api.github.com/users/teknogeek/gists{/gist_id}", "starred_url": "https://api.github.com/users/teknogeek/starred{/owner}{/repo}", "subscriptions_url": "https://api.github.com/users/teknogeek/subscriptions", "organizations_url": "https://api.github.com/users/teknogeek/orgs", "repos_url": "https://api.github.com/users/teknogeek/repos", "events_url": "https://api.github.com/users/teknogeek/events{/privacy}", "received_events_url": "https://api.github.com/users/teknogeek/received_events", "type": "User", "site_admin": false}, "committer": {"login": "teknogeek", "id": 2267004, "node_id": "MDQ6VXNlcjIyNjcwMDQ=", "avatar_url": "https://avatars.githubusercontent.com/u/2267004?v=4", "gravatar_id": "", "url": "https://api.github.com/users/teknogeek", "html_url": "https://github.com/teknogeek", "followers_url": "https://api.github.com/users/teknogeek/followers", "following_url": "https://api.github.com/users/teknogeek/following{/other_user}", "gists_url": "https://api.github.com/users/teknogeek/gists{/gist_id}", "starred_url": "https://api.github.com/users/teknogeek/starred{/owner}{/repo}", "subscriptions_url": "https://api.github.com/users/teknogeek/subscriptions", "organizations_url": "https://api.github.com/users/teknogeek/orgs", "repos_url": "https://api.github.com/users/teknogeek/repos", "events_url": "https://api.github.com/users/teknogeek/events{/privacy}", "received_events_url": "https://api.github.com/users/teknogeek/received_events", "type": "User", "site_admin": false}, "parents": [{"sha": "bb3ccc5f0f5138c0fe1da4e10f681b5bd870b1ea", "url": "https://api.github.com/repos/teknogeek/ssrf-sheriff/commits/bb3ccc5f0f5138c0fe1da4e10f681b5bd870b1ea", "html_url": "https://github.com/teknogeek/ssrf-sheriff/commit/bb3ccc5f0f5138c0fe1da4e10f681b5bd870b1ea"}]}, {"sha": "bb3ccc5f0f5138c0fe1da4e10f681b5bd870b1ea", "node_id": "MDY6Q29tbWl0MjE1MDg0NzQ2OmJiM2NjYzVmMGY1MTM4YzBmZTFkYTRlMTBmNjgxYjViZDg3MGIxZWE=", "commit": {"author": {"name": "Joel Margolis", "email": "joel@teknogeek.io", "date": "2019-10-14T16:47:14Z"}, "committer": {"name": "Joel Margolis", "email": "joel@teknogeek.io", "date": "2019-10-14T16:47:14Z"}, "message": "Initial commit", "tree": {"sha": "b59f3b1a9b7a64ae2e9d58d1b0103b267a555b40", "url": "https://api.github.com/repos/teknogeek/ssrf-sheriff/git/trees/b59f3b1a9b7a64ae2e9d58d1b0103b267a555b40"}, "url": "https://api.github.com/repos/teknogeek/ssrf-sheriff/git/commits/bb3ccc5f0f5138c0fe1da4e10f681b5bd870b1ea", "comment_count": 0, "verification": {"verified": false, "reason": "unsigned", "signature": null, "payload": null}}, "url": "https://api.github.com/repos/teknogeek/ssrf-sheriff/commits/bb3ccc5f0f5138c0fe1da4e10f681b5bd870b1ea", "html_url": "https://github.com/teknogeek/ssrf-sheriff/commit/bb3ccc5f0f5138c0fe1da4e10f681b5bd870b1ea", "comments_url": "https://api.github.com/repos/teknogeek/ssrf-sheriff/commits/bb3ccc5f0f5138c0fe1da4e10f681b5bd870b1ea/comments", "author": {"login": "teknogeek", "id": 2267004, "node_id": "MDQ6VXNlcjIyNjcwMDQ=", "avatar_url": "https://avatars.githubusercontent.com/u/2267004?v=4", "gravatar_id": "", "url": "https://api.github.com/users/teknogeek", "html_url": "https://github.com/teknogeek", "followers_url": "https://api.github.com/users/teknogeek/followers", "following_url": "https://api.github.com/users/teknogeek/following{/other_user}", "gists_url": "https://api.github.com/users/teknogeek/gists{/gist_id}", "starred_url": "https://api.github.com/users/teknogeek/starred{/owner}{/repo}", "subscriptions_url": "https://api.github.com/users/teknogeek/subscriptions", "organizations_url": "https://api.github.com/users/teknogeek/orgs", "repos_url": "https://api.github.com/users/teknogeek/repos", "events_url": "https://api.github.com/users/teknogeek/events{/privacy}", "received_events_url": "https://api.github.com/users/teknogeek/received_events", "type": "User", "site_admin": false}, "committer": {"login": "teknogeek", "id": 2267004, "node_id": "MDQ6VXNlcjIyNjcwMDQ=", "avatar_url": "https://avatars.githubusercontent.com/u/2267004?v=4", "gravatar_id": "", "url": "https://api.github.com/users/teknogeek", "html_url": "https://github.com/teknogeek", "followers_url": "https://api.github.com/users/teknogeek/followers", "following_url": "https://api.github.com/users/teknogeek/following{/other_user}", "gists_url": "https://api.github.com/users/teknogeek/gists{/gist_id}", "starred_url": "https://api.github.com/users/teknogeek/starred{/owner}{/repo}", "subscriptions_url": "https://api.github.com/users/teknogeek/subscriptions", "organizations_url": "https://api.github.com/users/teknogeek/orgs", "repos_url": "https://api.github.com/users/teknogeek/repos", "events_url": "https://api.github.com/users/teknogeek/events{/privacy}", "received_events_url": "https://api.github.com/users/teknogeek/received_events", "type": "User", "site_admin": false}, "parents": []}]